Side,Structure,Monolith,Lift,Collated,Name,Actual Start,Actual End,Duration in days,Actual Quantity,Design Quantity,Number of Pours,Days before next lift,Activity Type,Revision Process,,,RFC Number,,,,,,,,,,,,,,,,,,,,
A,LW,M01,F02b,ALWM01F02b,ALWM01F02b,06/30/2012,07/11/2012,12,720,827,2,0,Construct,.,,,,,,,,,,,,,,,,,,,,,,,
A,LW,M01,F02a,ALWM01F02a,ALWM01F02a,07/11/2012,07/11/2012,1,357,380,1,6,Construct,,,,,,,,,,,,,,,,,,,,,,,,
A,LW,M01,F01b,ALWM01F01b,ALWM01F01b,07/17/2012,03/13/2013,240,658,510,2,-237,Construct,,,,,,,,,,,,,,,,,,,,,,,,
A,LW,M01,F01a,ALWM01F01a,ALWM01F01a,07/19/2012,03/04/2013,229,410,412,2,42,Construct,,,,,,,,,,,,,,,,,,,,,,,,
A,LW,M01,C06a,ALWM01C06a,ALWM01C06a,04/15/2013,04/15/2013,1,72,45,1,0,Construct,,,,,,,,,,,,,,,,,,,,,,,,
A,LW,M01,C06b,ALWM01C06b,ALWM01C06b,04/15/2013,04/15/2013,1,48,59,1,10,Construct,,,,,,,,,,,,,,,,,,,,,,,,
A,LW,M01,C05b,ALWM01C05b,ALWM01C05b,04/25/2013,04/25/2013,1,360,357,1,8,Construct,,,,,,,,,,,,,,,,,,,,,,,,
A,LW,M01,C04b,ALWM01C04b,ALWM01C04b,05/03/2013,05/04/2013,2,508,441,2,2,Construct,,,,,,,,,,,,,,,,,,,,,,,,
A,LW,M01,C05a,ALWM01C05a,ALWM01C05a,05/06/2013,05/06/2013,1,88,70,1,2,Construct,,,,,,,,,,,,,,,,,,,,,,,,
A,LW,M01,C03b,ALWM01C03b,ALWM01C03b,05/08/2013,05/09/2013,2,160,208,2,4,Construct,,,,,,,,,,,,,,,,,,,,,,,,
A,LW,M01,C04a,ALWM01C04a,ALWM01C04a,05/13/2013,05/13/2013,1,88,73,1,8,Construct,,,,,,,,,,,,,,,,,,,,,,,,
A,LW,M01,C03a,ALWM01C03a,ALWM01C03a,05/21/2013,05/21/2013,1,40,33,1,15,Construct,,,,,,,,,,,,,,,,,,,,,,,,
A,LW,M01,C02,ALWM01C02,ALWM01C02,06/05/2013,06/06/2013,2,304,342,2,6,Construct,,,,,,,,,,,,,,,,,,,,,,,,
A,LW,M01,C01,ALWM01C01,ALWM01C01,06/12/2013,06/13/2013,2,1052,1038,2,7,Construct,,,,,,,,,,,,,,,,,,,,,,,,
A,LW,M01,W08,ALWM01W08,ALWM01W08,06/20/2013,06/20/2013,1,208,218,1,7,Construct,,,,,,,,,,,,,,,,,,,,,,,,
A,LW,M01,W07,ALWM01W07,ALWM01W07,06/27/2013,06/28/2013,2,452,432,2,7,Construct,,,,,,,,,,,,,,,,,,,,,,,,
A,LW,M01,W06,ALWM01W06,ALWM01W06,07/05/2013,07/05/2013,1,400,380,1,11,Construct,,,,,,,,,,,,,,,,,,,,,,,,
A,LW,M01,W05,ALWM01W05,ALWM01W05,07/16/2013,07/16/2013,1,357,328,1,6,Construct,,,,,,,,,,,,,,,,,,,,,,,,
A,LW,M01,W04,ALWM01W04,ALWM01W04,07/22/2013,07/22/2013,1,298,276,1,7,Construct,,,,,,,,,,,,,,,,,,,,,,,,
A,LW,M01,W03b,ALWM01W03b,ALWM01W03b,07/29/2013,07/29/2013,1,202,172,1,9,Construct,,,,,,,,,,,,,,,,,,,,,,,,
A,LW,M01,W03a,ALWM01W03a,ALWM01W03a,08/07/2013,08/07/2013,1,146,144,1,6,Construct,,,,,,,,,,,,,,,,,,,,,,,,
A,LW,M01,W02,ALWM01W02,ALWM01W02,08/13/2013,08/13/2013,1,116,111,1,539,Construct,,,,,,,,,,,,,,,,,,,,,,,,
A,LW,M01,W01,ALWM01W01,ALWM01W01,02/03/2015,02/03/2015,1,47,51,1,-1022,Construct,,,,,,,,,,,,,,,,,,,,,,,,
A,LW,M02,F03,ALWM02F03,ALWM02F03,04/17/2012,04/18/2012,2,1134,1000,2,-1,Construct,Code 03.,"Lift ""F02+F03"" will be divided in ""F02"" and ""F03"".    All quantities will be assigned to ""F03"".",Code 03a.,A-P-S-3220-0001,,,,,,,,,,,,,,,,,,,,
A,LW,M02,F02,ALWM02F02,ALWM02F02,04/17/2012,04/18/2012,2,0,0,0,13,Construct,Code 03.,"Lift ""F02+F03"" will be divided in ""F02"" and ""F03"".    All quantities will be assigned to ""F03"".",Code 03a.,A-P-S-3220-0001,,,,,,,,,,,,,,,,,,,,
A,LW,M02,F01,ALWM02F01,ALWM02F01,05/01/2012,02/05/2013,281,629,846,3,-206,Construct,,,,,,,,,,,,,,,,,,,,,,,,
A,LW,M02,C04a,ALWM02C04a,ALWM02C04a,07/14/2012,07/14/2012,1,133,104,1,7,Construct,,,,,,,,,,,,,,,,,,,,,,,,
A,LW,M02,C03a,ALWM02C03a,ALWM02C03a,07/21/2012,07/21/2012,1,118,107,1,228,Construct,,,,,,,,,,,,,,,,,,,,,,,,
A,LW,M02,C04b,ALWM02C04b,ALWM02C04b,03/06/2013,03/07/2013,2,504,484,2,-1,Construct,Code 03.,"Lift ""C04 b&c"" will be divided in ""C04b"" and ""C04c"".    All quantities will be assigned to ""C04b"".",Code 03a.,A-P-S-3221-0002,,,,,,,,,,,,,,,,,,,,
A,LW,M02,C04c,ALWM02C04c,ALWM02C04c,03/06/2013,03/07/2013,2,0,0,0,6,Construct,Code 03.,"Lift ""C04 b&c"" will be divided in ""C04b"" and ""C04c"".    All quantities will be assigned to ""C04b"".",Code 03a.,A-P-S-3221-0002,,,,,,,,,,,,,,,,,,,,
A,LW,M02,C03b,ALWM02C03b,ALWM02C03b,03/13/2013,03/14/2013,2,548,523,2,-1,Construct,Code 03.,"Lift ""C03 b&c"" will be divided in ""C03b"" and ""C03c"".    All quantities will be assigned to ""C03b"".",Code 03a.,A-P-S-3221-0002,,,,,,,,,,,,,,,,,,,,
A,LW,M02,C03c,ALWM02C03c,ALWM02C03c,03/13/2013,03/14/2013,2,0,0,0,5,Construct,Code 03.,"Lift ""C03 b&c"" will be divided in ""C03b"" and ""C03c"".    All quantities will be assigned to ""C03b"".",Code 03a.,A-P-S-3221-0002,,,,,,,,,,,,,,,,,,,,
A,LW,M02,C02,ALWM02C02,ALWM02C02,03/19/2013,03/20/2013,2,316,305,2,3,Construct,,,,,,,,,,,,,,,,,,,,,,,,
A,LW,M02,C01,ALWM02C01,ALWM02C01,03/23/2013,03/23/2013,1,924,955,1,129,Construct,,,,,,,,,,,,,,,,,,,,,,,,
A,LW,M02,W07,ALWM02W07,ALWM02W07,07/30/2013,07/31/2013,2,453,398,2,7,Construct,,,,,,,,,,,,,,,,,,,,,,,,
A,LW,M02,W06,ALWM02W06,ALWM02W06,08/07/2013,08/08/2013,2,338,349,2,7,Construct,,,,,,,,,,,,,,,,,,,,,,,,
A,LW,M02,W05,ALWM02W05,ALWM02W05,08/15/2013,08/15/2013,1,336,300,1,7,Construct,,,,,,,,,,,,,,,,,,,,,,,,
A,LW,M02,W04,ALWM02W04,ALWM02W04,08/22/2013,08/22/2013,1,263,252,1,11,Construct,,,,,,,,,,,,,,,,,,,,,,,,
A,LW,M02,W03b,ALWM02W03b,ALWM02W03b,09/02/2013,09/02/2013,1,167,161,1,7,Construct,,,,,,,,,,,,,,,,,,,,,,,,
A,LW,M02,W03a,ALWM02W03a,ALWM02W03a,09/09/2013,09/09/2013,1,112,145,1,7,Construct,,,,,,,,,,,,,,,,,,,,,,,,
A,LW,M02,W02,ALWM02W02,ALWM02W02,09/16/2013,09/17/2013,2,111,124,2,296,Construct,,,,,,,,,,,,,,,,,,,,,,,,
A,LW,M02,W01,ALWM02W01,ALWM02W01,07/10/2014,07/11/2014,2,80,77,2,-780,Construct,,,,,,,,,,,,,,,,,,,,,,,,
A,LW,M03,F02,ALWM03F02,ALWM03F02,05/22/2012,05/23/2012,2,1056,999,2,9,Construct,,,,,,,,,,,,,,,,,,,,,,,,
A,LW,M03,F01,ALWM03F01,ALWM03F01,06/01/2012,11/17/2012,170,880,817,4,-133,Construct,Code 02.,"Joining lift ""F01"", ""F01 b"" and ""F01 c"", under the name of ""F01"".",Code 02a.,A-P-S-3240-0001,,,,,,,,,,,,,,,,,,,,
A,LW,M03,C04a,ALWM03C04a,ALWM03C04a,07/07/2012,07/07/2012,1,134,103,1,4,Construct,,,,,,,,,,,,,,,,,,,,,,,,
A,LW,M03,C03a,ALWM03C03a,ALWM03C03a,07/11/2012,07/11/2012,1,123,106,1,112,Construct,,,,,,,,,,,,,,,,,,,,,,,,
A,LW,M03,C04b,ALWM03C04b,ALWM03C04b,10/31/2012,11/01/2012,2,200,198,2,11,Construct,,,,,,,,,,,,,,,,,,,,,,,,
A,LW,M03,C03b,ALWM03C03b,ALWM03C03b,11/12/2012,11/12/2012,1,224,206,1,17,Construct,,,,,,,,,,,,,,,,,,,,,,,,
A,LW,M03,C04c,ALWM03C04c,ALWM03C04c,11/29/2012,11/29/2012,1,88,63,1,12,Construct,,,,,,,,,,,,,,,,,,,,,,,,
A,LW,M03,C03c,ALWM03C03c,ALWM03C03c,12/11/2012,12/11/2012,1,80,79,1,7,Construct,,,,,,,,,,,,,,,,,,,,,,,,
A,LW,M03,C02,ALWM03C02,ALWM03C02,12/18/2012,12/18/2012,1,280,283,1,9,Construct,,,,,,,,,,,,,,,,,,,,,,,,
A,LW,M03,C01,ALWM03C01,ALWM03C01,12/27/2012,12/27/2012,1,948,956,1,48,Construct,,,,,,,,,,,,,,,,,,,,,,,,
A,LW,M03,W07,ALWM03W07,ALWM03W07,02/13/2013,02/13/2013,1,420,399,1,12,Construct,,,,,,,,,,,,,,,,,,,,,,,,
A,LW,M03,W06,ALWM03W06,ALWM03W06,02/25/2013,02/25/2013,1,328,350,1,7,Construct,,,,,,,,,,,,,,,,,,,,,,,,
A,LW,M03,W05,ALWM03W05,ALWM03W05,03/04/2013,03/04/2013,1,328,301,1,14,Construct,,,,,,,,,,,,,,,,,,,,,,,,
A,LW,M03,W04,ALWM03W04,ALWM03W04,03/18/2013,03/18/2013,1,312,252,1,43,Construct,,,,,,,,,,,,,,,,,,,,,,,,
A,LW,M03,W03b,ALWM03W03b,ALWM03W03b,04/30/2013,04/30/2013,1,160,156,1,17,Construct,,,,,,,,,,,,,,,,,,,,,,,,
A,LW,M03,W03a,ALWM03W03a,ALWM03W03a,05/17/2013,05/17/2013,1,148,137,1,134,Construct,,,,,,,,,,,,,,,,,,,,,,,,
A,LW,M03,W02,ALWM03W02,ALWM03W02,09/28/2013,09/29/2013,2,131,114,2,499,Construct,,,,,,,,,,,,,,,,,,,,,,,,
A,LW,M03,W01,ALWM03W01,ALWM03W01,02/10/2015,02/10/2015,1,80,74,1,-1034,Construct,,,,,,,,,,,,,,,,,,,,,,,,
A,LW,M04,F02,ALWM04F02,ALWM04F02,04/12/2012,04/13/2012,2,624,611,2,11,Construct,,,,,,,,,,,,,,,,,,,,,,,,
A,LW,M04,F01,ALWM04F01,ALWM04F01,04/24/2012,10/17/2012,177,576,503,5,-116,Construct,Code 02.,"Joining lift ""F01"", ""F01 a"", ""F01 b"" and ""F01 c"", under the name of ""F01"".",Code 02a.,A-P-S-3260-0001,,,,,,,,,,,,,,,,,,,,
A,LW,M04,C04a,ALWM04C04a,ALWM04C04a,06/23/2012,06/23/2012,1,68,63,1,6,Construct,,,,,,,,,,,,,,,,,,,,,,,,
A,LW,M04,C04b,ALWM04C04b,ALWM04C04b,06/29/2012,06/29/2012,1,141,133,1,5,Construct,,,,,,,,,,,,,,,,,,,,,,,,
A,LW,M04,C03b,ALWM04C03b,ALWM04C03b,07/04/2012,07/04/2012,1,136,128,1,0,Construct,,,,,,,,,,,,,,,,,,,,,,,,
A,LW,M04,C03a,ALWM04C03a,ALWM04C03a,07/04/2012,07/04/2012,1,102,67,1,121,Construct,,,,,,,,,,,,,,,,,,,,,,,,
A,LW,M04,C04c,ALWM04C04c,ALWM04C04c,11/02/2012,11/02/2012,1,48,40,1,6,Construct,,,,,,,,,,,,,,,,,,,,,,,,
A,LW,M04,C03c,ALWM04C03c,ALWM04C03c,11/08/2012,11/08/2012,1,64,49,1,11,Construct,,,,,,,,,,,,,,,,,,,,,,,,
A,LW,M04,C02,ALWM04C02,ALWM04C02,11/19/2012,11/19/2012,1,228,175,1,16,Construct,,,,,,,,,,,,,,,,,,,,,,,,
A,LW,M04,C01,ALWM04C01,ALWM04C01,12/05/2012,12/06/2012,2,576,589,2,88,Construct,,,,,,,,,,,,,,,,,,,,,,,,
A,LW,M04,W07,ALWM04W07,ALWM04W07,03/04/2013,03/05/2013,2,272,251,2,101,Construct,,,,,,,,,,,,,,,,,,,,,,,,
A,LW,M04,W06,ALWM04W06,ALWM04W06,06/14/2013,06/14/2013,1,223,221,1,5,Construct,,,,,,,,,,,,,,,,,,,,,,,,
A,LW,M04,W05,ALWM04W05,ALWM04W05,06/19/2013,06/20/2013,2,200,191,2,6,Construct,,,,,,,,,,,,,,,,,,,,,,,,
A,LW,M04,W04,ALWM04W04,ALWM04W04,06/26/2013,06/27/2013,2,165,161,2,7,Construct,,,,,,,,,,,,,,,,,,,,,,,,
A,LW,M04,W03b,ALWM04W03b,ALWM04W03b,07/04/2013,07/04/2013,1,108,156,1,9,Construct,,,,,,,,,,,,,,,,,,,,,,,,
A,LW,M04,W03a,ALWM04W03a,ALWM04W03a,07/13/2013,07/13/2013,1,87,84,1,9,Construct,,,,,,,,,,,,,,,,,,,,,,,,
A,LW,M04,W02,ALWM04W02,ALWM04W02,07/22/2013,07/22/2013,1,63,65,1,579,Construct,,,,,,,,,,,,,,,,,,,,,,,,
A,LW,M04,W01,ALWM04W01,ALWM04W01,02/21/2015,02/21/2015,1,37,35,1,-648,Construct,,,,,,,,,,,,,,,,,,,,,,,,
A,LW,M05,F03,ALWM05F03,ALWM05F03,05/14/2013,05/16/2013,3,1157,779,4,4,Construct,,,,,,,,,,,,,,,,,,,,,,,,
A,LW,M05,F02,ALWM05F02,ALWM05F02,05/20/2013,05/22/2013,3,966,1057,3,3,Construct,,,,,,,,,,,,,,,,,,,,,,,,
A,LW,M05,F01,ALWM05F01,ALWM05F01,05/25/2013,08/17/2013,85,1072,1130,3,12,Construct,Code 02.,"Joining lift ""F01"", ""F01 c"" and ""F01 a&b"", under the name of ""F01"".",Code 02a.,A-P-S-3280-0001,,,,,,,,,,,,,,,,,,,,
A,LW,M05,C04a,ALWM05C04a,ALWM05C04a,08/29/2013,08/30/2013,2,143,128,2,3,Construct,,,,,,,,,,,,,,,,,,,,,,,,
A,LW,M05,C04c,ALWM05C04c,ALWM05C04c,09/02/2013,09/02/2013,1,64,77,1,1,Construct,,,,,,,,,,,,,,,,,,,,,,,,
A,LW,M05,C03a,ALWM05C03a,ALWM05C03a,09/03/2013,09/04/2013,2,154,162,2,2,Construct,,,,,,,,,,,,,,,,,,,,,,,,
A,LW,M05,C03c,ALWM05C03c,ALWM05C03c,09/06/2013,09/07/2013,2,100,107,2,5,Construct,,,,,,,,,,,,,,,,,,,,,,,,
A,LW,M05,C04b,ALWM05C04b,ALWM05C04b,09/12/2013,09/12/2013,1,256,242,1,6,Construct,,,,,,,,,,,,,,,,,,,,,,,,
A,LW,M05,C03b,ALWM05C03b,ALWM05C03b,09/18/2013,09/18/2013,1,317,281,1,5,Construct,,,,,,,,,,,,,,,,,,,,,,,,
A,LW,M05,C02,ALWM05C02,ALWM05C02,09/23/2013,09/23/2013,1,457,392,1,3,Construct,,,,,,,,,,,,,,,,,,,,,,,,
A,LW,M05,C01,ALWM05C01,ALWM05C01,09/26/2013,09/28/2013,3,1313,1322,3,11,Construct,,,,,,,,,,,,,,,,,,,,,,,,
A,LW,M05,W07,ALWM05W07,ALWM05W07,10/09/2013,10/10/2013,2,579,547,2,16,Construct,,,,,,,,,,,,,,,,,,,,,,,,
A,LW,M05,W06,ALWM05W06,ALWM05W06,10/26/2013,10/26/2013,1,516,483,1,11,Construct,,,,,,,,,,,,,,,,,,,,,,,,
A,LW,M05,W05,ALWM05W05,ALWM05W05,11/06/2013,11/07/2013,2,458,411,2,12,Construct,,,,,,,,,,,,,,,,,,,,,,,,
A,LW,M05,W04,ALWM05W04,ALWM05W04,11/19/2013,11/20/2013,2,328,344,2,13,Construct,,,,,,,,,,,,,,,,,,,,,,,,
A,LW,M05,W03b,ALWM05W03b,ALWM05W03b,12/03/2013,12/03/2013,1,231,221,1,10,Construct,,,,,,,,,,,,,,,,,,,,,,,,
A,LW,M05,W03a,ALWM05W03a,ALWM05W03a,12/13/2013,12/14/2013,2,234,201,2,24,Construct,,,,,,,,,,,,,,,,,,,,,,,,
A,LW,M05,W02,ALWM05W02,ALWM05W02,01/07/2014,01/07/2014,1,208,175,1,417,Construct,,,,,,,,,,,,,,,,,,,,,,,,
A,LW,M05,W01,ALWM05W01,ALWM05W01,02/28/2015,02/28/2015,1,109,100,1,-639,Construct,,,,,,,,,,,,,,,,,,,,,,,,
A,LW,M06,F02,ALWM06F02,ALWM06F02,05/30/2013,05/31/2013,2,580,594,2,4,Construct,,,,,,,,,,,,,,,,,,,,,,,,
A,LW,M06,F01,ALWM06F01,ALWM06F01,06/04/2013,08/23/2013,81,517,491,5,24,Construct,Code 02.,"Joining lift ""F01"", ""F01 a"", ""F01 b"" and ""F01 c"", under the name of ""F01"".",Code 02a.,A-P-S-3300-0001,,,,,,,,,,,,,,,,,,,,
A,LW,M06,C04a,ALWM06C04a,ALWM06C04a,09/16/2013,09/16/2013,1,56,63,1,0,Construct,,,,,,,,,,,,,,,,,,,,,,,,
A,LW,M06,C04c,ALWM06C04c,ALWM06C04c,09/16/2013,09/16/2013,1,48,47,1,3,Construct,,,,,,,,,,,,,,,,,,,,,,,,
A,LW,M06,C03c,ALWM06C03c,ALWM06C03c,09/19/2013,09/19/2013,1,76,49,1,1,Construct,,,,,,,,,,,,,,,,,,,,,,,,
A,LW,M06,C03a,ALWM06C03a,ALWM06C03a,09/20/2013,09/20/2013,1,53,65,1,6,Construct,,,,,,,,,,,,,,,,,,,,,,,,
A,LW,M06,C04b,ALWM06C04b,ALWM06C04b,09/26/2013,09/26/2013,1,144,96,1,7,Construct,,,,,,,,,,,,,,,,,,,,,,,,
A,LW,M06,C03b,ALWM06C03b,ALWM06C03b,10/03/2013,10/03/2013,1,124,113,1,8,Construct,,,,,,,,,,,,,,,,,,,,,,,,
A,LW,M06,C02,ALWM06C02,ALWM06C02,10/11/2013,10/12/2013,2,183,170,2,3,Construct,,,,,,,,,,,,,,,,,,,,,,,,
A,LW,M06,C01,ALWM06C01,ALWM06C01,10/15/2013,10/16/2013,2,603,575,2,29,Construct,,,,,,,,,,,,,,,,,,,,,,,,
A,LW,M06,W07,ALWM06W07,ALWM06W07,11/14/2013,11/15/2013,2,265,233,2,13,Construct,,,,,,,,,,,,,,,,,,,,,,,,
A,LW,M06,W06,ALWM06W06,ALWM06W06,11/28/2013,11/28/2013,1,198,204,1,12,Construct,,,,,,,,,,,,,,,,,,,,,,,,
A,LW,M06,W05,ALWM06W05,ALWM06W05,12/10/2013,12/10/2013,1,187,172,1,20,Construct,,,,,,,,,,,,,,,,,,,,,,,,
A,LW,M06,W04,ALWM06W04,ALWM06W04,12/30/2013,12/30/2013,1,156,141,1,17,Construct,,,,,,,,,,,,,,,,,,,,,,,,
A,LW,M06,W03b,ALWM06W03b,ALWM06W03b,01/16/2014,01/16/2014,1,96,90,1,19,Construct,,,,,,,,,,,,,,,,,,,,,,,,
A,LW,M06,W03a,ALWM06W03a,ALWM06W03a,02/04/2014,02/04/2014,1,104,84,1,32,Construct,,,,,,,,,,,,,,,,,,,,,,,,
A,LW,M06,W02,ALWM06W02,ALWM06W02,03/08/2014,03/08/2014,1,90,77,1,72,Construct,,,,,,,,,,,,,,,,,,,,,,,,
A,LW,M06,W01,ALWM06W01,ALWM06W01,05/19/2014,05/19/2014,1,40,40,1,-201,Construct,,,,,,,,,,,,,,,,,,,,,,,,
A,LW,M07,F02,ALWM07F02,ALWM07F02,10/30/2013,10/31/2013,2,969,965,2,7,Construct,,,,,,,,,,,,,,,,,,,,,,,,
A,LW,M07,F01,ALWM07F01,ALWM07F01,11/07/2013,11/27/2013,21,1037,1026,6,1,Construct,Code 02.,"Joining lift ""F01"", ""F01 a"", ""F01 b"" and ""F01 c"", under the name of ""F01"".",Code 02a.,A-P-S-3320-0001,,,,,,,,,,,,,,,,,,,,
A,LW,M07,C04c,ALWM07C04c,ALWM07C04c,11/28/2013,11/29/2013,2,117,107,2,4,Construct,,,,,,,,,,,,,,,,,,,,,,,,
A,LW,M07,C04a,ALWM07C04a,ALWM07C04a,12/03/2013,12/03/2013,1,152,143,1,3,Construct,,,,,,,,,,,,,,,,,,,,,,,,
A,LW,M07,C03a,ALWM07C03a,ALWM07C03a,12/06/2013,12/06/2013,1,162,148,1,0,Construct,,,,,,,,,,,,,,,,,,,,,,,,
A,LW,M07,C03c,ALWM07C03c,ALWM07C03c,12/06/2013,12/06/2013,1,114,111,1,7,Construct,,,,,,,,,,,,,,,,,,,,,,,,
A,LW,M07,C04b,ALWM07C04b,ALWM07C04b,12/13/2013,12/13/2013,1,238,246,1,7,Construct,,,,,,,,,,,,,,,,,,,,,,,,
A,LW,M07,C03b,ALWM07C03b,ALWM07C03b,12/20/2013,12/20/2013,1,248,253,1,26,Construct,,,,,,,,,,,,,,,,,,,,,,,,
A,LW,M07,C02,ALWM07C02,ALWM07C02,01/15/2014,01/15/2014,1,402,383,1,5,Construct,,,,,,,,,,,,,,,,,,,,,,,,
A,LW,M07,C01,ALWM07C01,ALWM07C01,01/20/2014,01/21/2014,2,1283,1295,2,9,Construct,,,,,,,,,,,,,,,,,,,,,,,,
A,LW,M07,W07,ALWM07W07,ALWM07W07,01/30/2014,01/30/2014,1,515,509,1,26,Construct,,,,,,,,,,,,,,,,,,,,,,,,
A,LW,M07,W06,ALWM07W06,ALWM07W06,02/25/2014,02/25/2014,1,445,441,1,11,Construct,,,,,,,,,,,,,,,,,,,,,,,,
A,LW,M07,W05,ALWM07W05,ALWM07W05,03/08/2014,03/08/2014,1,368,375,1,18,Construct,,,,,,,,,,,,,,,,,,,,,,,,
A,LW,M07,W04,ALWM07W04,ALWM07W04,03/26/2014,03/26/2014,1,306,306,1,14,Construct,,,,,,,,,,,,,,,,,,,,,,,,
A,LW,M07,W03b,ALWM07W03b,ALWM07W03b,04/09/2014,04/10/2014,2,208,203,2,11,Construct,,,,,,,,,,,,,,,,,,,,,,,,
A,LW,M07,W03a,ALWM07W03a,ALWM07W03a,04/21/2014,04/21/2014,1,208,203,1,22,Construct,,,,,,,,,,,,,,,,,,,,,,,,
A,LW,M07,W02,ALWM07W02,ALWM07W02,05/13/2014,05/13/2014,1,184,195,1,28,Construct,,,,,,,,,,,,,,,,,,,,,,,,
A,LW,M07,W01,ALWM07W01,ALWM07W01,06/10/2014,06/11/2014,2,136,148,2,-330,Construct,,,,,,,,,,,,,,,,,,,,,,,,
A,LW,M08,F02,ALWM08F02,ALWM08F02,07/16/2013,07/20/2013,5,1288,1100,4,4,Construct,Code 02.,"Joining lift ""F02 a"" and ""F02 b"", under the name of ""F02"".",Code 02a.,A-P-S-3340-0002,,,,,,,,,,,,,,,,,,,,
A,LW,M08,F01,ALWM08F01,ALWM08F01,07/24/2013,08/22/2013,30,808,805,5,37,Construct,Code 02.,"Joining lift ""F01"", ""F01 a"",  ""F01 b"" and ""F01 c"", under the name of ""F01"".",Code 02a.,A-P-S-3340-0002,,,,,,,,,,,,,,,,,,,,
A,LW,M08,C04c,ALWM08C04c,ALWM08C04c,09/28/2013,09/28/2013,1,86,77,1,5,Construct,,,,,,,,,,,,,,,,,,,,,,,,
A,LW,M08,C03c,ALWM08C03c,ALWM08C03c,10/03/2013,10/03/2013,1,82,80,1,7,Construct,,,,,,,,,,,,,,,,,,,,,,,,
A,LW,M08,C04b,ALWM08C04b,ALWM08C04b,10/10/2013,10/11/2013,2,172,177,2,5,Construct,,,,,,,,,,,,,,,,,,,,,,,,
A,LW,M08,C03b,ALWM08C03b,ALWM08C03b,10/16/2013,10/16/2013,1,192,205,1,10,Construct,,,,,,,,,,,,,,,,,,,,,,,,
A,LW,M08,C04a,ALWM08C04a,ALWM08C04a,10/26/2013,10/26/2013,1,108,103,1,6,Construct,,,,,,,,,,,,,,,,,,,,,,,,
A,LW,M08,C03a,ALWM08C03a,ALWM08C03a,11/01/2013,11/02/2013,2,101,107,2,7,Construct,Code 05.,"Lift ""C03A"" will be renamed as ""C03 a""",Code 05a.,A-P-S-3341-0002,,,,,,,,,,,,,,,,,,,,
A,LW,M08,C02,ALWM08C02,ALWM08C02,11/09/2013,11/09/2013,1,255,277,1,6,Construct,,,,,,,,,,,,,,,,,,,,,,,,
A,LW,M08,C01,ALWM08C01,ALWM08C01,11/15/2013,11/16/2013,2,1033,942,2,11,Construct,,,,,,,,,,,,,,,,,,,,,,,,
A,LW,M08,W07,ALWM08W07,ALWM08W07,11/27/2013,11/28/2013,2,404,384,2,43,Construct,,,,,,,,,,,,,,,,,,,,,,,,
A,LW,M08,W06,ALWM08W06,ALWM08W06,01/10/2014,01/10/2014,1,331,332,1,8,Construct,,,,,,,,,,,,,,,,,,,,,,,,
A,LW,M08,W05,ALWM08W05,ALWM08W05,01/18/2014,01/18/2014,1,302,283,1,11,Construct,,,,,,,,,,,,,,,,,,,,,,,,
A,LW,M08,W04,ALWM08W04,ALWM08W04,01/29/2014,01/29/2014,1,221,234,1,38,Construct,,,,,,,,,,,,,,,,,,,,,,,,
A,LW,M08,W03b,ALWM08W03b,ALWM08W03b,03/08/2014,03/08/2014,1,126,154,1,11,Construct,,,,,,,,,,,,,,,,,,,,,,,,
A,LW,M08,W03a,ALWM08W03a,ALWM08W03a,03/19/2014,03/19/2014,1,192,149,1,14,Construct,,,,,,,,,,,,,,,,,,,,,,,,
A,LW,M08,W02,ALWM08W02,ALWM08W02,04/02/2014,04/02/2014,1,132,139,1,47,Construct,,,,,,,,,,,,,,,,,,,,,,,,
A,LW,M08,W01,ALWM08W01,ALWM08W01,05/19/2014,05/19/2014,1,72,78,1,-769,Construct,,,,,,,,,,,,,,,,,,,,,,,,
A,LW,M09,F02,ALWM09F02,ALWM09F02,04/10/2012,04/11/2012,2,995,999,2,8,Construct,,,,,,,,,,,,,,,,,,,,,,,,
A,LW,M09,F01,ALWM09F01,ALWM09F01,04/19/2012,09/26/2013,526,946,817,6,-492,Construct,Code 02.,"Joining lift ""F01"", ""F01 a"", ""F01 b"" and ""F01 c"", under the name of ""F01"".",Code 02a.,A-P-S-3310-0001,,,,,,,,,,,,,,,,,,,,
A,LW,M09,C04a,ALWM09C04a,ALWM09C04a,05/22/2012,05/22/2012,1,81,81,1,15,Construct,,,,,,,,,,,,,,,,,,,,,,,,
A,LW,M09,C03a,ALWM09C03a,ALWM09C03a,06/06/2012,06/06/2012,1,120,120,1,3,Construct,,,,,,,,,,,,,,,,,,,,,,,,
A,LW,M09,C04c,ALWM09C04c,ALWM09C04c,06/09/2012,06/09/2012,1,94,102,1,4,Construct,,,,,,,,,,,,,,,,,,,,,,,,
A,LW,M09,C03c,ALWM09C03c,ALWM09C03c,06/13/2012,06/14/2012,2,96,96,2,28,Construct,,,,,,,,,,,,,,,,,,,,,,,,
A,LW,M09,C04b,ALWM09C04b,ALWM09C04b,07/12/2012,07/13/2012,2,200,181,2,5,Construct,,,,,,,,,,,,,,,,,,,,,,,,
A,LW,M09,C03b,ALWM09C03b,ALWM09C03b,07/18/2012,07/18/2012,1,184,175,1,19,Construct,,,,,,,,,,,,,,,,,,,,,,,,
A,LW,M09,C02,ALWM09C02,ALWM09C02,08/06/2012,08/06/2012,1,300,283,1,15,Construct,,,,,,,,,,,,,,,,,,,,,,,,
A,LW,M09,C01,ALWM09C01,ALWM09C01,08/21/2012,08/23/2012,3,990,956,3,12,Construct,,,,,,,,,,,,,,,,,,,,,,,,
A,LW,M09,W07,ALWM09W07,ALWM09W07,09/04/2012,09/04/2012,1,408,399,1,13,Construct,,,,,,,,,,,,,,,,,,,,,,,,
A,LW,M09,W06,ALWM09W06,ALWM09W06,09/17/2012,09/17/2012,1,340,350,1,9,Construct,,,,,,,,,,,,,,,,,,,,,,,,
A,LW,M09,W05,ALWM09W05,ALWM09W05,09/26/2012,09/27/2012,2,288,283,2,11,Construct,,,,,,,,,,,,,,,,,,,,,,,,
A,LW,M09,W04,ALWM09W04,ALWM09W04,10/08/2012,10/08/2012,1,280,252,1,21,Construct,,,,,,,,,,,,,,,,,,,,,,,,
A,LW,M09,W03b,ALWM09W03b,ALWM09W03b,10/29/2012,10/29/2012,1,180,160,1,14,Construct,,,,,,,,,,,,,,,,,,,,,,,,
A,LW,M09,W03a,ALWM09W03a,ALWM09W03a,11/12/2012,11/12/2012,1,168,142,1,590,Construct,,,,,,,,,,,,,,,,,,,,,,,,
A,LW,M09,W02,ALWM09W02,ALWM09W02,06/25/2014,06/25/2014,1,120,119,1,23,Construct,,,,,,,,,,,,,,,,,,,,,,,,
A,LW,M09,W01,ALWM09W01,ALWM09W01,07/18/2014,07/18/2014,1,65,78,1,-793,Construct,,,,,,,,,,,,,,,,,,,,,,,,
A,LW,M10,F02,ALWM10F02,ALWM10F02,05/16/2012,05/17/2012,2,1032,999,2,7,Construct,,,,,,,,,,,,,,,,,,,,,,,,
A,LW,M10,F01,ALWM10F01,ALWM10F01,05/24/2012,07/05/2012,43,945,817,5,-23,Construct,Code 02.,"Joining lift ""F01"", ""F01 a"", ""F01 b"" and ""F01 c"", under the name of ""F01"".",Code 02a.,A-P-S-3380-0001,,,,,,,,,,,,,,,,,,,,
A,LW,M10,C04a,ALWM10C04a,ALWM10C04a,06/12/2012,06/12/2012,1,128,128,1,4,Construct,,,,,,,,,,,,,,,,,,,,,,,,
A,LW,M10,C03a,ALWM10C03a,ALWM10C03a,06/16/2012,06/16/2012,1,150,150,1,12,Construct,,,,,,,,,,,,,,,,,,,,,,,,
A,LW,M10,C04c,ALWM10C04c,ALWM10C04c,06/28/2012,06/28/2012,1,76,76,1,2,Construct,,,,,,,,,,,,,,,,,,,,,,,,
A,LW,M10,C03c,ALWM10C03c,ALWM10C03c,06/30/2012,06/30/2012,1,22,22,1,30,Construct,,,,,,,,,,,,,,,,,,,,,,,,
A,LW,M10,C04b,ALWM10C04b,ALWM10C04b,07/30/2012,07/30/2012,1,180,160,1,4,Construct,,,,,,,,,,,,,,,,,,,,,,,,
A,LW,M10,C03b,ALWM10C03b,ALWM10C03b,08/03/2012,08/04/2012,2,198,219,2,11,Construct,,,,,,,,,,,,,,,,,,,,,,,,
A,LW,M10,C02,ALWM10C02,ALWM10C02,08/15/2012,08/15/2012,1,290,283,1,15,Construct,,,,,,,,,,,,,,,,,,,,,,,,
A,LW,M10,C01,ALWM10C01,ALWM10C01,08/30/2012,08/31/2012,2,952,956,2,85,Construct,,,,,,,,,,,,,,,,,,,,,,,,
A,LW,M10,W07,ALWM10W07,ALWM10W07,11/24/2012,11/27/2012,4,464,399,2,7,Construct,,,,,,,,,,,,,,,,,,,,,,,,
A,LW,M10,W06,ALWM10W06,ALWM10W06,12/04/2012,12/05/2012,2,352,350,2,13,Construct,,,,,,,,,,,,,,,,,,,,,,,,
A,LW,M10,W05,ALWM10W05,ALWM10W05,12/18/2012,12/18/2012,1,320,301,1,21,Construct,,,,,,,,,,,,,,,,,,,,,,,,
A,LW,M10,W04,ALWM10W04,ALWM10W04,01/08/2013,01/08/2013,1,264,252,1,10,Construct,,,,,,,,,,,,,,,,,,,,,,,,
A,LW,M10,W03b,ALWM10W03b,ALWM10W03b,01/18/2013,01/18/2013,1,160,160,1,10,Construct,,,,,,,,,,,,,,,,,,,,,,,,
A,LW,M10,W03a,ALWM10W03a,ALWM10W03a,01/28/2013,01/29/2013,2,152,142,2,4,Construct,,,,,,,,,,,,,,,,,,,,,,,,
A,LW,M10,W02,ALWM10W02,ALWM10W02,02/02/2013,02/02/2013,1,116,119,1,735,Construct,,,,,,,,,,,,,,,,,,,,,,,,
A,LW,M10,W01,ALWM10W01,ALWM10W01,02/07/2015,02/07/2015,1,64,63,1,-1020,Construct,,,,,,,,,,,,,,,,,,,,,,,,
A,LW,M11,F02,ALWM11F02,ALWM11F02,04/23/2012,04/23/2012,1,312,312,1,1,Construct,,,,,,,,,,,,,,,,,,,,,,,,
A,LW,M11,F01,ALWM11F01,ALWM11F01,04/24/2012,06/26/2012,64,484,447,4,1,Construct,Code 02.,"Joining lift ""F01"", ""F01 a"" and ""F01 b"", under the name of ""F01"".",Code 02a.,A-P-S-3400-0001,,,,,,,,,,,,,,,,,,,,
A,LW,M11,C04a,ALWM11C04a,ALWM11C04a,06/27/2012,06/27/2012,1,0,0,0,-8,Construct,Code 01.,"A new row was created under the name of ""C04 a"", with 0 quantities and with the dates of the previous lift plus one day.",Code 01a.,A-P-S-3401-0001,,,,,,,,,,,,,,,,,,,,
A,LW,M11,C04c,ALWM11C04c,ALWM11C04c,06/19/2012,06/20/2012,2,94,94,2,2,Construct,,,,,,,,,,,,,,,,,,,,,,,,
A,LW,M11,C03c,ALWM11C03c,ALWM11C03c,06/22/2012,06/23/2012,2,77,77,2,4,Construct,,,,,,,,,,,,,,,,,,,,,,,,
A,LW,M11,C03a,ALWM11C03a,ALWM11C03a,06/27/2012,06/27/2012,1,56,56,1,2,Construct,,,,,,,,,,,,,,,,,,,,,,,,
A,LW,M11,C04b,ALWM11C04b,ALWM11C04b,06/29/2012,06/30/2012,2,104,67,2,4,Construct,,,,,,,,,,,,,,,,,,,,,,,,
A,LW,M11,C03b,ALWM11C03b,ALWM11C03b,07/04/2012,07/04/2012,1,88,34,1,54,Construct,,,,,,,,,,,,,,,,,,,,,,,,
A,LW,M11,C02,ALWM11C02,ALWM11C02,08/27/2012,08/27/2012,1,134,120,1,11,Construct,,,,,,,,,,,,,,,,,,,,,,,,
A,LW,M11,C01,ALWM11C01,ALWM11C01,09/07/2012,09/07/2012,1,385,402,1,13,Construct,,,,,,,,,,,,,,,,,,,,,,,,
A,LW,M11,W07,ALWM11W07,ALWM11W07,09/20/2012,09/20/2012,1,144,172,1,11,Construct,,,,,,,,,,,,,,,,,,,,,,,,
A,LW,M11,W06,ALWM11W06,ALWM11W06,10/01/2012,10/01/2012,1,168,152,1,9,Construct,,,,,,,,,,,,,,,,,,,,,,,,
A,LW,M11,W05,ALWM11W05,ALWM11W05,10/10/2012,10/11/2012,2,128,130,2,7,Construct,,,,,,,,,,,,,,,,,,,,,,,,
A,LW,M11,W04,ALWM11W04,ALWM11W04,10/18/2012,10/18/2012,1,120,109,1,19,Construct,,,,,,,,,,,,,,,,,,,,,,,,
A,LW,M11,W03b,ALWM11W03b,ALWM11W03b,11/06/2012,11/06/2012,1,80,58,1,10,Construct,,,,,,,,,,,,,,,,,,,,,,,,
A,LW,M11,W03a,ALWM11W03a,ALWM11W03a,11/16/2012,11/16/2012,1,56,69,1,17,Construct,,,,,,,,,,,,,,,,,,,,,,,,
A,LW,M11,W02,ALWM11W02,ALWM11W02,12/03/2012,12/03/2012,1,40,45,1,802,Construct,,,,,,,,,,,,,,,,,,,,,,,,
A,LW,M11,W01,ALWM11W01,ALWM11W01,02/13/2015,02/13/2015,1,24,21,1,-977,Construct,,,,,,,,,,,,,,,,,,,,,,,,
A,LW,M12,F02,ALWM12F02,ALWM12F02,06/11/2012,06/12/2012,2,1054,981,2,9,Construct,,,,,,,,,,,,,,,,,,,,,,,,
A,LW,M12,F01,ALWM12F01,ALWM12F01,06/21/2012,09/19/2012,91,976,1067,6,-7,Construct,Code 02.,"Joining lift ""F01"", ""F01 a"", ""F01 c"" and ""F01 b"", under the name of ""F01"".",Code 02a.,A-P-S-3420-0002,,,,,,,,,,,,,,,,,,,,
A,LW,M12,C04a,ALWM12C04a,ALWM12C04a,09/12/2012,09/13/2012,2,192,171,2,11,Construct,,,,,,,,,,,,,,,,,,,,,,,,
A,LW,M12,C03a,ALWM12C03a,ALWM12C03a,09/24/2012,09/24/2012,1,160,160,1,9,Construct,,,,,,,,,,,,,,,,,,,,,,,,
A,LW,M12,C04b,ALWM12C04b,ALWM12C04b,10/03/2012,10/04/2012,2,232,206,2,4,Construct,,,,,,,,,,,,,,,,,,,,,,,,
A,LW,M12,C04c,ALWM12C04c,ALWM12C04c,10/08/2012,10/08/2012,1,232,98,1,4,Construct,,,,,,,,,,,,,,,,,,,,,,,,
A,LW,M12,C03b,ALWM12C03b,ALWM12C03b,10/12/2012,10/13/2012,2,200,200,2,2,Construct,,,,,,,,,,,,,,,,,,,,,,,,
A,LW,M12,C03c,ALWM12C03c,ALWM12C03c,10/15/2012,10/16/2012,2,160,148,2,16,Construct,,,,,,,,,,,,,,,,,,,,,,,,
A,LW,M12,C02,ALWM12C02,ALWM12C02,11/01/2012,11/01/2012,1,340,314,1,11,Construct,,,,,,,,,,,,,,,,,,,,,,,,
A,LW,M12,C01,ALWM12C01,ALWM12C01,11/12/2012,11/13/2012,2,1060,1033,2,27,Construct,,,,,,,,,,,,,,,,,,,,,,,,
A,LW,M12,W07,ALWM12W07,ALWM12W07,12/10/2012,12/10/2012,1,392,399,1,30,Construct,,,,,,,,,,,,,,,,,,,,,,,,
A,LW,M12,W06,ALWM12W06,ALWM12W06,01/09/2013,01/09/2013,1,364,352,1,12,Construct,,,,,,,,,,,,,,,,,,,,,,,,
A,LW,M12,W05,ALWM12W05,ALWM12W05,01/21/2013,01/21/2013,1,304,299,1,8,Construct,,,,,,,,,,,,,,,,,,,,,,,,
A,LW,M12,W04,ALWM12W04,ALWM12W04,01/29/2013,01/29/2013,1,256,249,1,7,Construct,,,,,,,,,,,,,,,,,,,,,,,,
A,LW,M12,W03b,ALWM12W03b,ALWM12W03b,02/05/2013,02/05/2013,1,168,162,1,8,Construct,,,,,,,,,,,,,,,,,,,,,,,,
A,LW,M12,W03a,ALWM12W03a,ALWM12W03a,02/13/2013,02/14/2013,2,152,132,2,11,Construct,,,,,,,,,,,,,,,,,,,,,,,,
A,LW,M12,W02,ALWM12W02,ALWM12W02,02/25/2013,02/25/2013,1,112,109,1,732,Construct,,,,,,,,,,,,,,,,,,,,,,,,
A,LW,M12,W01,ALWM12W01,ALWM12W01,02/27/2015,02/27/2015,1,72,65,1,-1059,Construct,,,,,,,,,,,,,,,,,,,,,,,,
A,LW,M13,F03,ALWM13F03,ALWM13F03,04/04/2012,04/10/2012,7,1041,923,5,23,Construct,,,,,,,,,,,,,,,,,,,,,,,,
A,LW,M13,F02,ALWM13F02,ALWM13F02,05/03/2012,05/04/2012,2,897,1100,2,69,Construct,,,,,,,,,,,,,,,,,,,,,,,,
A,LW,M13,F01b,ALWM13F01b,ALWM13F01b,07/12/2012,02/22/2013,226,372,374,4,-115,Construct,Code 02.,"Joining lift ""F01"" and ""F01 b"", under the name of ""F01 b"".",Code 02a.,A-P-S-3440-0002,,,,,,,,,,,,,,,,,,,,
A,LW,M13,F01a,ALWM13F01a,ALWM13F01a,10/30/2012,11/09/2012,11,140,110,2,-8,Construct,,,,,,,,,,,,,,,,,,,,,,,,
A,LW,M13,F01c,ALWM13F01c,ALWM13F01c,11/01/2012,01/25/2013,86,80,66,4,-58,Construct,Code 02.,"Joining lift ""F01 c"", ""F01 c-N"" and ""F01 c-S"", under the name of ""F01 c"".",Code 02a.,A-P-S-3440-0002,,,,,,,,,,,,,,,,,,,,
A,LW,M13,C04a,ALWM13C04a,ALWM13C04a,11/28/2012,11/28/2012,1,264,264,1,7,Construct,,,,,,,,,,,,,,,,,,,,,,,,
A,LW,M13,C04c,ALWM13C04c,ALWM13C04c,12/05/2012,02/02/2013,60,152,168,3,-54,Construct,Code 02.,"Joining lift ""C04 c-N"" and ""C04 c-S"", under the name of ""C04 c"".",Code 02a.,A-P-S-3441-0002,,,,,,,,,,,,,,,,,,,,
A,LW,M13,C03a,ALWM13C03a,ALWM13C03a,12/10/2012,12/10/2012,1,264,244,1,8,Construct,,,,,,,,,,,,,,,,,,,,,,,,
A,LW,M13,C03c,ALWM13C03c,ALWM13C03c,12/18/2012,02/16/2013,61,152,152,4,13,Construct,Code 02.,"Joining lift ""C03 c-N"", ""C03 c-N"" and ""C03 c-S"", under the name of ""C03 c"".",Code 02a.,A-P-S-3441-0002,,,,,,,,,,,,,,,,,,,,
A,LW,M13,C04b,ALWM13C04b,ALWM13C04b,03/01/2013,03/01/2013,1,304,325,1,7,Construct,,,,,,,,,,,,,,,,,,,,,,,,
A,LW,M13,C03b,ALWM13C03b,ALWM13C03b,03/08/2013,03/08/2013,1,304,325,1,32,Construct,,,,,,,,,,,,,,,,,,,,,,,,
A,LW,M13,C02,ALWM13C02,ALWM13C02,04/09/2013,04/10/2013,2,472,396,2,5,Construct,,,,,,,,,,,,,,,,,,,,,,,,
A,LW,M13,C01,ALWM13C01,ALWM13C01,04/15/2013,04/16/2013,2,1192,1290,2,7,Construct,,,,,,,,,,,,,,,,,,,,,,,,
A,LW,M13,W07,ALWM13W07,ALWM13W07,04/23/2013,04/23/2013,1,384,407,1,8,Construct,,,,,,,,,,,,,,,,,,,,,,,,
A,LW,M13,W06,ALWM13W06,ALWM13W06,05/01/2013,05/01/2013,1,352,358,1,15,Construct,,,,,,,,,,,,,,,,,,,,,,,,
A,LW,M13,W05,ALWM13W05,ALWM13W05,05/16/2013,05/16/2013,1,324,309,1,18,Construct,,,,,,,,,,,,,,,,,,,,,,,,
A,LW,M13,W04,ALWM13W04,ALWM13W04,06/03/2013,06/03/2013,1,243,260,1,5,Construct,,,,,,,,,,,,,,,,,,,,,,,,
A,LW,M13,W03b,ALWM13W03b,ALWM13W03b,06/08/2013,06/08/2013,1,160,162,1,5,Construct,,,,,,,,,,,,,,,,,,,,,,,,
A,LW,M13,W03a,ALWM13W03a,ALWM13W03a,06/13/2013,06/13/2013,1,96,129,1,28,Construct,,,,,,,,,,,,,,,,,,,,,,,,
A,LW,M13,W02,ALWM13W02,ALWM13W02,07/11/2013,07/11/2013,1,145,125,1,572,Construct,,,,,,,,,,,,,,,,,,,,,,,,
A,LW,M13,W01,ALWM13W01,ALWM13W01,02/03/2015,02/03/2015,1,38,45,1,-964,Construct,,,,,,,,,,,,,,,,,,,,,,,,
A,LW,M14,F02,ALWM14F02,ALWM14F02,06/14/2012,06/15/2012,2,945,981,2,10,Construct,,,,,,,,,,,,,,,,,,,,,,,,
A,LW,M14,F01,ALWM14F01,ALWM14F01,06/25/2012,08/16/2012,53,1056,1067,7,4,Construct,Code 02.,"Joining lift ""F01"", ""F01 a"", ""F01 c"" and ""F01 b"", under the name of ""F01"".",Code 02a.,A-P-S-3460-0002,,,,,,,,,,,,,,,,,,,,
A,LW,M14,C04b,ALWM14C04b,ALWM14C04b,08/20/2012,08/20/2012,1,198,198,1,4,Construct,,,,,,,,,,,,,,,,,,,,,,,,
A,LW,M14,C04a,ALWM14C04a,ALWM14C04a,08/24/2012,08/25/2012,2,187,187,2,3,Construct,,,,,,,,,,,,,,,,,,,,,,,,
A,LW,M14,C03b,ALWM14C03b,ALWM14C03b,08/28/2012,08/28/2012,1,215,215,1,1,Construct,,,,,,,,,,,,,,,,,,,,,,,,
A,LW,M14,C03a,ALWM14C03a,ALWM14C03a,08/29/2012,08/30/2012,2,152,152,2,4,Construct,,,,,,,,,,,,,,,,,,,,,,,,
A,LW,M14,C04c,ALWM14C04c,ALWM14C04c,09/03/2012,09/03/2012,1,218,90,1,7,Construct,,,,,,,,,,,,,,,,,,,,,,,,
A,LW,M14,C03c,ALWM14C03c,ALWM14C03c,09/10/2012,09/10/2012,1,144,141,1,14,Construct,,,,,,,,,,,,,,,,,,,,,,,,
A,LW,M14,C02,ALWM14C02,ALWM14C02,09/24/2012,09/25/2012,2,328,314,2,4,Construct,,,,,,,,,,,,,,,,,,,,,,,,
A,LW,M14,C01,ALWM14C01,ALWM14C01,09/29/2012,09/29/2012,1,1008,1033,1,11,Construct,,,,,,,,,,,,,,,,,,,,,,,,
A,LW,M14,W07,ALWM14W07,ALWM14W07,10/10/2012,10/11/2012,2,400,399,2,1,Construct,,,,,,,,,,,,,,,,,,,,,,,,
A,LW,M14,W06,ALWM14W06,ALWM14W06,10/12/2012,10/12/2012,1,352,350,1,34,Construct,Code 01.,"A new row was created under the name of ""W06"", with 0 quantities and with the dates of the previous lift plus one day.",Code 01a.,A-P-S-3462-0001,,,,,,,,,,,,,,,,,,,,
A,LW,M14,W05,ALWM14W05,ALWM14W05,11/15/2012,11/15/2012,1,302,300,1,19,Construct,,,,,,,,,,,,,,,,,,,,,,,,
A,LW,M14,W04,ALWM14W04,ALWM14W04,12/04/2012,12/04/2012,1,248,252,1,10,Construct,,,,,,,,,,,,,,,,,,,,,,,,
A,LW,M14,W03b,ALWM14W03b,ALWM14W03b,12/14/2012,12/14/2012,1,192,159,1,32,Construct,,,,,,,,,,,,,,,,,,,,,,,,
A,LW,M14,W03a,ALWM14W03a,ALWM14W03a,01/15/2013,01/15/2013,1,136,140,1,8,Construct,,,,,,,,,,,,,,,,,,,,,,,,
A,LW,M14,W02,ALWM14W02,ALWM14W02,01/23/2013,01/23/2013,1,124,116,1,715,Construct,,,,,,,,,,,,,,,,,,,,,,,,
A,LW,M14,W01,ALWM14W01,ALWM14W01,01/08/2015,01/08/2015,1,69,60,1,-993,Construct,,,,,,,,,,,,,,,,,,,,,,,,
A,LW,M15,F02,ALWM15F02,ALWM15F02,04/20/2012,02/04/2013,291,865,805,3,-278,Construct,,,,,,,,,,,,,,,,,,,,,,,,
A,LW,M15,F01,ALWM15F01,ALWM15F01,05/02/2012,09/21/2013,508,724,739,8,-480,Construct,Code 02.,"Joining lift ""F01"", ""F01 a"", ""F01 c"", ""F01 b-N"" and ""F01 b"", under the name of ""F01"".",Code 02a.,A-P-S-3480-0001,,,,,,,,,,,,,,,,,,,,
A,LW,M15,C04a,ALWM15C04a,ALWM15C04a,05/29/2012,05/29/2012,1,100,100,1,8,Construct,,,,,,,,,,,,,,,,,,,,,,,,
A,LW,M15,C03a,ALWM15C03a,ALWM15C03a,06/06/2012,06/06/2012,1,104,104,1,13,Construct,,,,,,,,,,,,,,,,,,,,,,,,
A,LW,M15,C04c,ALWM15C04c,ALWM15C04c,06/19/2012,06/21/2012,3,136,136,3,5,Construct,,,,,,,,,,,,,,,,,,,,,,,,
A,LW,M15,C03c,ALWM15C03c,ALWM15C03c,06/26/2012,06/27/2012,2,86,86,2,21,Construct,,,,,,,,,,,,,,,,,,,,,,,,
A,LW,M15,C04b,ALWM15C04b,ALWM15C04b,07/18/2012,07/19/2012,2,144,53,2,4,Construct,,,,,,,,,,,,,,,,,,,,,,,,
A,LW,M15,C03b,ALWM15C03b,ALWM15C03b,07/23/2012,07/23/2012,1,190,124,1,17,Construct,,,,,,,,,,,,,,,,,,,,,,,,
A,LW,M15,C02,ALWM15C02,ALWM15C02,08/09/2012,08/09/2012,1,237,228,1,5,Construct,,,,,,,,,,,,,,,,,,,,,,,,
A,LW,M15,C01,ALWM15C01,ALWM15C01,08/14/2012,08/15/2012,2,790,768,2,14,Construct,,,,,,,,,,,,,,,,,,,,,,,,
A,LW,M15,W07,ALWM15W07,ALWM15W07,08/29/2012,08/29/2012,1,341,319,1,8,Construct,,,,,,,,,,,,,,,,,,,,,,,,
A,LW,M15,W06,ALWM15W06,ALWM15W06,09/06/2012,09/06/2012,1,306,280,1,9,Construct,,,,,,,,,,,,,,,,,,,,,,,,
A,LW,M15,W05,ALWM15W05,ALWM15W05,09/15/2012,09/15/2012,1,288,241,1,6,Construct,,,,,,,,,,,,,,,,,,,,,,,,
A,LW,M15,W04,ALWM15W04,ALWM15W04,09/21/2012,09/22/2012,2,193,201,2,17,Construct,,,,,,,,,,,,,,,,,,,,,,,,
A,LW,M15,W03b,ALWM15W03b,ALWM15W03b,10/09/2012,10/09/2012,1,160,129,1,11,Construct,,,,,,,,,,,,,,,,,,,,,,,,
A,LW,M15,W03a,ALWM15W03a,ALWM15W03a,10/20/2012,10/20/2012,1,136,118,1,19,Construct,,,,,,,,,,,,,,,,,,,,,,,,
A,LW,M15,W02,ALWM15W02,ALWM15W02,11/08/2012,11/08/2012,1,116,102,1,782,Construct,,,,,,,,,,,,,,,,,,,,,,,,
A,LW,M15,W01,ALWM15W01,ALWM15W01,12/30/2014,12/30/2014,1,59,57,1,-1002,Construct,,,,,,,,,,,,,,,,,,,,,,,,
A,LW,M16,F02,ALWM16F02,ALWM16F02,04/02/2012,04/03/2012,2,704,611,2,8,Construct,,,,,,,,,,,,,,,,,,,,,,,,
A,LW,M16,F01,ALWM16F01,ALWM16F01,04/11/2012,01/31/2013,296,574,503,5,-270,Construct,Code 02.,"Joining lift ""F01"", ""F01 c"" and ""F01 b"", under the name of ""F01"".",Code 02a.,A-P-S-3500-0001,,,,,,,,,,,,,,,,,,,,
A,LW,M16,C04c,ALWM16C04c,ALWM16C04c,05/06/2012,05/06/2012,1,48,48,1,2,Construct,,,,,,,,,,,,,,,,,,,,,,,,
A,LW,M16,C04a,ALWM16C04a,ALWM16C04a,05/08/2012,05/08/2012,1,59,59,1,7,Construct,,,,,,,,,,,,,,,,,,,,,,,,
A,LW,M16,C03a,ALWM16C03a,ALWM16C03a,05/15/2012,05/15/2012,1,72,72,1,0,Construct,,,,,,,,,,,,,,,,,,,,,,,,
A,LW,M16,C03c,ALWM16C03c,ALWM16C03c,05/15/2012,05/15/2012,1,32,32,1,45,Construct,,,,,,,,,,,,,,,,,,,,,,,,
A,LW,M16,C04b,ALWM16C04b,ALWM16C04b,06/29/2012,06/29/2012,1,160,129,1,5,Construct,,,,,,,,,,,,,,,,,,,,,,,,
A,LW,M16,C03b,ALWM16C03b,ALWM16C03b,07/04/2012,07/04/2012,1,149,140,1,16,Construct,,,,,,,,,,,,,,,,,,,,,,,,
A,LW,M16,C02,ALWM16C02,ALWM16C02,07/20/2012,07/21/2012,2,172,175,2,9,Construct,,,,,,,,,,,,,,,,,,,,,,,,
A,LW,M16,C01,ALWM16C01,ALWM16C01,07/30/2012,07/31/2012,2,596,589,2,7,Construct,,,,,,,,,,,,,,,,,,,,,,,,
A,LW,M16,W07,ALWM16W07,ALWM16W07,08/07/2012,08/08/2012,2,235,251,2,5,Construct,,,,,,,,,,,,,,,,,,,,,,,,
A,LW,M16,W06,ALWM16W06,ALWM16W06,08/13/2012,08/13/2012,1,240,221,1,7,Construct,,,,,,,,,,,,,,,,,,,,,,,,
A,LW,M16,W05,ALWM16W05,ALWM16W05,08/20/2012,08/20/2012,1,230,190,1,7,Construct,,,,,,,,,,,,,,,,,,,,,,,,
A,LW,M16,W04,ALWM16W04,ALWM16W04,08/27/2012,08/28/2012,2,176,160,2,10,Construct,,,,,,,,,,,,,,,,,,,,,,,,
A,LW,M16,W03b,ALWM16W03b,ALWM16W03b,09/07/2012,09/07/2012,1,96,101,1,8,Construct,,,,,,,,,,,,,,,,,,,,,,,,
A,LW,M16,W03a,ALWM16W03a,ALWM16W03a,09/15/2012,09/15/2012,1,96,84,1,9,Construct,,,,,,,,,,,,,,,,,,,,,,,,
A,LW,M16,W02,ALWM16W02,ALWM16W02,09/24/2012,09/24/2012,1,80,65,1,854,Construct,,,,,,,,,,,,,,,,,,,,,,,,
A,LW,M16,W01,ALWM16W01,ALWM16W01,01/26/2015,01/26/2015,1,45,45,1,-803,Construct,,,,,,,,,,,,,,,,,,,,,,,,
A,LW,M17,F03,ALWM17F03,ALWM17F03,11/14/2012,11/15/2012,2,840,779,2,15,Construct,,,,,,,,,,,,,,,,,,,,,,,,
A,LW,M17,F02,ALWM17F02,ALWM17F02,11/30/2012,12/01/2012,2,1084,1057,2,10,Construct,,,,,,,,,,,,,,,,,,,,,,,,
A,LW,M17,F01,ALWM17F01,ALWM17F01,12/11/2012,01/29/2013,50,1070,1130,5,0,Construct,Code 02.,"Joining lift ""F01"", ""F01 c"", ""F01 a"" and ""F01 b"", under the name of ""F01"".",Code 02a.,A-P-S-3520-0001,,,,,,,,,,,,,,,,,,,,
A,LW,M17,C04c,ALWM17C04c,ALWM17C04c,01/29/2013,01/29/2013,1,112,110,1,6,Construct,,,,,,,,,,,,,,,,,,,,,,,,
A,LW,M17,C03c,ALWM17C03c,ALWM17C03c,02/04/2013,02/05/2013,2,104,111,2,10,Construct,,,,,,,,,,,,,,,,,,,,,,,,
A,LW,M17,C04a,ALWM17C04a,ALWM17C04a,02/15/2013,02/15/2013,1,160,142,1,6,Construct,,,,,,,,,,,,,,,,,,,,,,,,
A,LW,M17,C03a,ALWM17C03a,ALWM17C03a,02/21/2013,02/22/2013,2,136,185,2,41,Construct,,,,,,,,,,,,,,,,,,,,,,,,
A,LW,M17,C04b,ALWM17C04b,ALWM17C04b,04/04/2013,04/04/2013,1,260,266,1,7,Construct,,,,,,,,,,,,,,,,,,,,,,,,
A,LW,M17,C03b,ALWM17C03b,ALWM17C03b,04/11/2013,04/11/2013,1,288,273,1,7,Construct,,,,,,,,,,,,,,,,,,,,,,,,
A,LW,M17,C02,ALWM17C02,ALWM17C02,04/18/2013,04/22/2013,5,404,392,3,3,Construct,,,,,,,,,,,,,,,,,,,,,,,,
A,LW,M17,C01,ALWM17C01,ALWM17C01,04/25/2013,04/26/2013,2,1282,1322,2,15,Construct,,,,,,,,,,,,,,,,,,,,,,,,
A,LW,M17,W07,ALWM17W07,ALWM17W07,05/11/2013,05/11/2013,1,576,547,1,11,Construct,,,,,,,,,,,,,,,,,,,,,,,,
A,LW,M17,W06,ALWM17W06,ALWM17W06,05/22/2013,05/23/2013,2,454,483,2,8,Construct,,,,,,,,,,,,,,,,,,,,,,,,
A,LW,M17,W05,ALWM17W05,ALWM17W05,05/31/2013,06/01/2013,2,408,411,2,6,Construct,,,,,,,,,,,,,,,,,,,,,,,,
A,LW,M17,W04,ALWM17W04,ALWM17W04,06/07/2013,06/07/2013,1,376,342,1,10,Construct,,,,,,,,,,,,,,,,,,,,,,,,
A,LW,M17,W03b,ALWM17W03b,ALWM17W03b,06/17/2013,06/17/2013,1,236,219,1,8,Construct,,,,,,,,,,,,,,,,,,,,,,,,
A,LW,M17,W03a,ALWM17W03a,ALWM17W03a,06/25/2013,06/25/2013,1,190,201,1,8,Construct,,,,,,,,,,,,,,,,,,,,,,,,
A,LW,M17,W02,ALWM17W02,ALWM17W02,07/03/2013,07/04/2013,2,184,174,2,566,Construct,,,,,,,,,,,,,,,,,,,,,,,,
A,LW,M17,W01,ALWM17W01,ALWM17W01,01/21/2015,01/21/2015,1,92,67,1,-700,Construct,,,,,,,,,,,,,,,,,,,,,,,,
A,LW,M18,F02,ALWM18F02,ALWM18F02,02/20/2013,02/21/2013,2,612,594,2,4,Construct,,,,,,,,,,,,,,,,,,,,,,,,
A,LW,M18,F01,ALWM18F01,ALWM18F01,02/25/2013,04/22/2013,57,498,492,5,15,Construct,Code 02.,"Joining lift ""F01"", ""F01 c"", ""F01 a"" and ""F01 b"", under the name of ""F01"".",Code 02a.,A-P-S-3540-0001,,,,,,,,,,,,,,,,,,,,
A,LW,M18,C04a,ALWM18C04a,ALWM18C04a,05/07/2013,05/07/2013,1,64,63,1,1,Construct,,,,,,,,,,,,,,,,,,,,,,,,
A,LW,M18,C04c,ALWM18C04c,ALWM18C04c,05/08/2013,05/08/2013,1,52,48,1,5,Construct,,,,,,,,,,,,,,,,,,,,,,,,
A,LW,M18,C03a,ALWM18C03a,ALWM18C03a,05/13/2013,05/13/2013,1,64,65,1,0,Construct,,,,,,,,,,,,,,,,,,,,,,,,
A,LW,M18,C03c,ALWM18C03c,ALWM18C03c,05/13/2013,05/13/2013,1,48,49,1,4,Construct,,,,,,,,,,,,,,,,,,,,,,,,
A,LW,M18,C04b,ALWM18C04b,ALWM18C04b,05/17/2013,05/17/2013,1,96,104,1,4,Construct,,,,,,,,,,,,,,,,,,,,,,,,
A,LW,M18,C03b,ALWM18C03b,ALWM18C03b,05/21/2013,05/21/2013,1,144,112,1,4,Construct,,,,,,,,,,,,,,,,,,,,,,,,
A,LW,M18,C02,ALWM18C02,ALWM18C02,05/25/2013,05/25/2013,1,180,170,1,3,Construct,,,,,,,,,,,,,,,,,,,,,,,,
A,LW,M18,C01,ALWM18C01,ALWM18C01,05/28/2013,05/29/2013,2,556,575,2,13,Construct,,,,,,,,,,,,,,,,,,,,,,,,
A,LW,M18,W07,ALWM18W07,ALWM18W07,06/11/2013,06/11/2013,1,248,233,1,9,Construct,,,,,,,,,,,,,,,,,,,,,,,,
A,LW,M18,W06,ALWM18W06,ALWM18W06,06/20/2013,06/20/2013,1,200,204,1,6,Construct,,,,,,,,,,,,,,,,,,,,,,,,
A,LW,M18,W05,ALWM18W05,ALWM18W05,06/26/2013,06/26/2013,1,176,174,1,7,Construct,,,,,,,,,,,,,,,,,,,,,,,,
A,LW,M18,W04,ALWM18W04,ALWM18W04,07/03/2013,07/03/2013,1,151,144,1,12,Construct,,,,,,,,,,,,,,,,,,,,,,,,
A,LW,M18,W03b,ALWM18W03b,ALWM18W03b,07/15/2013,07/15/2013,1,108,94,1,5,Construct,,,,,,,,,,,,,,,,,,,,,,,,
A,LW,M18,W03a,ALWM18W03a,ALWM18W03a,07/20/2013,07/20/2013,1,95,91,1,6,Construct,,,,,,,,,,,,,,,,,,,,,,,,
A,LW,M18,W02,ALWM18W02,ALWM18W02,07/26/2013,07/26/2013,1,95,85,1,335,Construct,,,,,,,,,,,,,,,,,,,,,,,,
A,LW,M18,W01,ALWM18W01,ALWM18W01,06/26/2014,06/26/2014,1,56,46,1,-301,Construct,,,,,,,,,,,,,,,,,,,,,,,,
A,LW,M19,F02,ALWM19F02,ALWM19F02,08/29/2013,08/30/2013,2,1031,965,2,7,Construct,,,,,,,,,,,,,,,,,,,,,,,,
A,LW,M19,F01,ALWM19F01,ALWM19F01,09/06/2013,09/27/2013,22,948,1026,4,22,Construct,Code 02.,"Joining lift ""F01"", ""F01 a"" and ""F01 b"", under the name of ""F01"".",Code 02a.,A-P-S-3560-0001,,,,,,,,,,,,,,,,,,,,
A,LW,M19,C04b,ALWM19C04b,ALWM19C04b,10/19/2013,10/19/2013,1,212,217,1,4,Construct,,,,,,,,,,,,,,,,,,,,,,,,
A,LW,M19,C03b,ALWM19C03b,ALWM19C03b,10/23/2013,10/24/2013,2,274,202,2,4,Construct,,,,,,,,,,,,,,,,,,,,,,,,
A,LW,M19,C04a,ALWM19C04a,ALWM19C04a,10/28/2013,10/28/2013,1,171,143,1,9,Construct,,,,,,,,,,,,,,,,,,,,,,,,
A,LW,M19,C03a,ALWM19C03a,ALWM19C03a,11/06/2013,11/06/2013,1,166,148,1,0,Construct,,,,,,,,,,,,,,,,,,,,,,,,
A,LW,M19,C04c,ALWM19C04c,ALWM19C04c,11/06/2013,11/06/2013,1,103,107,1,3,Construct,,,,,,,,,,,,,,,,,,,,,,,,
A,LW,M19,C03c,ALWM19C03c,ALWM19C03c,11/09/2013,11/09/2013,1,113,111,1,10,Construct,,,,,,,,,,,,,,,,,,,,,,,,
A,LW,M19,C02,ALWM19C02,ALWM19C02,11/19/2013,11/19/2013,1,387,383,1,6,Construct,,,,,,,,,,,,,,,,,,,,,,,,
A,LW,M19,C01,ALWM19C01,ALWM19C01,11/25/2013,11/26/2013,2,1293,1295,2,52,Construct,,,,,,,,,,,,,,,,,,,,,,,,
A,LW,M19,W07,ALWM19W07,ALWM19W07,01/17/2014,01/17/2014,1,502,509,1,8,Construct,,,,,,,,,,,,,,,,,,,,,,,,
A,LW,M19,W06,ALWM19W06,ALWM19W06,01/25/2014,01/25/2014,1,428,441,1,6,Construct,,,,,,,,,,,,,,,,,,,,,,,,
A,LW,M19,W05,ALWM19W05,ALWM19W05,01/31/2014,01/31/2014,1,398,373,1,33,Construct,,,,,,,,,,,,,,,,,,,,,,,,
A,LW,M19,W04,ALWM19W04,ALWM19W04,03/05/2014,03/05/2014,1,356,306,1,12,Construct,,,,,,,,,,,,,,,,,,,,,,,,
A,LW,M19,W03b,ALWM19W03b,ALWM19W03b,03/17/2014,03/17/2014,1,227,203,1,10,Construct,,,,,,,,,,,,,,,,,,,,,,,,
A,LW,M19,W03a,ALWM19W03a,ALWM19W03a,03/27/2014,03/27/2014,1,190,204,1,7,Construct,,,,,,,,,,,,,,,,,,,,,,,,
A,LW,M19,W02,ALWM19W02,ALWM19W02,04/03/2014,04/03/2014,1,176,195,1,49,Construct,,,,,,,,,,,,,,,,,,,,,,,,
A,LW,M19,W01,ALWM19W01,ALWM19W01,05/22/2014,05/23/2014,2,152,118,2,-448,Construct,,,,,,,,,,,,,,,,,,,,,,,,
A,LW,M20,F02,ALWM20F02,ALWM20F02,03/01/2013,03/02/2013,2,984,982,2,4,Construct,,,,,,,,,,,,,,,,,,,,,,,,
A,LW,M20,F01,ALWM20F01,ALWM20F01,03/06/2013,05/30/2013,86,768,770,6,58,Construct,Code 02.,"Joining lift ""F01"", ""F01 c"", ""F01 a"" and ""F01 b"", under the name of ""F01"".",Code 02a.,A-P-S-3580-0001,,,,,,,,,,,,,,,,,,,,
A,LW,M20,C04c,ALWM20C04c,ALWM20C04c,07/27/2013,07/27/2013,1,104,80,1,5,Construct,,,,,,,,,,,,,,,,,,,,,,,,
A,LW,M20,C03c,ALWM20C03c,ALWM20C03c,08/01/2013,08/01/2013,1,96,80,1,8,Construct,,,,,,,,,,,,,,,,,,,,,,,,
A,LW,M20,C04b,ALWM20C04b,ALWM20C04b,08/09/2013,08/10/2013,2,168,180,2,4,Construct,,,,,,,,,,,,,,,,,,,,,,,,
A,LW,M20,C03b,ALWM20C03b,ALWM20C03b,08/14/2013,08/14/2013,1,199,180,1,1,Construct,,,,,,,,,,,,,,,,,,,,,,,,
A,LW,M20,C04a,ALWM20C04a,ALWM20C04a,08/15/2013,08/15/2013,1,142,103,1,5,Construct,,,,,,,,,,,,,,,,,,,,,,,,
A,LW,M20,C03a,ALWM20C03a,ALWM20C03a,08/20/2013,08/20/2013,1,114,106,1,4,Construct,,,,,,,,,,,,,,,,,,,,,,,,
A,LW,M20,C02,ALWM20C02,ALWM20C02,08/24/2013,08/24/2013,1,317,277,1,4,Construct,,,,,,,,,,,,,,,,,,,,,,,,
A,LW,M20,C01,ALWM20C01,ALWM20C01,08/28/2013,08/29/2013,2,896,942,2,16,Construct,,,,,,,,,,,,,,,,,,,,,,,,
A,LW,M20,W07,ALWM20W07,ALWM20W07,09/14/2013,09/14/2013,1,405,381,1,5,Construct,,,,,,,,,,,,,,,,,,,,,,,,
A,LW,M20,W06,ALWM20W06,ALWM20W06,09/19/2013,09/19/2013,1,417,332,1,7,Construct,,,,,,,,,,,,,,,,,,,,,,,,
A,LW,M20,W05,ALWM20W05,ALWM20W05,09/26/2013,09/26/2013,1,294,283,1,13,Construct,,,,,,,,,,,,,,,,,,,,,,,,
A,LW,M20,W04,ALWM20W04,ALWM20W04,10/09/2013,10/09/2013,1,250,235,1,17,Construct,,,,,,,,,,,,,,,,,,,,,,,,
A,LW,M20,W03b,ALWM20W03b,ALWM20W03b,10/26/2013,10/26/2013,1,144,154,1,18,Construct,,,,,,,,,,,,,,,,,,,,,,,,
A,LW,M20,W03a,ALWM20W03a,ALWM20W03a,11/13/2013,11/13/2013,1,135,148,1,15,Construct,,,,,,,,,,,,,,,,,,,,,,,,
A,LW,M20,W02,ALWM20W02,ALWM20W02,11/28/2013,11/28/2013,1,135,137,1,200,Construct,,,,,,,,,,,,,,,,,,,,,,,,
A,LW,M20,W01,ALWM20W01,ALWM20W01,06/16/2014,06/16/2014,1,96,76,1,-425,Construct,,,,,,,,,,,,,,,,,,,,,,,,
A,LW,M21,F02a,ALWM21F02a,ALWM21F02a,04/17/2013,04/18/2013,2,304,380,2,5,Construct,,,,,,,,,,,,,,,,,,,,,,,,
A,LW,M21,F02b,ALWM21F02b,ALWM21F02b,04/23/2013,04/24/2013,2,704,652,2,6,Construct,,,,,,,,,,,,,,,,,,,,,,,,
A,LW,M21,F01a,ALWM21F01a,ALWM21F01a,04/30/2013,05/01/2013,2,352,412,2,1,Construct,,,,,,,,,,,,,,,,,,,,,,,,
A,LW,M21,C06b,ALWM21C06b,ALWM21C06b,05/02/2013,05/02/2013,1,0,0,0,0,Construct,Code 01.,"A new row was created under the name of ""C06 b"", with 0 quantities and with the dates of the previous lift plus one day.",Code 01a.,A-P-S-3601-0002,,,,,,,,,,,,,,,,,,,,
A,LW,M21,F01b,ALWM21F01b,ALWM21F01b,05/02/2013,09/19/2013,141,477,510,4,-91,Construct,Code 02.,"Joining lift ""F01 b"" and ""F01 c"", under the name of ""F01 b"".",Code 02a.,A-P-S-3600-0002,,,,,,,,,,,,,,,,,,,,
A,LW,M21,C06a,ALWM21C06a,ALWM21C06a,06/20/2013,06/20/2013,1,32,23,1,15,Construct,Code 05.,"Lift ""C06 a + F01 a"" will be renamed as ""C06 a"".",Code 05a.,A-P-S-3601-0002,,,,,,,,,,,,,,,,,,,,
A,LW,M21,C05a,ALWM21C05a,ALWM21C05a,07/05/2013,07/05/2013,1,112,102,1,8,Construct,Code 05.,"Lift ""C05&C04 a (I)"" will be renamed as ""C05 a"".",Code 05a.,A-P-S-3601-0002,,,,,,,,,,,,,,,,,,,,
A,LW,M21,C04a,ALWM21C04a,ALWM21C04a,07/13/2013,07/13/2013,1,112,95,1,0,Construct,Code 03.,"Lift ""C04a(II)/C03 a"" will be divided in ""C04 a"" and ""C03 a"". All quantities will be assigned to ""C04 a"".",Code 03a.,A-P-S-3601-0002,,,,,,,,,,,,,,,,,,,,
A,LW,M21,C03a,ALWM21C03a,ALWM21C03a,07/13/2013,07/13/2013,1,0,0,0,82,Construct,Code 03.,"Lift ""C04a(II)/C03 a"" will be divided in ""C04 a"" and ""C03 a"". All quantities will be assigned to ""C04 a"".",Code 03a.,A-P-S-3601-0002,,,,,,,,,,,,,,,,,,,,
A,LW,M21,C05b,ALWM21C05b,ALWM21C05b,10/03/2013,10/03/2013,1,88,81,1,0,Construct,Code 03.,"Lift ""C05 b & C04 c"" will be divided in ""C04 c"" and ""C05 b"". All quantities will be assigned to ""C05 b"".",Code 03a.,A-P-S-3601-0002,,,,,,,,,,,,,,,,,,,,
A,LW,M21,C04c,ALWM21C04c,ALWM21C04c,10/03/2013,10/03/2013,1,0,0,0,7,Construct,Code 03.,"Lift ""C05 b & C04 c"" will be divided in ""C04 c"" and ""C05 b"". All quantities will be assigned to ""C05 b"".",Code 03a.,A-P-S-3601-0002,,,,,,,,,,,,,,,,,,,,
A,LW,M21,C03c,ALWM21C03c,ALWM21C03c,10/10/2013,10/10/2013,1,64,73,1,1,Construct,Code 05.,"Lift ""C04 c(II)/C03 c"" will be renamed as ""C03 c"".",Code 05a.,A-P-S-3601-0002,,,,,,,,,,,,,,,,,,,,
A,LW,M21,C04b,ALWM21C04b,ALWM21C04b,10/11/2013,10/11/2013,1,185,182,1,5,Construct,,,,,,,,,,,,,,,,,,,,,,,,
A,LW,M21,C03b,ALWM21C03b,ALWM21C03b,10/16/2013,10/17/2013,2,216,205,2,6,Construct,,,,,,,,,,,,,,,,,,,,,,,,
A,LW,M21,C02,ALWM21C02,ALWM21C02,10/23/2013,11/16/2013,25,384,340,2,3,Construct,Code 02.,"Joining lift ""C02 (I)"" and ""C02 (II)"", under the name of ""C02"".",Code 02a.,A-P-S-3601-0002,,,,,,,,,,,,,,,,,,,,
A,LW,M21,C01,ALWM21C01,ALWM21C01,11/19/2013,11/20/2013,2,944,982,2,29,Construct,,,,,,,,,,,,,,,,,,,,,,,,
A,LW,M21,W07,ALWM21W07,ALWM21W07,12/19/2013,12/20/2013,2,430,399,2,14,Construct,,,,,,,,,,,,,,,,,,,,,,,,
A,LW,M21,W06,ALWM21W06,ALWM21W06,01/03/2014,01/03/2014,1,364,352,1,7,Construct,,,,,,,,,,,,,,,,,,,,,,,,
A,LW,M21,W05,ALWM21W05,ALWM21W05,01/10/2014,01/10/2014,1,300,302,1,8,Construct,,,,,,,,,,,,,,,,,,,,,,,,
A,LW,M21,W04,ALWM21W04,ALWM21W04,01/18/2014,01/18/2014,1,244,253,1,12,Construct,,,,,,,,,,,,,,,,,,,,,,,,
A,LW,M21,W03b,ALWM21W03b,ALWM21W03b,01/30/2014,01/30/2014,1,156,161,1,30,Construct,,,,,,,,,,,,,,,,,,,,,,,,
A,LW,M21,W03a,ALWM21W03a,ALWM21W03a,03/01/2014,03/01/2014,1,141,143,1,16,Construct,,,,,,,,,,,,,,,,,,,,,,,,
A,LW,M21,W02,ALWM21W02,ALWM21W02,03/17/2014,03/17/2014,1,112,120,1,329,Construct,,,,,,,,,,,,,,,,,,,,,,,,
A,LW,M21,W01,ALWM21W01,ALWM21W01,02/09/2015,02/09/2015,1,68,77,1,-733,Construct,,,,,,,,,,,,,,,,,,,,,,,,
A,LW,M22,F05,ALWM22F05,ALWM22F05,02/06/2013,02/06/2013,1,360,359,1,9,Construct,Code 05.,"Lift ""F05 c"" will be renamed as ""F05"".",Code 05a.,A-P-S-3620-0002,,,,,,,,,,,,,,,,,,,,
A,LW,M22,F04,ALWM22F04,ALWM22F04,02/15/2013,02/15/2013,1,408,392,2,1,Construct,Code 02.,"Joining lift ""F04"" and ""F04 a"", under the name of ""F04"".",Code 02a.,A-P-S-3620-0002,,,,,,,,,,,,,,,,,,,,
A,LW,M22,F03b,ALWM22F03b,ALWM22F03b,02/16/2013,02/17/2013,2,0,0,0,99,Construct,Code 01.,"A new row was created under the name of ""F03 b"", with 0 quantities and with the dates of the previous lift plus one day.",Code 01a.,A-P-S-3620-0002,,,,,,,,,,,,,,,,,,,,
A,LW,M22,F02b,ALWM22F02b,ALWM22F02b,05/27/2013,05/29/2013,3,868,902,3,2,Construct,Code 02.,"Joining lift ""F03 c & F02 b,c (I)"" and ""F03 c & F02 b,c (II)"", under the name of ""F02 b"".",Code 02a.,A-P-S-3620-0002,,,,,,,,,,,,,,,,,,,,
A,LW,M22,F02c,ALWM22F02c,ALWM22F02c,05/31/2013,06/01/2013,2,488,487,2,14,Construct,Code 05.,"Lift ""F02c/F01b,c"" will be renamed as ""F02 c"".",Code 05a.,A-P-S-3620-0002,,,,,,,,,,,,,,,,,,,,
A,LW,M22,F03a,ALWM22F03a,ALWM22F03a,06/15/2013,06/15/2013,1,136,106,1,0,Construct,Code 03.,"Lift ""F01/F02/F03 a"" will be divided in ""F01 a"", ""F02 a"" and ""F03 a"". All quantities will be assigned to ""F03 a"".",Code 03a.,A-P-S-3620-0002,,,,,,,,,,,,,,,,,,,,
A,LW,M22,F02a,ALWM22F02a,ALWM22F02a,06/15/2013,06/15/2013,1,0,0,0,0,Construct,Code 03.,"Lift ""F01/F02/F03 a"" will be divided in ""F01 a"", ""F02 a"" and ""F03 a"". All quantities will be assigned to ""F03 a"".",Code 03a.,A-P-S-3620-0002,,,,,,,,,,,,,,,,,,,,
A,LW,M22,F01a,ALWM22F01a,ALWM22F01a,06/15/2013,06/15/2013,1,0,0,0,24,Construct,Code 03.,"Lift ""F01/F02/F03 a"" will be divided in ""F01 a"", ""F02 a"" and ""F03 a"". All quantities will be assigned to ""F03 a"".",Code 03a.,A-P-S-3620-0002,,,,,,,,,,,,,,,,,,,,
A,LW,M22,C04a,ALWM22C04a,ALWM22C04a,07/09/2013,07/09/2013,1,120,106,1,49,Construct,Code 05.,"Lift ""F03/02/01-C04 a"" will be renamed as ""C04 a"".",Code 05a.,A-P-S-3621-0002,,,,,,,,,,,,,,,,,,,,
A,LW,M22,F01b,ALWM22F01b,ALWM22F01b,08/27/2013,08/27/2013,1,22,0,1,10,Construct,,,,,,,,,,,,,,,,,,,,,,,,
A,LW,M22,F01c,ALWM22F01c,ALWM22F01c,09/06/2013,09/06/2013,1,40,0,1,7,Construct,,,,,,,,,,,,,,,,,,,,,,,,
A,LW,M22,C04c,ALWM22C04c,ALWM22C04c,09/13/2013,09/13/2013,1,56,41,1,12,Construct,Code 05.,"Lift ""F01 c & C04 c"" will be renamed as ""C04 c"".",Code 05a.,A-P-S-3621-0002,,,,,,,,,,,,,,,,,,,,
A,LW,M22,C03a,ALWM22C03a,ALWM22C03a,09/25/2013,10/04/2013,10,648,626,5,14,Construct,Code 02.,"Joining lift ""C03 a/ C02 a (I)"", ""C03 a/ C02 a (II)"" and ""C03 a/ C02 a (III)"", under the name of ""C03 a"".",Code 02a.,A-P-S-3621-0002,,,,,,,,,,,,,,,,,,,,
A,LW,M22,C01a,ALWM22C01a,ALWM22C01a,10/18/2013,10/30/2013,13,250,348,2,1,Construct,Code 02.,"Joining lift ""C03 a/C02 a/C01 a (IV)"" and ""C02 a/C01 a (V)"", under the name of ""C01 a"".",Code 02a.,A-P-S-3621-0002,,,,,,,,,,,,,,,,,,,,
A,LW,M22,C02a,ALWM22C02a,ALWM22C02a,10/31/2013,10/31/2013,1,192,187,1,13,Construct,Code 05.,"Lift ""C02a/C01a"" will be renamed as ""C02 a"".",Code 05a.,A-P-S-3621-0002,,,,,,,,,,,,,,,,,,,,
A,LW,M22,C04b,ALWM22C04b,ALWM22C04b,11/13/2013,11/13/2013,1,184,188,1,10,Construct,,,,,,,,,,,,,,,,,,,,,,,,
A,LW,M22,C03b,ALWM22C03b,ALWM22C03b,11/23/2013,11/23/2013,1,206,206,1,4,Construct,,,,,,,,,,,,,,,,,,,,,,,,
A,LW,M22,C02b,ALWM22C02b,ALWM22C02b,11/27/2013,11/27/2013,1,180,316,1,2,Construct,Code 05.,"Lift ""C02a/C02 b/C01 a (VI)"" will be renamed as ""C02 b"".",Code 05a.,A-P-S-3621-0002,,,,,,,,,,,,,,,,,,,,
A,LW,M22,C01b,ALWM22C01b,ALWM22C01b,11/29/2013,11/30/2013,2,549,568,2,5,Construct,Code 05.,"Lift ""C01 a&b (VII)"" will be renamed as ""C01 b"".",Code 05a.,A-P-S-3621-0002,,,,,,,,,,,,,,,,,,,,
A,LW,M22,W07,ALWM22W07,ALWM22W07,12/05/2013,12/06/2013,2,432,399,2,6,Construct,,,,,,,,,,,,,,,,,,,,,,,,
A,LW,M22,W06,ALWM22W06,ALWM22W06,12/12/2013,12/13/2013,2,364,350,2,4,Construct,,,,,,,,,,,,,,,,,,,,,,,,
A,LW,M22,W05,ALWM22W05,ALWM22W05,12/17/2013,12/17/2013,1,316,301,1,13,Construct,,,,,,,,,,,,,,,,,,,,,,,,
A,LW,M22,W04,ALWM22W04,ALWM22W04,12/30/2013,12/30/2013,1,274,253,1,9,Construct,,,,,,,,,,,,,,,,,,,,,,,,
A,LW,M22,W03b,ALWM22W03b,ALWM22W03b,01/08/2014,01/08/2014,1,179,161,1,6,Construct,,,,,,,,,,,,,,,,,,,,,,,,
A,LW,M22,W03a,ALWM22W03a,ALWM22W03a,01/14/2014,01/14/2014,1,158,143,1,9,Construct,,,,,,,,,,,,,,,,,,,,,,,,
A,LW,M22,W02,ALWM22W02,ALWM22W02,01/23/2014,01/23/2014,1,112,120,1,364,Construct,,,,,,,,,,,,,,,,,,,,,,,,
A,LW,M22,W01,ALWM22W01,ALWM22W01,01/22/2015,01/22/2015,1,95,73,1,-755,Construct,,,,,,,,,,,,,,,,,,,,,,,,
A,LW,M23,F09,ALWM23F09,ALWM23F09,12/28/2012,12/28/2012,1,488,408,1,34,Construct,,,,,,,,,,,,,,,,,,,,,,,,
A,LW,M23,F08,ALWM23F08,ALWM23F08,01/31/2013,04/17/2013,77,472,448,4,17,Construct,Code 02.,"Joining lift ""F08"", ""F08 a"" and ""F08 b"", under the name of ""F08"".",Code 02a.,A-P-S-3640-0002,,,,,,,,,,,,,,,,,,,,
A,LW,M23,F07a,ALWM23F07a,ALWM23F07a,05/04/2013,05/04/2013,1,144,120,1,0,Construct,Code 03.,"Lift ""F05/F06/F07 a"" will be divided in ""F05 a"", ""F06 a"" and ""F07 a"". All quantities will be assigned to ""F07 a"".",Code 03a.,A-P-S-3640-0002,,,,,,,,,,,,,,,,,,,,
A,LW,M23,F06a,ALWM23F06a,ALWM23F06a,05/04/2013,05/04/2013,1,0,0,0,0,Construct,Code 03.,"Lift ""F05/F06/F07 a"" will be divided in ""F05 a"", ""F06 a"" and ""F07 a"". All quantities will be assigned to ""F07 a"".",Code 03a.,A-P-S-3640-0002,,,,,,,,,,,,,,,,,,,,
A,LW,M23,F05a,ALWM23F05a,ALWM23F05a,05/04/2013,05/04/2013,1,0,0,0,4,Construct,Code 03.,"Lift ""F05/F06/F07 a"" will be divided in ""F05 a"", ""F06 a"" and ""F07 a"". All quantities will be assigned to ""F07 a"".",Code 03a.,A-P-S-3641-0002,,,,,,,,,,,,,,,,,,,,
A,LW,M23,F07b,ALWM23F07b,ALWM23F07b,05/08/2013,05/08/2013,1,160,150,1,0,Construct,Code 03.,"Lift ""F05/F06/F07 b"" will be divided in ""F05 b"", ""F06 b"" and ""F07 b"". All quantities will be assigned to ""F07 b"".",Code 03a.,A-P-S-3640-0002,,,,,,,,,,,,,,,,,,,,
A,LW,M23,F06b,ALWM23F06b,ALWM23F06b,05/08/2013,05/08/2013,1,0,0,0,0,Construct,Code 03.,"Lift ""F05/F06/F07 b"" will be divided in ""F05 b"", ""F06 b"" and ""F07 b"". All quantities will be assigned to ""F07 b"".",Code 03a.,A-P-S-3640-0002,,,,,,,,,,,,,,,,,,,,
A,LW,M23,F05b,ALWM23F05b,ALWM23F05b,05/08/2013,05/08/2013,1,0,0,0,28,Construct,Code 03.,"Lift ""F05/F06/F07 b"" will be divided in ""F05 b"", ""F06 b"" and ""F07 b"". All quantities will be assigned to ""F07 b"".",Code 03a.,A-P-S-3641-0002,,,,,,,,,,,,,,,,,,,,
A,LW,M23,F04b,ALWM23F04b,ALWM23F04b,06/05/2013,06/05/2013,1,184,152,1,6,Construct,Code 05.,"Lift ""F06/F05/F04"" will be renamed as ""F04 b"".",Code 05a.,A-P-S-3641-0002,,,,,,,,,,,,,,,,,,,,
A,LW,M23,F02b,ALWM23F02b,ALWM23F02b,06/11/2013,06/12/2013,2,883,897,2,21,Construct,,,,,,,,,,,,,,,,,,,,,,,,
A,LW,M23,F04a,ALWM23F04a,ALWM23F04a,07/03/2013,07/03/2013,1,136,122,1,42,Construct,Code 05.,"Lift ""F04/F05/F06 a"" will be renamed as ""F04 a"".",Code 05a.,A-P-S-3641-0002,,,,,,,,,,,,,,,,,,,,
A,LW,M23,F03,ALWM23F03,ALWM23F03,08/14/2013,08/14/2013,1,119,110,1,3,Construct,Code 05.,"Lift ""F03a/F02a(I)"" will be renamed as ""F03"".",Code 05a.,A-P-S-3641-0002,,,,,,,,,,,,,,,,,,,,
A,LW,M23,F02a,ALWM23F02a,ALWM23F02a,08/17/2013,09/14/2013,29,814,762,2,-25,Construct,Code 02.,"Joining lift ""F03a/F02a(II)"" and ""F02 a(IV)/F01"", under the name of ""F02 a"".",Code 02a.,A-P-S-3641-0002,,,,,,,,,,,,,,,,,,,,
A,LW,M23,F01b,ALWM23F01b,ALWM23F01b,08/20/2013,09/10/2013,22,977,860,3,5,Construct,Code 02.,"Joining lift ""F03 a (III)/F02 a (III)/ F01 b"" and ""F01 b-N"", under the name of ""F01 b"".",Code 02a.,A-P-S-3641-0002,,,,,,,,,,,,,,,,,,,,
A,LW,M23,F01a,ALWM23F01a,ALWM23F01a,09/15/2013,09/25/2013,11,163,352,3,-5,Construct,Code 02.,"Joining lift ""F02 a(IV)/F01 a (II)"" and ""F01 (III)"", under the name of ""F01 a"".",Code 02a.,A-P-S-3641-0002,,,,,,,,,,,,,,,,,,,,
A,LW,M23,C04b,ALWM23C04b,ALWM23C04b,09/20/2013,09/21/2013,2,358,327,2,-1,Construct,Code 03.,"Lift ""C04 a&b"" will be divided in ""C04 a"" and ""C04 b"". All quantities will be assigned to ""C04 b"".",Code 03a.,A-P-S-3642-0002,,,,,,,,,,,,,,,,,,,,
A,LW,M23,C04a,ALWM23C04a,ALWM23C04a,09/20/2013,09/21/2013,2,0,0,0,35,Construct,Code 03.,"Lift ""C04 a&b"" will be divided in ""C04 a"" and ""C04 b"". All quantities will be assigned to ""C04 b"".",Code 03a.,A-P-S-3642-0002,,,,,,,,,,,,,,,,,,,,
A,LW,M23,C03b,ALWM23C03b,ALWM23C03b,10/26/2013,10/26/2013,1,446,437,1,0,Construct,Code 03.,"Lift ""C03 a & b"" will be divided in ""C03 a"" and ""C03 b"". All quantities will be assigned to ""C03 b"".",Code 03a.,A-P-S-3642-0002,,,,,,,,,,,,,,,,,,,,
A,LW,M23,C03a,ALWM23C03a,ALWM23C03a,10/26/2013,10/26/2013,1,0,0,0,45,Construct,Code 03.,"Lift ""C03 a & b"" will be divided in ""C03 a"" and ""C03 b"". All quantities will be assigned to ""C03 b"".",Code 03a.,A-P-S-3642-0002,,,,,,,,,,,,,,,,,,,,
A,LW,M23,C02,ALWM23C02,ALWM23C02,12/10/2013,12/10/2013,1,198,207,1,3,Construct,,,,,,,,,,,,,,,,,,,,,,,,
A,LW,M23,C01,ALWM23C01,ALWM23C01,12/13/2013,12/13/2013,1,600,636,1,20,Construct,,,,,,,,,,,,,,,,,,,,,,,,
A,LW,M23,W07,ALWM23W07,ALWM23W07,01/02/2014,01/02/2014,1,439,461,1,25,Construct,,,,,,,,,,,,,,,,,,,,,,,,
A,LW,M23,W06,ALWM23W06,ALWM23W06,01/27/2014,01/27/2014,1,408,405,1,4,Construct,,,,,,,,,,,,,,,,,,,,,,,,
A,LW,M23,W05,ALWM23W05,ALWM23W05,01/31/2014,01/31/2014,1,344,347,1,33,Construct,,,,,,,,,,,,,,,,,,,,,,,,
A,LW,M23,W04,ALWM23W04,ALWM23W04,03/05/2014,03/05/2014,1,272,292,1,20,Construct,,,,,,,,,,,,,,,,,,,,,,,,
A,LW,M23,W03b,ALWM23W03b,ALWM23W03b,03/25/2014,03/25/2014,1,192,184,1,7,Construct,,,,,,,,,,,,,,,,,,,,,,,,
A,LW,M23,W03a,ALWM23W03a,ALWM23W03a,04/01/2014,04/01/2014,1,168,163,1,10,Construct,,,,,,,,,,,,,,,,,,,,,,,,
A,LW,M23,W02,ALWM23W02,ALWM23W02,04/11/2014,04/11/2014,1,144,136,1,248,Construct,,,,,,,,,,,,,,,,,,,,,,,,
A,LW,M23,W01,ALWM23W01,ALWM23W01,12/15/2014,12/15/2014,1,81,76,1,,Construct,,,,,,,,,,,,,,,,,,,,,,,,
,,,,,,,,,,,,,,,,,,,,,,,,,,,,,,,,,,,,,
,,,,,,,,,,,,,,,,,,,,,,,,,,,,,,,,,,,,,
