Side,Structure,Monolith,Lift,Collated,Name,Actual Start,Actual End,Duration in days,Actual Quantity,Design Quantity,Number of Pours,Days before next lift,Activity Type,Revision Process,,,RFC Number
A,T4,C101,F01,AT4C101F01,AT4C101F01,04/08/2014,04/09/2014,2,408,398,2,5,Construct,.,,,
A,T4,C309,W01a,AT4C309W01a,AT4C309W01a,04/14/2014,04/14/2014,1,160,130,1,0,Construct,Code 04.,"Lift ""C109/08/07 W01a"" will be separated into ""C3-09 W01a"", ""C3-08 W01a"" and ""C3-07 W01a"".  All quantities will be assigned to ""C3-09 W01a"".",Code 4a.,P-P-S-6840-0003
A,T4,C308,W01a,AT4C308W01a,AT4C308W01a,04/14/2014,04/14/2014,1,0,0,0,0,Construct,Code 04.,"Lift ""C109/08/07 W01a"" will be separated into ""C3-09 W01a"", ""C3-08 W01a"" and ""C3-07 W01a"".  All quantities will be assigned to ""C3-09 W01a"".",Code 4a.,P-P-S-6840-0003
A,T4,C307,W01a,AT4C307W01a,AT4C307W01a,04/14/2014,04/14/2014,1,0,0,0,53,Construct,Code 04.,"Lift ""C109/08/07 W01a"" will be separated into ""C3-09 W01a"", ""C3-08 W01a"" and ""C3-07 W01a"".  All quantities will be assigned to ""C3-09 W01a"".",Code 4a.,P-P-S-6840-0003
A,T4,C101,W03,AT4C101W03,AT4C101W03,06/06/2014,06/06/2014,1,104,87,1,19,Construct,,,,
A,T4,C101,W02,AT4C101W02,AT4C101W02,06/25/2014,06/25/2014,1,88,68,1,19,Construct,,,,
A,T4,C102,F01a,AT4C102F01a,AT4C102F01a,07/14/2014,07/15/2014,2,678,668,2,-1,Construct,Code 03.,"Lift ""C102 F01a/b+T4-C2-03-W02/W01(I)+T4-C2-04-W02(I)/W01(I)"" will be separated into ""C1-02 F01a"" and ""C1-02 F01b"".  All quantities will be assigned to ""C1-02 F01a"".",Code 03a.,P-P-S-6840-0011
A,T4,C102,F01b,AT4C102F01b,AT4C102F01b,07/14/2014,07/15/2014,2,0,0,0,18,Construct,Code 03.,"Lift ""C102 F01a/b+T4-C2-03-W02/W01(I)+T4-C2-04-W02(I)/W01(I)"" will be separated into ""C1-02 F01a"" and ""C1-02 F01b"".  All quantities will be assigned to ""C1-02 F01a"".",Code 03a.,P-P-S-6840-0011
A,T4,C103,F01b,AT4C103F01b,AT4C103F01b,08/02/2014,08/02/2014,1,298,257,1,0,Construct,Code 04.,"Lift ""C103 F01b+T4-C2-04-W01"" will be separated into ""C1-03 F01b"" and ""C2-04 W01"".  All quantities will be assigned to ""C1-03 F01b"".",Code 04a.,P-P-S-6840-0011
A,T4,C204,W01,AT4C204W01,AT4C204W01,08/02/2014,08/02/2014,1,0,0,1,66,Construct,Code 04.,"Lift ""C103 F01b+T4-C2-04-W01"" will be separated into ""C1-03 F01b"" and ""C2-04 W01"".  All quantities will be assigned to ""C1-03 F01b"".",Code 04a.,P-P-S-6840-0011
A,T4,C101,R08,AT4C101R08,AT4C101R08,10/07/2014,10/07/2014,1,90,84,1,3,Construct,,,,
A,T4,C101,R07,AT4C101R07,AT4C101R07,10/10/2014,10/10/2014,1,165,147,1,3,Construct,,,,
A,T4,C103,F01a,AT4C103F01a,AT4C103F01a,10/13/2014,10/22/2014,10,213,240,2,16,Construct,Code 02.,"Joining lifts ""F01a(I)"" and ""F01a(II)"" under the name of ""F01a"".",Code 02a.,P-P-S-6840-0011
A,T4,C102,P09,AT4C102P09,AT4C102P09,11/07/2014,11/07/2014,1,23,21,1,0,Construct,Code 03.,"Lift ""C102 P09/P08"" will be separated into ""C1-02 P09"" and ""C1-02 P08"".  All quantities will be assigned to ""C1-02 P09"".",Code 03a.,P-P-S-6840-0011
A,T4,C102,P08,AT4C102P08,AT4C102P08,11/07/2014,11/07/2014,1,0,0,0,0,Construct,Code 03.,"Lift ""C102 P09/P08"" will be separated into ""C1-02 P09"" and ""C1-02 P08"".  All quantities will be assigned to ""C1-02 P09"".",Code 03a.,P-P-S-6840-0011
A,T4,C102,W08,AT4C102W08,AT4C102W08,11/07/2014,11/07/2014,1,30,30,1,11,Construct,,,,
A,T4,C102,W07,AT4C102W07,AT4C102W07,11/18/2014,11/18/2014,1,119,95,1,0,Construct,Code 04.,"Lift ""C1-02/03 W07/W06+T4-C01-01-W01"" will be separated into ""C1-02 W07"", ""C1-02 W06, ""C1-03 W06"" and ""C1-01 W01"".  All quantities will be assigned to ""C1-02 W07"".",Code 04a.,P-P-S-6840-0011
A,T4,C102,W06,AT4C102W06,AT4C102W06,11/18/2014,11/18/2014,1,0,0,0,0,Construct,Code 04.,"Lift ""C1-02/03 W07/W06+T4-C01-01-W01"" will be separated into ""C1-02 W07"", ""C1-02 W06, ""C1-03 W06"" and ""C1-01 W01"".  All quantities will be assigned to ""C1-02 W07"".",Code 04a.,P-P-S-6840-0011
A,T4,C103,W06,AT4C103W06,AT4C103W06,11/18/2014,11/18/2014,1,0,0,0,0,Construct,Code 04.,"Lift ""C1-02/03 W07/W06+T4-C01-01-W01"" will be separated into ""C1-02 W07"", ""C1-02 W06, ""C1-03 W06"" and ""C1-01 W01"".  All quantities will be assigned to ""C1-02 W07"".",Code 04a.,P-P-S-6840-0011
A,T4,C101,W01,AT4C101W01,AT4C101W01,11/18/2014,11/18/2014,1,0,0,0,10,Construct,Code 04.,"Lift ""C1-02/03 W07/W06+T4-C01-01-W01"" will be separated into ""C1-02 W07"", ""C1-02 W06, ""C1-03 W06"" and ""C1-01 W01"".  All quantities will be assigned to ""C1-02 W07"".",Code 04a.,P-P-S-6840-0011
A,T4,C102,P07,AT4C102P07,AT4C102P07,11/28/2014,11/28/2014,1,51,49,1,0,Construct,Code 04.,"Lift ""C1-02/03 P07/P06"" will be separated into ""C1-02 P07"", ""C1-02 P06 and ""C1-03 P06"".  All quantities will be assigned to ""C1-02 P07"".",Code 04a.,P-P-S-6840-0011
A,T4,C102,P06,AT4C102P06,AT4C102P06,11/28/2014,11/28/2014,1,0,0,0,0,Construct,Code 04.,"Lift ""C1-02/03 P07/P06"" will be separated into ""C1-02 P07"", ""C1-02 P06 and ""C1-03 P06"".  All quantities will be assigned to ""C1-02 P07"".",Code 04a.,P-P-S-6840-0011
A,T4,C103,P06,AT4C103P06,AT4C103P06,11/28/2014,11/28/2014,1,0,0,0,11,Construct,Code 04.,"Lift ""C1-02/03 P07/P06"" will be separated into ""C1-02 P07"", ""C1-02 P06 and ""C1-03 P06"".  All quantities will be assigned to ""C1-02 P07"".",Code 04a.,P-P-S-6840-0011
A,T4,C102,P05,AT4C102P05,AT4C102P05,12/09/2014,12/09/2014,1,79,74,1,0,Construct,Code 04.,"Lift ""C1-02/03 P05/P04"" will be separated into ""C1-02 P05"", ""C1-02 P04"", ""C1-03 P05 and ""C1-03 P04"".  All quantities will be assigned to ""C1-02 P05"".",Code 04a.,P-P-S-6840-0011
A,T4,C102,P04,AT4C102P04,AT4C102P04,12/09/2014,12/09/2014,1,0,0,0,0,Construct,Code 04.,"Lift ""C1-02/03 P05/P04"" will be separated into ""C1-02 P05"", ""C1-02 P04"", ""C1-03 P05 and ""C1-03 P04"".  All quantities will be assigned to ""C1-02 P05"".",Code 04a.,P-P-S-6840-0011
A,T4,C103,P05,AT4C103P05,AT4C103P05,12/09/2014,12/09/2014,1,0,0,0,0,Construct,Code 04.,"Lift ""C1-02/03 P05/P04"" will be separated into ""C1-02 P05"", ""C1-02 P04"", ""C1-03 P05 and ""C1-03 P04"".  All quantities will be assigned to ""C1-02 P05"".",Code 04a.,P-P-S-6840-0011
A,T4,C103,P04,AT4C103P04,AT4C103P04,12/09/2014,12/09/2014,1,0,0,0,7,Construct,Code 04.,"Lift ""C1-02/03 P05/P04"" will be separated into ""C1-02 P05"", ""C1-02 P04"", ""C1-03 P05 and ""C1-03 P04"".  All quantities will be assigned to ""C1-02 P05"".",Code 04a.,P-P-S-6840-0011
A,T4,C102,W05,AT4C102W05,AT4C102W05,12/16/2014,12/16/2014,1,153,121,1,0,Construct,Code 04.,"Lift ""C1-02/03 W05/W04b"" will be separated into ""C1-02 W05"", ""C1-02 W04b"", ""C1-03 W05 and ""C1-03 W04b"".  All quantities will be assigned to ""C1-02 W05"".",Code 04a.,P-P-S-6840-0011
A,T4,C102,W04b,AT4C102W04b,AT4C102W04b,12/16/2014,12/16/2014,1,0,0,0,0,Construct,Code 04.,"Lift ""C1-02/03 W05/W04b"" will be separated into ""C1-02 W05"", ""C1-02 W04b"", ""C1-03 W05 and ""C1-03 W04b"".  All quantities will be assigned to ""C1-02 W05"".",Code 04a.,P-P-S-6840-0011
A,T4,C103,W05,AT4C103W05,AT4C103W05,12/16/2014,12/16/2014,1,0,0,0,0,Construct,Code 04.,"Lift ""C1-02/03 W05/W04b"" will be separated into ""C1-02 W05"", ""C1-02 W04b"", ""C1-03 W05 and ""C1-03 W04b"".  All quantities will be assigned to ""C1-02 W05"".",Code 04a.,P-P-S-6840-0011
A,T4,C103,W04b,AT4C103W04b,AT4C103W04b,12/16/2014,12/16/2014,1,0,0,0,20,Construct,Code 04.,"Lift ""C1-02/03 W05/W04b"" will be separated into ""C1-02 W05"", ""C1-02 W04b"", ""C1-03 W05 and ""C1-03 W04b"".  All quantities will be assigned to ""C1-02 W05"".",Code 04a.,P-P-S-6840-0011
A,T4,C102,W04a,AT4C102W04a,AT4C102W04a,01/05/2015,01/05/2015,1,153,119,1,0,Construct,Code 04.,"Lift ""C1-02/03 W04/W03a(II)"" will be separated into ""C1-02 W04a"" and ""C1-03 W04a"".  All quantities will be assigned to ""C1-02 W4a"".",Code 04a.,P-P-S-6840-0011
A,T4,C103,W04a,AT4C103W04a,AT4C103W04a,01/05/2015,01/05/2015,1,0,0,0,3,Construct,Code 04.,"Lift ""C1-02/03 W04/W03a(II)"" will be separated into ""C1-02 W04a"" and ""C1-03 W04a"".  All quantities will be assigned to ""C1-02 W4a"".",Code 04a.,P-P-S-6840-0011
A,T4,C102,W03b,AT4C102W03b,AT4C102W03b,01/08/2015,01/08/2015,1,88,97,1,0,Construct,Code 03.,"Lift ""C1-02/03 W03b"" will be separated into ""C1-02 W03b"" and ""C1-03 W03b"".  All quantities will be assigned to ""C1-02 W3b"".",Code 03a.,P-P-S-6840-0011
A,T4,C103,W03b,AT4C103W03b,AT4C103W03b,01/08/2015,01/08/2015,1,0,0,0,9,Construct,Code 03.,"Lift ""C1-02/03 W03b"" will be separated into ""C1-02 W03b"" and ""C1-03 W03b"".  All quantities will be assigned to ""C1-02 W3b"".",Code 03a.,P-P-S-6840-0011
A,T4,C101,R06,AT4C101R06,AT4C101R06,01/17/2015,01/17/2015,1,79,86,1,9,Construct,Code 05.,"Lift ""C1-01 R06/R05(I)"" will be renamed as ""C1-01 R06"".",Code 05a.,P-P-S-6840-0011
A,T4,C102,W03a,AT4C102W03a,AT4C102W03a,01/26/2015,01/26/2015,1,38,35,1,0,Construct,Code 03.,"Lift ""C1-02/03 W03a(II)"" will be separated into ""C1-02 W03a"" and ""C1-03 W03a"".  All quantities will be assigned to ""C1-02 W3a"".",Code 03a.,P-P-S-6840-0011
A,T4,C103,W03a,AT4C103W03a,AT4C103W03a,01/26/2015,01/26/2015,1,0,0,0,7,Construct,Code 03.,"Lift ""C1-02/03 W03a(II)"" will be separated into ""C1-02 W03a"" and ""C1-03 W03a"".  All quantities will be assigned to ""C1-02 W3a"".",Code 03a.,P-P-S-6840-0011
A,T4,C102,W02b,AT4C102W02b,AT4C102W02b,02/02/2015,02/02/2015,1,37,35,1,0,Construct,Code 04.,"Lift ""C1-02/03 W02b(II)/W02d(II)"" will be separated into ""C1-02 W02b"" and ""C1-03 W02b"".  All quantities will be assigned to ""C1-02 W02b"".",Code 04a.,P-P-S-6840-0011
A,T4,C103,W02b,AT4C103W02b,AT4C103W02b,02/02/2015,02/02/2015,1,0,0,0,0,Construct,Code 04.,"Lift ""C1-02/03 W02b(II)/W02d(II)"" will be separated into ""C1-02 W02b"" and ""C1-03 W02b"".  All quantities will be assigned to ""C1-02 W02b"".",Code 04a.,P-P-S-6840-0011
A,T4,C103,W02e,AT4C103W02e,AT4C103W02e,02/02/2015,02/02/2015,1,22,20,1,16,Construct,Code 05.,"Lift ""C1-03 W02e(II)/W02d(II)/W02c(II)"" will be renamed as ""C1-03 W0e"".",Code 05a.,P-P-S-6840-0011
A,T4,C101,R05,AT4C101R05,AT4C101R05,02/18/2015,02/18/2015,1,115,122,1,3,Construct,Code 05.,"Lift ""C1-01 R05(II)/R04(I)"" will be renamed as ""C1-01 R05"".",Code 05a.,P-P-S-6840-0011
A,T4,C102,W02a,AT4C102W02a,AT4C102W02a,02/21/2015,02/21/2015,1,60,60,1,0,Construct,Code 04.,"Lift ""W02/01a+W02/W01c(I)"" will be separated into ""C1-02 W02a"", ""C1-02 W01a"", ""C1-03 W02a"", ""C1-03 W01a"" and ""C1-03 W01c"".  All quantities will be assigned to ""C1-02 W01a"".",Code 04a.,P-P-S-6840-0011
A,T4,C102,W01a,AT4C102W01a,AT4C102W01a,02/21/2015,02/21/2015,1,0,0,0,0,Construct,Code 04.,"Lift ""W02/01a+W02/W01c(I)"" will be separated into ""C1-02 W01a"", ""C1-02 W02a"", ""C1-03 W01a"", ""C1-03 W01c"" and ""C1-03 W02a"".  All quantities will be assigned to ""C1-02 W01a"".",Code 04a.,P-P-S-6840-0011
A,T4,C103,W02a,AT4C103W02a,AT4C103W02a,02/21/2015,02/21/2015,1,0,0,0,0,Construct,Code 04.,"Lift ""W02/01a+W02/W01c(I)"" will be separated into ""C1-02 W01a"", ""C1-02 W02a"", ""C1-03 W01a"", ""C1-03 W01c"" and ""C1-03 W02a"".  All quantities will be assigned to ""C1-02 W01a"".",Code 04a.,P-P-S-6840-0011
A,T4,C103,W01a,AT4C103W01a,AT4C103W01a,02/21/2015,02/21/2015,1,0,0,0,0,Construct,Code 04.,"Lift ""W02/01a+W02/W01c(I)"" will be separated into ""C1-02 W01a"", ""C1-02 W02a"", ""C1-03 W01a"", ""C1-03 W01c"" and ""C1-03 W02a"".  All quantities will be assigned to ""C1-02 W01a"".",Code 04a.,P-P-S-6840-0011
A,T4,C103,W01c,AT4C103W01c,AT4C103W01c,02/21/2015,02/21/2015,1,0,0,0,0,Construct,Code 04.,"Lift ""W02/01a+W02/W01c(I)"" will be separated into ""C1-02 W01a"", ""C1-02 W02a"", ""C1-03 W01a"", ""C1-03 W01c"" and ""C1-03 W02a"".  All quantities will be assigned to ""C1-02 W01a"".",Code 04a.,P-P-S-6840-0011
A,T4,C102,W01b,AT4C102W01b,AT4C102W01b,02/21/2015,02/21/2015,1,66,60,1,0,Construct,Code 04.,"Lift ""W02b(I)/W02d(I)/W01b/W01d"" will be separated into ""C1-02 W01b"", ""C1-03 W01b"", ""C1-03 W01d"" and ""C1-03 W01e"".  All quantities will be assigned to ""C1-02 W01b"".",Code 04a.,P-P-S-6840-0011
A,T4,C103,W01b,AT4C103W01b,AT4C103W01b,02/21/2015,02/21/2015,1,0,0,0,0,Construct,Code 04.,"Lift ""W02b(I)/W02d(I)/W01b/W01d"" will be separated into ""C1-02 W01b"", ""C1-03 W01b"", ""C1-03 W01d"" and ""C1-03 W01e"".  All quantities will be assigned to ""C1-02 W01b"".",Code 04a.,P-P-S-6840-0011
A,T4,C103,W01d,AT4C103W01d,AT4C103W01d,02/21/2015,02/21/2015,1,0,0,0,0,Construct,Code 04.,"Lift ""W02b(I)/W02d(I)/W01b/W01d"" will be separated into ""C1-02 W01b"", ""C1-03 W01b"", ""C1-03 W01d"" and ""C1-03 W01e"".  All quantities will be assigned to ""C1-02 W01b"".",Code 04a.,P-P-S-6840-0011
A,T4,C103,W01e,AT4C103W01e,AT4C103W01e,02/21/2015,02/21/2015,1,0,0,0,0,Construct,Code 04.,"Lift ""W02b(I)/W02d(I)/W01b/W01d"" will be separated into ""C1-02 W01b"", ""C1-03 W01b"", ""C1-03 W01d"" and ""C1-03 W01e"".  All quantities will be assigned to ""C1-02 W01b"".",Code 04a.,P-P-S-6840-0011
A,T4,C103,W02d,AT4C103W02d,AT4C103W02d,02/21/2015,02/21/2015,1,76,60,1,0,Construct,Code 03.,"Lift ""C1-03 W02e(I)/W02d(I)/W02c(I)"" will be separated into ""C1-03 W02d"" and ""C1-03 W02c"".",Code 03a.,P-P-S-6840-0011
A,T4,C103,W02c,AT4C103W02c,AT4C103W02c,02/21/2015,02/21/2015,1,0,0,0,10,Construct,Code 03.,"Lift ""C1-03 W02e(I)/W02d(I)/W02c(I)"" will be separated into ""C1-03 W02d"" and ""C1-03 W02c"".",Code 03a.,P-P-S-6840-0011
A,T4,C101,R04,AT4C101R04,AT4C101R04,03/03/2015,03/03/2015,1,129,156,1,0,Construct,Code 03.,"Lift ""C1-01 R04(II)/R03"" will be separated into ""C1-01 R04"" and ""C1-01 R03"". All quantities will be assigned to ""C1-01 R04"".",Code 03a.,P-P-S-6840-0011
A,T4,C101,R03,AT4C101R03,AT4C101R03,03/03/2015,03/03/2015,1,0,0,0,6,Construct,Code 03.,"Lift ""C1-01 R04(II)/R03"" will be separated into ""C1-01 R04"" and ""C1-01 R03"". All quantities will be assigned to ""C1-01 R04"".",Code 03a.,P-P-S-6840-0011
A,T4,C101,R02,AT4C101R02,AT4C101R02,03/09/2015,03/09/2015,1,29,64,1,3,Construct,,,,
A,T4,C102,P03,AT4C102P03,AT4C102P03,03/12/2015,03/12/2015,1,50,66,1,0,Construct,Code 04.,"Lift ""C1-02/03 P03+P02"" will be separated into ""C1-02 P03"", ""C1-02 P02"", ""C1-03 P03 and ""C1-03 P02"".  All quantities will be assigned to ""C1-02 P03"".",Code 04a.,P-P-S-6840-0011
A,T4,C102,P02,AT4C102P02,AT4C102P02,03/12/2015,03/12/2015,1,0,0,0,0,Construct,Code 04.,"Lift ""C1-02/03 P03+P02"" will be separated into ""C1-02 P03"", ""C1-02 P02"", ""C1-03 P03 and ""C1-03 P02"".  All quantities will be assigned to ""C1-02 P03"".",Code 04a.,P-P-S-6840-0011
A,T4,C103,P03,AT4C103P03,AT4C103P03,03/12/2015,03/12/2015,1,0,0,0,0,Construct,Code 04.,"Lift ""C1-02/03 P03+P02"" will be separated into ""C1-02 P03"", ""C1-02 P02"", ""C1-03 P03 and ""C1-03 P02"".  All quantities will be assigned to ""C1-02 P03"".",Code 04a.,P-P-S-6840-0011
A,T4,C103,P02,AT4C103P02,AT4C103P02,03/12/2015,03/12/2015,1,0,0,0,7,Construct,Code 04.,"Lift ""C1-02/03 P03+P02"" will be separated into ""C1-02 P03"", ""C1-02 P02"", ""C1-03 P03 and ""C1-03 P02"".  All quantities will be assigned to ""C1-02 P03"".",Code 04a.,P-P-S-6840-0011
A,T4,C101,R01,AT4C101R01,AT4C101R01,03/19/2015,03/19/2015,1,59,60,1,5,Construct,,,,
A,T4,C102,P01,AT4C102P01,AT4C102P01,03/24/2015,03/26/2015,3,20,32,2,-2,Construct,Code 03.,"Lift ""C1-02/03 P01(I)"" will be separated into ""C1-02 P01"" and ""C1-03 P01"".  All quantities will be assigned to ""C1-02 P01"".",Code 03a.,P-P-S-6840-0011
A,T4,C103,P01,AT4C103P01,AT4C103P01,03/24/2015,03/26/2015,3,0,0,0,-360,Construct,Code 03.,"Lift ""C1-02/03 P01(I)"" will be separated into ""C1-02 P01"" and ""C1-03 P01"".  All quantities will be assigned to ""C1-02 P01"".",Code 03a.,P-P-S-6840-0011
A,T4,C207,F01a,AT4C207F01a,AT4C207F01a,03/31/2014,04/01/2014,2,732,850,2,-1,Construct,Code 04.,"Lift ""C2 F01a/b+T4-C2-08-F01b+T4-C3-04-W02b(I)+T4-C3-05-W02b(II)+T4-C3-05-W01b(I)"" will be separated into ""C2-07 F01a"", ""C2-07 F01b"" and ""C2-08 F01b"".  All quantities will be assigned to ""C2-07 F01a"".",Code 04a.,P-P-S-6840-0008
A,T4,C207,F01b,AT4C207F01b,AT4C207F01b,03/31/2014,04/01/2014,2,0,0,0,#REF!,Construct,Code 04.,"Lift ""C2 F01a/b+T4-C2-08-F01b+T4-C3-04-W02b(I)+T4-C3-05-W02b(II)+T4-C3-05-W01b(I)"" will be separated into ""C2-07 F01a"", ""C2-07 F01b"" and ""C2-08 F01b"".  All quantities will be assigned to ""C2-07 F01a"".",Code 04a.,P-P-S-6840-0008
A,T4,C208,F01b,AT4C208F01b,AT4C208F01b,03/31/2014,04/01/2014,2,0,0,0,1,Construct,Code 04.,"Lift ""C2 F01a/b+T4-C2-08-F01b+T4-C3-04-W02b(I)+T4-C3-05-W02b(II)+T4-C3-05-W01b(I)"" will be separated into ""C2-07 F01a"", ""C2-07 F01b"" and ""C2-08 F01b"".  All quantities will be assigned to ""C2-07 F01a"".",Code 04a.,P-P-S-6840-0008
A,T4,C208,W02d,AT4C208W02d,AT4C208W02d,04/02/2014,04/02/2014,1,0,0,0,#REF!,Construct,Code 01.,"A new row was created under the name of ""W02d"" with 0 quantities and the dates of the previous lift plus one day.",Code 01a.,P-P-S-6840-0008
A,T4,C204,W02,AT4C204W02,AT4C204W02,07/05/2014,07/05/2014,1,179,180,1,-1,Construct,Code 04.,"Lift ""C204/05 W02"" will be separated into ""C2-04 W02"" and ""C2-05 W02"".  All quantities will be assigned to ""C2-04 W02"".",Code 04a.,P-P-S-6840-0003
A,T4,C205,F01,AT4C205F01,AT4C205F01,07/04/2014,07/04/2014,1,0,0,0,1,Construct,Code 01.,"A new row was created under the name of ""F01"" with 0 quantities and the dates of the next lift minus one day.",Code 01a.,P-P-S-6840-0003
A,T4,C205,W02,AT4C205W02,AT4C205W02,07/05/2014,07/05/2014,1,0,0,0,11,Construct,Code 04.,"Lift ""C204/05 W02"" will be separated into ""C2-04 W02"" and ""C2-05 W02"".  All quantities will be assigned to ""C2-04 W02"".",Code 04a.,P-P-S-6840-0009
A,T4,C205,W01,AT4C205W01,AT4C205W01,07/16/2014,07/16/2014,1,124,81,1,-2,Construct,Code 04.,"Lift ""C205/06 W01"" will be separated into ""C2-05 W01"" and ""C2-06 W01""  All quantities will be assigned to ""C2-05 W01"".",Code 04a.,P-P-S-6840-0009
A,T4,C206,F01,AT4C206F01,AT4C206F01,07/14/2014,07/14/2014,1,0,0,0,1,Construct,Code 01.,"A new row was created under the name of ""F01"" with 0 quantities and the dates of the next lift minus one day.",Code 01a.,P-P-S-6840-0009
A,T4,C206,W02,AT4C206W02,AT4C206W02,07/15/2014,07/15/2014,1,0,0,0,1,Construct,Code 01.,"A new row was created under the name of ""W02"" with 0 quantities and the dates of the previous lift plus one day.",Code 01a.,P-P-S-6840-0009
A,T4,C206,W01,AT4C206W01,AT4C206W01,07/16/2014,07/16/2014,1,0,0,0,41,Construct,Code 04.,"Lift ""C205/06 W01"" will be separated into ""C2-05 W01"" and ""C2-06 W01""  All quantities will be assigned to ""C2-05 W01"".",Code 04a.,P-P-S-6840-0009
A,T4,C201,W01,AT4C201W01,AT4C201W01,08/26/2014,08/26/2014,1,175,210,1,0,Construct,Code 04.,"Lift ""C201/02 W01"" will be separated into ""C2-01 W01"" and ""C2-02 W01"".  All quantities will be assigned to ""C2-01 W01"".",Code 04a.,P-P-S-6840-0008
A,T4,C202,W01,AT4C202W01,AT4C202W01,08/26/2014,08/26/2014,1,0,0,0,15,Construct,Code 04.,"Lift ""C201/02 W01"" will be separated into ""C2-01 W01"" and ""C2-02 W01"".  All quantities will be assigned to ""C2-01 W01"".",Code 04a.,P-P-S-6840-0008
A,T4,C206,P04,AT4C206P04,AT4C206P04,09/10/2014,09/11/2014,2,75,64,2,-1,Construct,Code 04.,"Lift ""C2-06/05 P04/P03"" will be separated into ""C2-06 P04"", ""C2-06 P03"", ""C2-05 P04"" and ""C2-05 P03"".  All quantities will be assigned to ""C2-06 P04"".",Code 04a.,P-P-S-6840-0008
A,T4,C206,P03,AT4C206P03,AT4C206P03,09/10/2014,09/11/2014,2,0,0,0,-1,Construct,Code 04.,"Lift ""C2-06/05 P04/P03"" will be separated into ""C2-06 P04"", ""C2-06 P03"", ""C2-05 P04"" and ""C2-05 P03"".  All quantities will be assigned to ""C2-06 P04"".",Code 04a.,P-P-S-6840-0008
A,T4,C205,P04,AT4C205P04,AT4C205P04,09/10/2014,09/11/2014,2,0,0,0,-1,Construct,Code 04.,"Lift ""C2-06/05 P04/P03"" will be separated into ""C2-06 P04"", ""C2-06 P03"", ""C2-05 P04"" and ""C2-05 P03"".  All quantities will be assigned to ""C2-06 P04"".",Code 04a.,P-P-S-6840-0008
A,T4,C205,P03,AT4C205P03,AT4C205P03,09/10/2014,09/11/2014,2,0,0,0,4,Construct,Code 04.,"Lift ""C2-06/05 P04/P03"" will be separated into ""C2-06 P04"", ""C2-06 P03"", ""C2-05 P04"" and ""C2-05 P03"".  All quantities will be assigned to ""C2-06 P04"".",Code 04a.,P-P-S-6840-0008
A,T4,C203,W02,AT4C203W02,AT4C203W02,09/15/2014,09/15/2014,1,40,63,1,3,Construct,Code 05.,"Lift ""C3-03 W02(II)"" will be renamed as ""C3-03 W02"".",Code 05a.,P-P-S-6840-0009
A,T4,C207,W06,AT4C207W06,AT4C207W06,09/18/2014,09/18/2014,1,28,33,1,2,Construct,,,,
A,T4,C206,P02,AT4C206P02,AT4C206P02,09/20/2014,09/20/2014,1,61,52,1,0,Construct,Code 04.,"Lift ""C2-06/05 P02/P01"" will be separated into ""C2-06 P02"", ""C2-06 P01"", ""C2-05 P02"" and ""C2-05 P01"".  All quantities will be assigned to ""C2-06 P02"".",Code 04a.,P-P-S-6840-0008
A,T4,C206,P01,AT4C206P01,AT4C206P01,09/20/2014,09/20/2014,1,0,0,0,0,Construct,Code 04.,"Lift ""C2-06/05 P02/P01"" will be separated into ""C2-06 P02"", ""C2-06 P01"", ""C2-05 P02"" and ""C2-05 P01"".  All quantities will be assigned to ""C2-06 P02"".",Code 04a.,P-P-S-6840-0008
A,T4,C205,P02,AT4C205P02,AT4C205P02,09/20/2014,09/20/2014,1,0,0,0,0,Construct,Code 04.,"Lift ""C2-06/05 P02/P01"" will be separated into ""C2-06 P02"", ""C2-06 P01"", ""C2-05 P02"" and ""C2-05 P01"".  All quantities will be assigned to ""C2-06 P02"".",Code 04a.,P-P-S-6840-0008
A,T4,C205,P01,AT4C205P01,AT4C205P01,09/20/2014,09/20/2014,1,0,0,0,4,Construct,Code 04.,"Lift ""C2-06/05 P02/P01"" will be separated into ""C2-06 P02"", ""C2-06 P01"", ""C2-05 P02"" and ""C2-05 P01"".  All quantities will be assigned to ""C2-06 P02"".",Code 04a.,P-P-S-6840-0008
A,T4,C203,W01,AT4C203W01,AT4C203W01,09/24/2014,09/24/2014,1,96,115,1,6,Construct,Code 05.,"Lift ""C3-03 W01(II)"" will be renamed as ""C3-03 W01"".",Code 05a.,P-P-S-6840-0009
A,T4,C201,R02,AT4C201R02,AT4C201R02,09/30/2014,09/30/2014,1,152,228,1,0,Construct,Code 04.,"Lift ""C201/02 R02"" will be separated into ""C2-01 R02"" and ""C2-02 R02"".  All quantities will be assigned to ""C2-01 R02"".",Code 04a.,P-P-S-6840-0008
A,T4,C202,R02,AT4C202R02,AT4C202R02,09/30/2014,09/30/2014,1,0,0,0,0,Construct,Code 04.,"Lift ""C201/02 R02"" will be separated into ""C2-01 R02"" and ""C2-02 R02"".  All quantities will be assigned to ""C2-01 R02"".",Code 04a.,P-P-S-6840-0008
A,T4,C207,W05,AT4C207W05,AT4C207W05,09/30/2014,09/30/2014,1,95,84,1,0,Construct,Code 04.,"Lift ""C207/08 W05"" will be separated into ""C2-07 W05"" and ""C2-08 W05"".  All quantities will be assigned to ""C2-07 W05"".",Code 04a.,P-P-S-6840-0009
A,T4,C208,W05,AT4C208W05,AT4C208W05,09/30/2014,09/30/2014,1,0,0,0,3,Construct,Code 04.,"Lift ""C207/08 W05"" will be separated into ""C2-07 W05"" and ""C2-08 W05"".  All quantities will be assigned to ""C2-07 W05"".",Code 04a.,P-P-S-6840-0009
A,T4,C201,R01,AT4C201R01,AT4C201R01,10/03/2014,10/04/2014,2,232,274,2,-1,Construct,Code 04.,"Lift ""C201/02 R01"" will be separated into ""C2-01 R01"" and ""C2-02 R01"".  All quantities will be assigned to ""C2-01 R01"".",Code 04a.,P-P-S-6840-0008
A,T4,C202,R01,AT4C202R01,AT4C202R01,10/03/2014,10/04/2014,2,0,0,0,2,Construct,Code 04.,"Lift ""C201/02 R01"" will be separated into ""C2-01 R01"" and ""C2-02 R01"".  All quantities will be assigned to ""C2-01 R01"".",Code 04a.,P-P-S-6840-0008
A,T4,C207,P07,AT4C207P07,AT4C207P07,10/06/2014,10/06/2014,1,18,13,1,14,Construct,,,,
A,T4,C203,R02,AT4C203R02,AT4C203R02,10/20/2014,10/20/2014,1,298,272,1,0,Construct,Code 04.,"Lift ""C203/04 R02"" will be separated into ""C2-03 R02"" and ""C2-04 R02"".  All quantities will be assigned to ""C2-03 R02"".",Code 04a.,P-P-S-6840-0009
A,T4,C204,R02,AT4C204R02,AT4C204R02,10/20/2014,10/20/2014,1,0,0,0,3,Construct,Code 04.,"Lift ""C203/04 R02"" will be separated into ""C2-03 R02"" and ""C2-04 R02"".  All quantities will be assigned to ""C2-03 R02"".",Code 04a.,P-P-S-6840-0009
A,T4,C203,R01,AT4C203R01,AT4C203R01,10/23/2014,10/24/2014,2,391,455,2,-1,Construct,Code 04.,"Lift ""C203/04 R01"" will be separated into ""C2-03 R01"" and ""C2-04 R01"".  All quantities will be assigned to ""C2-03 R01"".",Code 04a.,P-P-S-6840-0009
A,T4,C204,R01,AT4C204R01,AT4C204R01,10/23/2014,10/24/2014,2,0,0,0,15,Construct,Code 04.,"Lift ""C203/04 R01"" will be separated into ""C2-03 R01"" and ""C2-04 R01"".  All quantities will be assigned to ""C2-03 R01"".",Code 04a.,P-P-S-6840-0009
A,T4,C205,R07,AT4C205R07,AT4C205R07,11/08/2014,11/08/2014,1,134,84,1,7,Construct,,,,
A,T4,C205,R06,AT4C205R06,AT4C205R06,11/15/2014,11/15/2014,1,299,270,1,-226,Construct,,,,
A,T4,C208,F01a,AT4C208F01a,AT4C208F01a,04/03/2014,04/03/2014,1,135,125,2,251,Construct,Code 02.,"Joinig lifts ""C2-08 F01a(I)"" and ""C2-08 F01a(II)"". ",Code 02a.,P-P-S-6840-0009
A,T4,C207,P06,AT4C207P06,AT4C207P06,12/10/2014,12/10/2014,1,61,48,1,0,Construct,Code 04.,"Lift ""C207/08 P06/P05"" will be separated into ""C2-07 P06"", ""C2-07 P05"" and ""C2-08 P05"".  All quantities will be assigned to ""C2-07 P06"".",Code 04a.,P-P-S-6840-0008
A,T4,C207,P05,AT4C207P05,AT4C207P05,12/10/2014,12/10/2014,1,0,0,0,0,Construct,Code 04.,"Lift ""C207/08 P06/P05"" will be separated into ""C2-07 P06"", ""C2-07 P05"" and ""C2-08 P05"".  All quantities will be assigned to ""C2-07 P06"".",Code 04a.,P-P-S-6840-0008
A,T4,C208,P05,AT4C208P05,AT4C208P05,12/10/2014,12/10/2014,1,0,0,0,6,Construct,Code 04.,"Lift ""C207/08 P06/P05"" will be separated into ""C2-07 P06"", ""C2-07 P05"" and ""C2-08 P05"".  All quantities will be assigned to ""C2-07 P06"".",Code 04a.,P-P-S-6840-0008
A,T4,C205,R04,AT4C205R04,AT4C205R04,12/16/2014,12/16/2014,1,328,381,1,0,Construct,Code 03.,"Lift ""C205 R04(I)/R05"" will be separated into ""C2-05 R04"" and ""C2-05 R05"".  All quantities will be assigned to ""C2-05 R04"".",Code 03a.,P-P-S-6840-0009
A,T4,C205,R05,AT4C205R05,AT4C205R05,12/16/2014,12/16/2014,1,0,0,0,4,Construct,Code 03.,"Lift ""C205 R04(I)/R05"" will be separated into ""C2-05 R04"" and ""C2-05 R05"".  All quantities will be assigned to ""C2-05 R04"".",Code 03a.,P-P-S-6840-0009
A,T4,C207,P04,AT4C207P04,AT4C207P04,12/20/2014,12/20/2014,1,73,90,1,0,Construct,Code 04.,"Lift ""C207/08 P04/P03"" will be separated into ""C2-07 P04"", ""C2-07 P03"", ""C2-08 P04"" and ""C2-08 P03"".  All quantities will be assigned to ""C2-07 P04"".",Code 04a.,P-P-S-6840-0008
A,T4,C207,P03,AT4C207P03,AT4C207P03,12/20/2014,12/20/2014,1,0,0,0,0,Construct,Code 04.,"Lift ""C207/08 P04/P03"" will be separated into ""C2-07 P04"", ""C2-07 P03"", ""C2-08 P04"" and ""C2-08 P03"".  All quantities will be assigned to ""C2-07 P04"".",Code 04a.,P-P-S-6840-0008
A,T4,C208,P04,AT4C208P04,AT4C208P04,12/20/2014,12/20/2014,1,0,0,0,0,Construct,Code 04.,"Lift ""C207/08 P04/P03"" will be separated into ""C2-07 P04"", ""C2-07 P03"", ""C2-08 P04"" and ""C2-08 P03"".  All quantities will be assigned to ""C2-07 P04"".",Code 04a.,P-P-S-6840-0008
A,T4,C208,P03,AT4C208P03,AT4C208P03,12/20/2014,12/20/2014,1,0,0,0,18,Construct,Code 04.,"Lift ""C207/08 P04/P03"" will be separated into ""C2-07 P04"", ""C2-07 P03"", ""C2-08 P04"" and ""C2-08 P03"".  All quantities will be assigned to ""C2-07 P04"".",Code 04a.,P-P-S-6840-0008
A,T4,C207,W04,AT4C207W04,AT4C207W04,01/07/2015,01/07/2015,1,143,115,1,0,Construct,Code 04.,"Lift ""C207/08 W04/W03b"" will be separated into ""C2-07 W04"" and ""C2-08 W04"".  All quantities will be assigned to ""C2-07 W04"".",Code 04a.,P-P-S-6840-0009
A,T4,C208,W04,AT4C208W04,AT4C208W04,01/07/2015,01/07/2015,1,0,0,0,15,Construct,Code 04.,"Lift ""C207/08 W04/W03b"" will be separated into ""C2-07 W04"" and ""C2-08 W04"".  All quantities will be assigned to ""C2-07 W04"".",Code 04a.,P-P-S-6840-0009
A,T4,C207,W03a,AT4C207W03a,AT4C207W03a,01/22/2015,01/22/2015,1,81,82,1,0,Construct,Code 04.,"Lift ""C207/08 W03a"" will be separated into ""C2-07 W03a"" and ""C2-08 W03a"".  All quantities will be assigned to ""C2-07 W03a"".",Code 04a.,P-P-S-6840-0009
A,T4,C208,W03a,AT4C208W03a,AT4C208W03a,01/22/2015,01/22/2015,1,0,0,0,13,Construct,Code 04.,"Lift ""C207/08 W03a"" will be separated into ""C2-07 W03a"" and ""C2-08 W03a"".  All quantities will be assigned to ""C2-07 W03a"".",Code 04a.,P-P-S-6840-0009
A,T4,C207,W02a,AT4C207W02a,AT4C207W02a,02/04/2015,02/04/2015,1,34,35,1,0,Construct,Code 04.,"Lift ""C207/08 W02a"" will be separated into ""C2-07 W02a"" and ""C2-08 W02a"".  All quantities will be assigned to ""C2-07 W02a"".",Code 04a.,P-P-S-6840-0009
A,T4,C208,W02a,AT4C208W02a,AT4C208W02a,02/04/2015,02/04/2015,1,0,0,0,6,Construct,Code 04.,"Lift ""C207/08 W02a"" will be separated into ""C2-07 W02a"" and ""C2-08 W02a"".  All quantities will be assigned to ""C2-07 W02a"".",Code 04a.,P-P-S-6840-0009
A,T4,C208,W02e,AT4C208W02e,AT4C208W02e,02/10/2015,02/10/2015,1,23,20,1,0,Construct,Code 03.,"Lift ""C2-08 W02e/W02c"" will be separated into ""C2-08 W02e and ""C2-08 W02c"".  All quantities will be assigned to ""C2-08 W02e"".",Code 03a.,P-P-S-6840-0009
A,T4,C208,W02c,AT4C208W02c,AT4C208W02c,02/10/2015,02/10/2015,1,0,0,0,14,Construct,Code 03.,"Lift ""C2-08 W02e/W02c"" will be separated into ""C2-08 W02e and ""C2-08 W02c"".  All quantities will be assigned to ""C2-08 W02e"".",Code 03a.,P-P-S-6840-0009
A,T4,C205,R03,AT4C205R03,AT4C205R03,02/24/2015,02/25/2015,2,414,463,2,-1,Construct,Code 03.,"Lift ""C205 R04(II)/R03/R02(I)"" will be separated into ""C2-05 R03"" and ""C2-05 R02"".  All quantities will be assigned to ""C2-05 R03"".",Code 03a.,P-P-S-6840-0009
A,T4,C205,R02,AT4C205R02,AT4C205R02,02/24/2015,02/25/2015,2,0,0,0,7,Construct,Code 03.,"Lift ""C205 R04(II)/R03/R02(I)"" will be separated into ""C2-05 R03"" and ""C2-05 R02"".  All quantities will be assigned to ""C2-05 R03"".",Code 03a.,P-P-S-6840-0009
A,T4,C207,W03b,AT4C207W03b,AT4C207W03b,03/04/2015,03/04/2015,1,58,85,1,0,Construct,Code 04.,"Lift ""C207/08 W03b(II)"" will be separated into ""C2-07 W03b"" and ""C2-08 W03b"".  All quantities will be assigned to ""C2-07 W03b"".",Code 04a.,P-P-S-6840-0009
A,T4,C207,W02b,AT4C207W02b,AT4C207W02b,03/05/2014,03/05/2014,2,0,0,0,-1,Construct,Code 01.,"A new row was created uner the name of ""C207-W02b"", with 0 quantities and the dates of the previous lift plus one day.",Code 01a.,P-P-S-6840-0009
A,T4,C208,W03b,AT4C208W03b,AT4C208W03b,03/04/2015,03/04/2015,1,0,0,0,9,Construct,Code 04.,"Lift ""C207/08 W03b(II)"" will be separated into ""C2-07 W03b"" and ""C2-08 W03b"".  All quantities will be assigned to ""C2-07 W03b"".",Code 04a.,P-P-S-6840-0009
A,T4,C208,W02b,AT4C208W02b,AT4C208W02b,03/05/2014,03/05/2014,2,0,0,0,95,Construct,Code 01.,"A new row was created uner the name of ""C207-W02b"", with 0 quantities and the dates of the previous lift plus one day.",Code 01a.,P-P-S-6840-0009
A,T4,C207,W01a,AT4C207W01a,AT4C207W01a,03/13/2015,03/13/2015,1,186,180,1,0,Construct,Code 04.,"Lift ""C207/08 W01a+T4-C2-08-W01e/W01c/W01d+T4-C2-07/08-W01b"" will be separated into ""C2-07 W01a"", ""C2-07 W01b"", ""C2-08 W01a"", ""C2-08 W01b"", ""C2-08 W01c"", ""C2-08 W01d"" and ""C2-08 W01e"".  All quantities will be assigned to ""C2-07 W01a"".",Code 04a.,P-P-S-6840-0009
A,T4,C207,W01b,AT4C207W01b,AT4C207W01b,03/13/2015,03/13/2015,1,0,0,0,0,Construct,Code 04.,"Lift ""C207/08 W01a+T4-C2-08-W01e/W01c/W01d+T4-C2-07/08-W01b"" will be separated into ""C2-07 W01a"", ""C2-07 W01b"", ""C2-08 W01a"", ""C2-08 W01b"", ""C2-08 W01c"", ""C2-08 W01d"" and ""C2-08 W01e"".  All quantities will be assigned to ""C2-07 W01a"".",Code 04a.,P-P-S-6840-0009
A,T4,C208,W01a,AT4C208W01a,AT4C208W01a,03/13/2015,03/13/2015,1,0,0,0,0,Construct,Code 04.,"Lift ""C207/08 W01a+T4-C2-08-W01e/W01c/W01d+T4-C2-07/08-W01b"" will be separated into ""C2-07 W01a"", ""C2-07 W01b"", ""C2-08 W01a"", ""C2-08 W01b"", ""C2-08 W01c"", ""C2-08 W01d"" and ""C2-08 W01e"".  All quantities will be assigned to ""C2-07 W01a"".",Code 04a.,P-P-S-6840-0009
A,T4,C208,W01b,AT4C208W01b,AT4C208W01b,03/13/2015,03/13/2015,1,0,0,0,0,Construct,Code 04.,"Lift ""C207/08 W01a+T4-C2-08-W01e/W01c/W01d+T4-C2-07/08-W01b"" will be separated into ""C2-07 W01a"", ""C2-07 W01b"", ""C2-08 W01a"", ""C2-08 W01b"", ""C2-08 W01c"", ""C2-08 W01d"" and ""C2-08 W01e"".  All quantities will be assigned to ""C2-07 W01a"".",Code 04a.,P-P-S-6840-0009
A,T4,C208,W01c,AT4C208W01c,AT4C208W01c,03/13/2015,03/13/2015,1,0,0,0,0,Construct,Code 04.,"Lift ""C207/08 W01a+T4-C2-08-W01e/W01c/W01d+T4-C2-07/08-W01b"" will be separated into ""C2-07 W01a"", ""C2-07 W01b"", ""C2-08 W01a"", ""C2-08 W01b"", ""C2-08 W01c"", ""C2-08 W01d"" and ""C2-08 W01e"".  All quantities will be assigned to ""C2-07 W01a"".",Code 04a.,P-P-S-6840-0009
A,T4,C208,W01d,AT4C208W01d,AT4C208W01d,03/13/2015,03/13/2015,1,0,0,0,0,Construct,Code 04.,"Lift ""C207/08 W01a+T4-C2-08-W01e/W01c/W01d+T4-C2-07/08-W01b"" will be separated into ""C2-07 W01a"", ""C2-07 W01b"", ""C2-08 W01a"", ""C2-08 W01b"", ""C2-08 W01c"", ""C2-08 W01d"" and ""C2-08 W01e"".  All quantities will be assigned to ""C2-07 W01a"".",Code 04a.,P-P-S-6840-0009
A,T4,C208,W01e,AT4C208W01e,AT4C208W01e,03/13/2015,03/13/2015,1,0,0,0,7,Construct,Code 04.,"Lift ""C207/08 W01a+T4-C2-08-W01e/W01c/W01d+T4-C2-07/08-W01b"" will be separated into ""C2-07 W01a"", ""C2-07 W01b"", ""C2-08 W01a"", ""C2-08 W01b"", ""C2-08 W01c"", ""C2-08 W01d"" and ""C2-08 W01e"".  All quantities will be assigned to ""C2-07 W01a"".",Code 04a.,P-P-S-6840-0009
A,T4,C205,R01,AT4C205R01,AT4C205R01,03/20/2015,03/20/2015,1,170,168,1,0,Construct,Code 03.,"Lift ""C205 R02(II)/R01"" will be separated into ""C2-05 R02a"" and ""C2-05 R01"".  All quantities will be assigned to ""C2-05 R01"".",Code 03a.,P-P-S-6840-0009
A,T4,C205,R02a,AT4C205R02a,AT4C205R02a,03/20/2015,03/20/2015,1,0,0,0,24,Construct,Code 03.,"Lift ""C205 R02(II)/R01"" will be separated into ""C2-05 R02a"" and ""C2-05 R01"".  All quantities will be assigned to ""C2-05 R01"".",Code 03a.,P-P-S-6840-0005
A,T4,C207,P02,AT4C207P02,AT4C207P02,04/13/2015,04/13/2015,1,23,20,1,0,Construct,Code 04.,"Lift ""C2-07/08 P02"" will be separated into ""C2-07 P02"" and ""C2-08 P02"".  All quantities will be assigned to ""C2-07 P02"".",Code 04a.,P-P-S-6840-0005
A,T4,C208,P02,AT4C208P02,AT4C208P02,04/13/2015,04/13/2015,1,0,0,0,5,Construct,Code 04.,"Lift ""C2-07/08 P02"" will be separated into ""C2-07 P02"" and ""C2-08 P02"".  All quantities will be assigned to ""C2-07 P02"".",Code 04a.,P-P-S-6840-0008
A,T4,C205,R02b,AT4C205R02b,AT4C205R02b,04/18/2015,04/18/2015,1,13,8,1,5,Construct,Code 04.,"Lift ""C205 R02b(corbel)"" will be renamed as ""C2-05 R02b"".",Code 04a.,P-P-S-6840-0005
A,T4,C207,P01,AT4C207P01,AT4C207P01,04/23/2015,04/23/2015,1,14,12,1,0,Construct,Code 04.,"Lift ""C2-07/08 P01"" will be separated into ""C2-07 P01"" and ""C2-08 P01"".  All quantities will be assigned to ""C2-07 P01"".",Code 04a.,P-P-S-6840-0008
A,T4,C208,P01,AT4C208P01,AT4C208P01,04/23/2015,04/23/2015,1,0,0,0,-505,Construct,Code 04.,"Lift ""C2-07/08 P01"" will be separated into ""C2-07 P01"" and ""C2-08 P01"".  All quantities will be assigned to ""C2-07 P01"".",Code 04a.,P-P-S-6840-0008
A,T4,C310,F01a,AT4C310F01a,AT4C310F01a,12/04/2013,12/05/2013,2,456,358,2,-1,Construct,Code 03.,"Lift ""C3 10-F01a/F01b"" will be separated into ""C3-10 F01a"" and ""C3-10 F01b"". All quantities will be assigned to ""C3-10 F01a"".",Code 03a.,P-P-S-6840-0003
A,T4,C310,F01b,AT4C310F01b,AT4C310F01b,12/04/2013,12/05/2013,2,0,0,0,5,Construct,Code 03.,"Lift ""C3 10-F01a/F01b"" will be separated into ""C3-10 F01a"" and ""C3-10 F01b"". All quantities will be assigned to ""C3-10 F01a"".",Code 03a.,P-P-S-6840-0003
A,T4,C308,F01,AT4C308F01,AT4C308F01,12/10/2013,12/11/2013,2,583,535,2,-1,Construct,Code 04.,"Lift ""C3 08/07-F01"" will be separated into ""C3-08 F01"" and ""C3-07 F01"".  All quantities will be assigned to ""C3-08 F01"".",Code 04a.,P-P-S-6840-0003
A,T4,C307,F01,AT4C307F01,AT4C307F01,12/10/2013,12/11/2013,2,0,0,0,2,Construct,Code 04.,"Lift ""C3 08/07-F01"" will be separated into ""C3-08 F01"" and ""C3-07 F01"".  All quantities will be assigned to ""C3-08 F01"".",Code 04a.,P-P-S-6840-0003
A,T4,C305,F01,AT4C305F01,AT4C305F01,12/13/2013,12/14/2013,2,445,370,2,4,Construct,Code 05.,"Lift ""C3 05-F01"" will be renamed as ""C3-05 F01"".",Code 05a.,P-P-S-6840-0003
A,T4,C304,F01,AT4C304F01,AT4C304F01,12/18/2013,12/19/2013,2,1253,1289,2,1,Construct,Code 04.,"Lift ""C3 04/03-F01&05/04-F01"" will be renamed as ""C3-04 F01"".",Code 04a.,P-P-S-6840-0003
A,T4,C309,F01,AT4C309F01,AT4C309F01,12/20/2013,12/20/2013,1,288,258,1,3,Construct,Code 05.,"Lift ""C3 09-F01"" will be renamed as ""C3-09 F01"".",Code 05a.,P-P-S-6840-0003
A,T4,C306,F01,AT4C306F01,AT4C306F01,12/23/2013,12/23/2013,1,424,359,1,4,Construct,Code 05.,"Lift ""C3 06-F01"" will be renamed as ""C3-06 F01"".",Code 05a.,P-P-S-6840-0003
A,T4,C303,F01,AT4C303F01,AT4C303F01,12/27/2013,12/27/2013,1,907,915,1,0,Construct,Code 05.,"Lift ""C3-04/05(I) R01"" will be renamed as ""C3-05 R01"".",Code 05a.,P-P-S-6840-0003
A,T4,C310,W05a,AT4C310W05a,AT4C310W05a,12/27/2013,01/07/2014,12,104,90,2,-10,Construct,Code 05.,"Lift ""C3-10 W05a"" will be renamed as ""C3-10 W05a"".",Code 05a.,P-P-S-6840-0003
A,T4,C302,F01,AT4C302F01,AT4C302F01,12/28/2013,12/28/2013,1,127.15,335,1,0,Construct,Code 04.,"Lift ""C3 03/02-F01+T4-C2-04/03/02"" will be separated into ""C3-02 F01"", ""C2-04 F01"" and ""C02-03 F01"".  All quantities will be assigned to ""C3-02 F01"".",Code 04a.,P-P-S-6840-0003
A,T4,C204,F01,AT4C204F01,AT4C204F01,12/28/2013,12/28/2013,1,0,0,0,0,Construct,Code 04.,"Lift ""C3 03/02-F01+T4-C2-04/03/02"" will be separated into ""C3-02 F01"", ""C2-04 F01"" and ""C02-03 F01"".  All quantities will be assigned to ""C3-02 F01"".",Code 04a.,P-P-S-6840-0003
A,T4,C203,F01,AT4C203F01,AT4C203F01,12/28/2013,12/28/2013,1,0,0,0,7,Construct,Code 04.,"Lift ""C3 03/02-F01+T4-C2-04/03/02"" will be separated into ""C3-02 F01"", ""C2-04 F01"" and ""C02-03 F01"".  All quantities will be assigned to ""C3-02 F01"".",Code 04a.,P-P-S-6840-0009
A,T4,C310,W05b,AT4C310W05b,AT4C310W05b,01/04/2014,01/04/2014,1,48,45,1,7,Construct,Code 05.,"Lift ""C3-10 W05b"" will be renamed as ""C3-10 W05b"".",Code 05a.,P-P-S-6840-0004
A,T4,C308,W02a,AT4C308W02a,AT4C308W02a,01/11/2014,01/11/2014,1,141,100,1,0,Construct,Code 04.,"Lift ""C3 08/07-W02a"" will be separated into ""C3-08 W02a"" and ""C3-07 W02a"".  All quantities will be assigned to ""C3-08 W02a"".",Code 04a.,P-P-S-6840-0004
A,T4,C307,W02a,AT4C307W02a,AT4C307W02a,01/11/2014,01/11/2014,1,0,0,0,3,Construct,Code 04.,"Lift ""C3 08/07-W02a"" will be separated into ""C3-08 W02a"" and ""C3-07 W02a"".  All quantities will be assigned to ""C3-08 W02a"".",Code 04a.,P-P-S-6840-0004
A,T4,C310,P06,AT4C310P06,AT4C310P06,01/14/2014,01/14/2014,1,32,27,1,1,Construct,Code 03.,"Lift ""C3 10-P06+T4-C03-09-P04a"" will be separated into ""C3-10 P06"" and ""C3-09 P04"". All quantities will be assigned to ""C3-10 P04"".",Code 03a.,P-P-S-6840-0004
A,T4,C309,P03,AT4C309P03,AT4C309P03,01/15/2014,01/15/2014,1,0,0,0,-1,Construct,Code 01.,"A new row was created under the name of ""P03"" with 0 quantities and the dates of the previous lift plus one day.",Code 01a.,P-P-S-6840-0003
A,T4,C309,P04,AT4C309P04,AT4C309P04,01/14/2014,01/14/2014,1,0,0,0,3,Construct,Code 03.,"Lift ""C3 10-P06+T4-C03-09-P04a"" will be separated into ""C3-10 P06"" and ""C3-09 P04"". All quantities will be assigned to ""C3-10 P04"".",Code 03a.,P-P-S-6840-0004
A,T4,C309,W02b,AT4C309W02b,AT4C309W02b,01/17/2014,01/17/2014,1,208,150,1,0,Construct,Code 04.,"Lift ""C3 09/08/07-W02b"" will be separated into ""C3-09 W02b"", ""C3-08 W02b"" and ""C3-07 W02b"".  All quantities will be assigned to ""C3-09 W02b"".",Code 04a.,P-P-S-6840-0004
A,T4,C308,W02b,AT4C308W02b,AT4C308W02b,01/17/2014,01/17/2014,1,0,0,0,0,Construct,Code 04.,"Lift ""C3 09/08/07-W02b"" will be separated into ""C3-09 W02b"", ""C3-08 W02b"" and ""C3-07 W02b"".  All quantities will be assigned to ""C3-09 W02b"".",Code 04a.,P-P-S-6840-0004
A,T4,C307,W02b,AT4C307W02b,AT4C307W02b,01/17/2014,01/17/2014,1,0,0,0,4,Construct,Code 04.,"Lift ""C3 09/08/07-W02b"" will be separated into ""C3-09 W02b"", ""C3-08 W02b"" and ""C3-07 W02b"".  All quantities will be assigned to ""C3-09 W02b"".",Code 04a.,P-P-S-6840-0004
A,T4,C306,W02a,AT4C306W02a,AT4C306W02a,01/21/2014,01/21/2014,1,120,156,1,0,Construct,Code 03.,"Lift ""C3 06-W02a&b"" will be separated into ""C3-06 W02a"" and ""C3-06 W02b"".  All quantities will be assigned to ""C3-06 W02a"".",Code 03a.,P-P-S-6840-0004
A,T4,C306,W02b,AT4C306W02b,AT4C306W02b,01/21/2014,01/21/2014,1,0,0,0,0,Construct,Code 03.,"Lift ""C3 06-W02a&b"" will be separated into ""C3-06 W02a"" and ""C3-06 W02b"".  All quantities will be assigned to ""C3-06 W02a"".",Code 03a.,P-P-S-6840-0004
A,T4,C309,W02a,AT4C309W02a,AT4C309W02a,01/21/2014,01/21/2014,1,63,50,1,3,Construct,Code 05.,"Lift ""C3 09-W02a"" will be renamed as ""C3-09 W02a"".",Code 05a.,P-P-S-6840-0004
A,T4,C310,W04b,AT4C310W04b,AT4C310W04b,01/24/2014,07/12/2014,170,104,113,2,-166,Construct,Code 02.,"Joining lifts ""C3 10-W04b"" and ""C3-10 W04b(II)"" under the name of ""C3-10 W04b"".",Code 04a.,P-P-S-6840-0004
A,T4,C306,W01a,AT4C306W01a,AT4C306W01a,01/27/2014,01/27/2014,1,120,78,1,45,Construct,Code 05.,"Lift ""C3 06-W02a"" will be renamed as ""C3-06 W01a"".",Code 05a.,P-P-S-6840-0004
A,T4,C308,P04,AT4C308P04,AT4C308P04,03/13/2014,03/13/2014,1,64,26,1,0,Construct,Code 03.,"Lift ""C3 08-P04/03"" will be separated into ""C3-08 P04"" and ""C3-08 P03"". All quantities will be assigned to ""C3-08 P04"".",Code 03a.,P-P-S-6840-0004
A,T4,C308,P03,AT4C308P03,AT4C308P03,03/13/2014,03/13/2014,1,0,0,0,0,Construct,Code 03.,"Lift ""C3 08-P04/03"" will be separated into ""C3-08 P04"" and ""C3-08 P03"". All quantities will be assigned to ""C3-08 P04"".",Code 03a.,P-P-S-6840-0004
A,T4,C309,W01b,AT4C309W01b,AT4C309W01b,03/13/2014,03/13/2014,1,144,130,1,0,Construct,Code 04.,"Lift ""C3 09/08/07-W01b"" will be separated into ""C3-09 W01b"", ""C3-08 W01b"" and ""C3-07 W01b"".  All quantities will be assigned to ""C3-09 W01b"".",Code 04a.,P-P-S-6840-0004
A,T4,C308,W01b,AT4C308W01b,AT4C308W01b,03/13/2014,03/13/2014,1,0,0,0,0,Construct,Code 04.,"Lift ""C3 09/08/07-W01b"" will be separated into ""C3-09 W01b"", ""C3-08 W01b"" and ""C3-07 W01b"".  All quantities will be assigned to ""C3-09 W01b"".",Code 04a.,P-P-S-6840-0004
A,T4,C307,W01b,AT4C307W01b,AT4C307W01b,03/13/2014,03/13/2014,1,0,0,0,1,Construct,Code 04.,"Lift ""C3 09/08/07-W01b"" will be separated into ""C3-09 W01b"", ""C3-08 W01b"" and ""C3-07 W01b"".  All quantities will be assigned to ""C3-09 W01b"".",Code 04a.,P-P-S-6840-0004
A,T4,C305,W02b,AT4C305W02b,AT4C305W02b,03/14/2014,05/14/2014,62,88,115,2,-61,Construct,Code 02.,"Joining lifts ""C3 05-W02b"" and ""C3 04-W02b(II)+T4-C03-05-W02b(III)"" under the name of ""C3-05 W02b"".",Code 02a.,P-P-S-6840-0004
A,T4,C311,F01b,AT4C311F01b,AT4C311F01b,03/14/2014,03/15/2014,2,256,164,2,13,Construct,Code 05.,"Lift ""C3 11-F01b"" will be renamed as ""C3-11 F01b"".",Code 05a.,P-P-S-6840-0004
A,T4,C301,F01,AT4C301F01,AT4C301F01,03/28/2014,03/29/2014,2,852,875,2,-1,Construct,Code 04.,"Lift ""C3 01-F01&T4-C02-02/01-F01"" will be separated into ""C3-01 F01"", ""C02-02 F01"" and ""C2-01 F01"".  All quantities will be assigned to ""C3-01 F01"".",Code 04a.,P-P-S-6840-0004
A,T4,C201,F01,AT4C201F01,AT4C201F01,03/28/2014,03/29/2014,2,0,0,0,-1,Construct,Code 04.,"Lift ""C3 01-F01&T4-C02-02/01-F01"" will be separated into ""C3-01 F01"", ""C02-02 F01"" and ""C2-01 F01"".  All quantities will be assigned to ""C3-01 F01"".",Code 04a.,P-P-S-6840-0008
A,T4,C202,F01,AT4C202F01,AT4C202F01,03/28/2014,03/29/2014,2,0,0,0,11,Construct,Code 04.,"Lift ""C3 01-F01&T4-C02-02/01-F01"" will be separated into ""C3-01 F01"", ""C02-02 F01"" and ""C2-01 F01"".  All quantities will be assigned to ""C3-01 F01"".",Code 04a.,P-P-S-6840-0004
A,T4,C308,P02,AT4C308P02,AT4C308P02,04/09/2014,04/09/2014,1,48,48,1,0,Construct,Code 04.,"Lift ""C3 08/09-P02/01"" will be separated into ""C3-08 P02"", ""C3-08 P01"", ""C3-09 P02"" and ""C3-09 P01"".  All quantities will be assigned to ""C3-08 P02"".",Code 04a.,P-P-S-6840-0004
A,T4,C308,P01,AT4C308P01,AT4C308P01,04/09/2014,04/09/2014,1,0,0,0,0,Construct,Code 04.,"Lift ""C3 08/09-P02/01"" will be separated into ""C3-08 P02"", ""C3-08 P01"", ""C3-09 P02"" and ""C3-09 P01"".  All quantities will be assigned to ""C3-08 P02"".",Code 04a.,P-P-S-6840-0004
A,T4,C309,P02,AT4C309P02,AT4C309P02,04/09/2014,04/09/2014,1,0,0,0,0,Construct,Code 04.,"Lift ""C3 08/09-P02/01"" will be separated into ""C3-08 P02"", ""C3-08 P01"", ""C3-09 P02"" and ""C3-09 P01"".  All quantities will be assigned to ""C3-08 P02"".",Code 04a.,P-P-S-6840-0004
A,T4,C309,P01,AT4C309P01,AT4C309P01,04/09/2014,04/09/2014,1,0,0,0,30,Construct,Code 04.,"Lift ""C3 08/09-P02/01"" will be separated into ""C3-08 P02"", ""C3-08 P01"", ""C3-09 P02"" and ""C3-09 P01"".  All quantities will be assigned to ""C3-08 P02"".",Code 04a.,P-P-S-6840-0004
A,T4,C306,W01b,AT4C306W01b,AT4C306W01b,05/09/2014,05/10/2014,2,232,134,2,6,Construct,Code 05.,"Lift ""C3 06-W01b"" will be renamed as ""C3-06 W01b"".",Code 05a.,P-P-S-6840-0004
A,T4,C308,R03,AT4C308R03,AT4C308R03,05/16/2014,05/16/2014,1,144,134,1,1,Construct,Code 05.,"Lift ""C3 08-R03"" will be renamed as ""C3-08 R03"".",Code 05a.,P-P-S-6840-0004
A,T4,C310,W04a,AT4C310W04a,AT4C310W04a,05/17/2014,05/17/2014,1,72,130,2,3,Construct,Code 02.,"Joinig lifts ""C3 10-W04a"" and ""C3-10 W04a(II)+T4-C3-11-W04"" under the name of ""C3-10 W04a"".",Code 05a.,P-P-S-6840-0004
A,T4,C305,W02a,AT4C305W02a,AT4C305W02a,05/20/2014,05/20/2014,1,104,78,1,2,Construct,,,,P-P-S-6840-0004
A,T4,C308,R01,AT4C308R01,AT4C308R01,05/22/2014,05/22/2014,1,0,0,0,-1,Construct,Code 01.,"A new row was created under the name of ""R01"" with 0 quantities and the dates of the previous lift plus one day.",Code 01a.,P-P-S-6840-0004
A,T4,C308,R02,AT4C308R02,AT4C308R02,05/21/2014,05/21/2014,1,208,200,1,3,Construct,,,,P-P-S-6840-0004
A,T4,C304,W02a,AT4C304W02a,AT4C304W02a,05/24/2014,05/24/2014,1,136,118,1,0,Construct,,,,P-P-S-6840-0004
A,T4,C311,F01a,AT4C311F01a,AT4C311F01a,05/24/2014,05/30/2014,7,212,231,2,-2,Construct,Code 02.,"Joining lifts ""C3-11 F01a(I)"" and ""C3-11 F01a(II)"" under the name of ""C3-11 F01a"".",Code 05a.,P-P-S-6840-0004
A,T4,C305,W01a,AT4C305W01a,AT4C305W01a,05/28/2014,05/28/2014,1,128,67,1,5,Construct,,,,P-P-S-6840-0004
A,T4,C304,W02b,AT4C304W02b,AT4C304W02b,06/02/2014,06/02/2014,1,136,169,1,1,Construct,Code 05.,"Lift ""C3-04/03 W02b"" will be renamed as ""C3-04 W02b"".",Code 05a.,P-P-S-6840-0004
A,T4,C304,W01a,AT4C304W01a,AT4C304W01a,06/03/2014,06/03/2014,1,160,134,1,7,Construct,Code 05.,"Lift ""C3-04/03 W01a"" will be renamed as ""C3-04 W01a"".",Code 05a.,P-P-S-6840-0004
A,T4,C307,R02,AT4C307R02,AT4C307R02,06/10/2014,06/10/2014,1,248,239,1,0,Construct,Code 04.,"Lift ""C3- 07/06 R01"" will be separated into ""C3-07 R01"" and ""C3-06 R01"".  All quantities will be assigned to ""C3-07 R01"".",Code 04a.,P-P-S-6840-0004
A,T4,C306,R02,AT4C306R02,AT4C306R02,06/10/2014,06/10/2014,1,0,0,0,1,Construct,Code 04.,"Lift ""C3- 07/06 R01"" will be separated into ""C3-07 R01"" and ""C3-06 R01"".  All quantities will be assigned to ""C3-07 R01"".",Code 04a.,P-P-S-6840-0004
A,T4,C305,W01b,AT4C305W01b,AT4C305W01b,06/11/2014,06/11/2014,1,72,87,1,6,Construct,Code 05.,"Lift ""C3-05 W01b(II)+T4-C3-04-W01b(I)"" will be renamed as ""C3-05 W01b"".",Code 05a.,P-P-S-6840-0004
A,T4,C307,R01,AT4C307R01,AT4C307R01,06/17/2014,06/17/2014,1,408,406,1,0,Construct,Code 04.,"Lift ""C3- 07/06 R01"" will be separated into ""C3-07 R01"" and ""C3-06 R01"".  All quantities will be assigned to ""C3-07 R01"".",Code 04a.,P-P-S-6840-0004
A,T4,C306,R01,AT4C306R01,AT4C306R01,06/17/2014,06/17/2014,1,0,0,0,2,Construct,Code 04.,"Lift ""C3- 07/06 R01"" will be separated into ""C3-07 R01"" and ""C3-06 R01"".  All quantities will be assigned to ""C3-07 R01"".",Code 04a.,P-P-S-6840-0004
A,T4,C303,W02b,AT4C303W02b,AT4C303W02b,06/19/2014,06/19/2014,1,128,170,2,0,Construct,Code 04.,"Lift ""C3-03/02 W02b"" will be separated into ""C3-03 W02b"", ""C3-02 W02b"".",Code 04a.,P-P-S-6840-0004
A,T4,C302,W02b,AT4C302W02b,AT4C302W02b,06/19/2014,06/19/2014,1,0,0,0,5,Construct,Code 04.,"Lift ""C3-03/02 W02b"" will be separated into ""C3-03 W02b"", ""C3-02 W02b"".",Code 04a.,P-P-S-6840-0004
A,T4,C303,W02a,AT4C303W02a,AT4C303W02a,06/24/2014,06/25/2014,2,128,128,2,-1,Construct,Code 04.,"Lift ""C3-03(I)/02 W02a"" will be separated into ""C3-03 W02a"", ""C3-02 W02a"".",Code 04a.,P-P-S-6840-0004
A,T4,C302,W02a,AT4C302W02a,AT4C302W02a,06/24/2014,06/25/2014,2,0,0,0,-1,Construct,Code 04.,"Lift ""C3-03(I)/02 W02a"" will be separated into ""C3-03 W02a"", ""C3-02 W02a"".",Code 04a.,P-P-S-6840-0004
A,T4,C304,W01b,AT4C304W01b,AT4C304W01b,06/24/2014,06/24/2014,1,112,86,1,6,Construct,Code 05.,"Lift ""C3-04/03(I) W01b"" will be renamed as ""C3-04 W01b"".",Code 05a.,P-P-S-6840-0004
A,T4,C305,R02,AT4C305R02,AT4C305R02,06/30/2014,06/30/2014,1,144,189,1,5,Construct,Code 05.,"Lift ""R02+C03-04(I)-R02"" will be renamed as ""C3-05 R02"".",Code 05a.,P-P-S-6840-0004
A,T4,C305,R01,AT4C305R01,AT4C305R01,07/05/2014,07/05/2014,1,296,285,1,5,Construct,Code 05.,"Lift ""C3-04/05(I) R01"" will be renamed as ""C3-05 R01"".",Code 05a.,P-P-S-6840-0004
A,T4,C301,W02a,AT4C301W02a,AT4C301W02a,07/10/2014,07/11/2014,2,110,81,2,-1,Construct,,,,P-P-S-6840-0004
A,T4,C303,W01b,AT4C303W01b,AT4C303W01b,07/10/2014,07/10/2014,1,104,112,1,0,Construct,Code 04.,"Lift ""C3-03(II)/02 W01b"" will be separated into ""C3-03 W01b"", ""C3-02 W01b"".",Code 04a.,P-P-S-6840-0004
A,T4,C302,W01b,AT4C302W01b,AT4C302W01b,07/10/2014,07/10/2014,1,0,0,0,7,Construct,Code 04.,"Lift ""C3-03(II)/02 W01b"" will be separated into ""C3-03 W01b"", ""C3-02 W01b"".",Code 04a.,P-P-S-6840-0004
A,T4,C303,W01a,AT4C303W01a,AT4C303W01a,07/17/2014,07/17/2014,1,144,80,1,0,Construct,Code 04.,"Lift ""C3-03(II)/02 W01a"" will be separated into ""C3-03 W01a"", ""C3-02 W01a"".",Code 04a.,P-P-S-6840-0004
A,T4,C302,W01a,AT4C302W01a,AT4C302W01a,07/17/2014,07/17/2014,1,0,0,0,8,Construct,Code 04.,"Lift ""C3-03(II)/02 W01a"" will be separated into ""C3-03 W01a"", ""C3-02 W01a"".",Code 04a.,P-P-S-6840-0004
A,T4,C304,R02,AT4C304R02,AT4C304R02,07/25/2014,07/25/2014,1,200,203,1,3,Construct,Code 05.,"Lift ""C3-04R02(II)+T4-C3-03-R02(I)"" will be renamed as ""C3-04 R02"".",Code 05a.,P-P-S-6840-0004
A,T4,C301,W02b,AT4C301W02b,AT4C301W02b,07/28/2014,07/29/2014,2,123,130,2,1,Construct,,,,P-P-S-6840-0004
A,T4,C304,R01,AT4C304R01,AT4C304R01,07/30/2014,07/31/2014,2,338,305,2,1,Construct,Code 05.,"Lift ""C3-04/03(I) R01"" will be renamed as ""C3-04 R01"".",Code 05a.,P-P-S-6840-0004
A,T4,C311,P04,AT4C311P04,AT4C311P04,08/01/2014,08/02/2014,2,118,75,2,-1,Construct,Code 04.,"Lift ""C3-11 P04+T4-C3-10-P04/P05"" will be separated into ""C3-11 P04"", ""C3-10 P04"" and ""C3-10 P05"".  All quantities will be assigned to ""C3-11 P04"".",Code 04a.,P-P-S-6840-0004
A,T4,C310,P04,AT4C310P04,AT4C310P04,08/01/2014,08/02/2014,2,0,0,0,-1,Construct,Code 04.,"Lift ""C3-11 P04+T4-C3-10-P04/P05"" will be separated into ""C3-11 P04"", ""C3-10 P04"" and ""C3-10 P05"".  All quantities will be assigned to ""C3-11 P04"".",Code 04a.,P-P-S-6840-0004
A,T4,C310,P05,AT4C310P05,AT4C310P05,08/01/2014,08/02/2014,2,0,0,0,4,Construct,Code 04.,"Lift ""C3-11 P04+T4-C3-10-P04/P05"" will be separated into ""C3-11 P04"", ""C3-10 P04"" and ""C3-10 P05"".  All quantities will be assigned to ""C3-11 P04"".",Code 04a.,P-P-S-6840-0004
A,T4,C301,W01a,AT4C301W01a,AT4C301W01a,08/06/2014,08/06/2014,1,104,69,1,2,Construct,,,,P-P-S-6840-0004
A,T4,C301,W01b,AT4C301W01b,AT4C301W01b,08/08/2014,08/08/2014,1,95,111,1,0,Construct,,,,
A,T4,C310,W03b,AT4C310W03b,AT4C310W03b,08/08/2014,08/08/2014,1,95,95,1,0,Construct,Code 04.,"Lift ""C3-10/11 W03b"" will be separated into ""C3-10 W03b"" and ""C3-11 W03b"".  All quantities will be assigned ""C3-10 W03b"".",Code 04a.,P-P-S-6840-0004
A,T4,C311,W03b,AT4C311W03b,AT4C311W03b,08/08/2014,08/08/2014,1,0,0,0,4,Construct,Code 04.,"Lift ""C3-10/11 W03b"" will be separated into ""C3-10 W03b"" and ""C3-11 W03b"".  All quantities will be assigned ""C3-10 W03b"".",Code 04a.,P-P-S-6840-0004
A,T4,C303,R02,AT4C303R02,AT4C303R02,08/12/2014,08/13/2014,2,208,197,2,-1,Construct,Code 04.,"Lift ""C3-03(I)/02 R02"" will be separated into ""C3-03 R02"", ""C3-02 R02"".",Code 04a.,P-P-S-6840-0004
A,T4,C302,R02,AT4C302R02,AT4C302R02,08/12/2014,08/13/2014,2,0,0,0,3,Construct,Code 04.,"Lift ""C3-03(I)/02 R02"" will be separated into ""C3-03 R02"", ""C3-02 R02"".",Code 04a.,P-P-S-6840-0004
A,T4,C303,R01,AT4C303R01,AT4C303R01,08/16/2014,08/16/2014,1,352,314,1,0,Construct,Code 04.,"Lift ""C3-03(I)/02 R01"" will be separated into ""C3-03 R01"", ""C3-02 R01"".",Code 04a.,P-P-S-6840-0004
A,T4,C302,R01,AT4C302R01,AT4C302R01,08/16/2014,08/16/2014,1,0,0,0,3,Construct,Code 04.,"Lift ""C3-03(I)/02 R01"" will be separated into ""C3-03 R01"", ""C3-02 R01"".",Code 04a.,P-P-S-6840-0004
A,T4,C201,W02,AT4C201W02,AT4C201W02,08/19/2014,08/19/2014,1,212,243,1,0,Construct,Code 04.,"Lift C3-10/11 02/01-W02"" will be separated into ""C202 W02"" and ""C2-01 W02"". All quantities will be assigned to ""C2-02 W02"".",Code 04a.,P-P-S-6840-0008
A,T4,C202,W02,AT4C202W02,AT4C202W02,08/19/2014,08/19/2014,1,0,0,0,6,Construct,Code 04.,"Lift C3-10/11 02/01-W02"" will be separated into ""C202 W02"" and ""C2-01 W02"". All quantities will be assigned to ""C2-02 W02"".",Code 04a.,P-P-S-6840-0008
A,T4,C310,P02,AT4C310P02,AT4C310P02,08/25/2014,08/25/2014,1,60,52,1,0,Construct,Code 04.,"Lift ""C3-10/11 P02/P03"" will be separated into ""C3-10 P02"", ""C3-10 P03"", ""C3-11 P02"" and ""C3-11 P03"".  All quantities will be assigned ""C3-10 P02"".",Code 04a.,P-P-S-6840-0004
A,T4,C310,P03,AT4C310P03,AT4C310P03,08/25/2014,08/25/2014,1,0,0,0,0,Construct,Code 04.,"Lift ""C3-10/11 P02/P03"" will be separated into ""C3-10 P02"", ""C3-10 P03"", ""C3-11 P02"" and ""C3-11 P03"".  All quantities will be assigned ""C3-10 P02"".",Code 04a.,P-P-S-6840-0004
A,T4,C311,P02,AT4C311P02,AT4C311P02,08/25/2014,08/25/2014,1,0,0,0,0,Construct,Code 04.,"Lift ""C3-10/11 P02/P03"" will be separated into ""C3-10 P02"", ""C3-10 P03"", ""C3-11 P02"" and ""C3-11 P03"".  All quantities will be assigned ""C3-10 P02"".",Code 04a.,P-P-S-6840-0004
A,T4,C311,P03,AT4C311P03,AT4C311P03,08/25/2014,08/25/2014,1,0,0,0,2,Construct,Code 04.,"Lift ""C3-10/11 P02/P03"" will be separated into ""C3-10 P02"", ""C3-10 P03"", ""C3-11 P02"" and ""C3-11 P03"".  All quantities will be assigned ""C3-10 P02"".",Code 04a.,P-P-S-6840-0004
A,T4,C301,R02,AT4C301R02,AT4C301R02,08/27/2014,08/27/2014,1,139,144,1,8,Construct,,,,P-P-S-6840-0004
A,T4,C301,R01,AT4C301R01,AT4C301R01,09/04/2014,09/05/2014,2,287,250,2,40,Construct,,,,P-P-S-6840-0004
A,T4,C310,P01,AT4C310P01,AT4C310P01,10/15/2014,10/15/2014,1,23,20,1,14,Construct,Code 05.,"Lift ""C3-10/11 P01(I)"" will be renamed as ""C3-10 P01"".",Code 05a.,P-P-S-6840-0004
A,T4,C310,W02b,AT4C310W02b,AT4C310W02b,10/29/2014,10/29/2014,1,80,70,1,0,Construct,Code 04.,"Lift ""C3-10/11 W02b+C03-11-W02d/e/c(I)"" will be separated into ""C3-10 W02b"", ""C3-11 W02b"", ""C3-11 W02d"", ""C3-11 W02e"" and ""C3-11 W02c"".  All quantities will be assigned ""C3-10 W02b"".",Code 04a.,P-P-S-6840-0004
A,T4,C311,W02b,AT4C311W02b,AT4C311W02b,10/29/2014,10/29/2014,1,0,0,0,0,Construct,Code 04.,"Lift ""C3-10/11 W02b+C03-11-W02d/e/c(I)"" will be separated into ""C3-10 W02b"", ""C3-11 W02b"", ""C3-11 W02d"", ""C3-11 W02e"" and ""C3-11 W02c"".  All quantities will be assigned ""C3-10 W02b"".",Code 04a.,P-P-S-6840-0004
A,T4,C311,W02d,AT4C311W02d,AT4C311W02d,10/29/2014,10/29/2014,1,0,0,0,0,Construct,Code 04.,"Lift ""C3-10/11 W02b+C03-11-W02d/e/c(I)"" will be separated into ""C3-10 W02b"", ""C3-11 W02b"", ""C3-11 W02d"", ""C3-11 W02e"" and ""C3-11 W02c"".  All quantities will be assigned ""C3-10 W02b"".",Code 04a.,P-P-S-6840-0004
A,T4,C311,W02e,AT4C311W02e,AT4C311W02e,10/29/2014,10/29/2014,1,0,0,0,0,Construct,Code 04.,"Lift ""C3-10/11 W02b+C03-11-W02d/e/c(I)"" will be separated into ""C3-10 W02b"", ""C3-11 W02b"", ""C3-11 W02d"", ""C3-11 W02e"" and ""C3-11 W02c"".  All quantities will be assigned ""C3-10 W02b"".",Code 04a.,P-P-S-6840-0004
A,T4,C311,W02c,AT4C311W02c,AT4C311W02c,10/29/2014,10/29/2014,1,0,0,0,26,Construct,Code 04.,"Lift ""C3-10/11 W02b+C03-11-W02d/e/c(I)"" will be separated into ""C3-10 W02b"", ""C3-11 W02b"", ""C3-11 W02d"", ""C3-11 W02e"" and ""C3-11 W02c"".  All quantities will be assigned ""C3-10 W02b"".",Code 04a.,P-P-S-6840-0004
A,T4,C310,W01b,AT4C310W01b,AT4C310W01b,11/24/2014,11/24/2014,1,90,65,1,0,Construct,Code 03.,"Lift ""C3-10 W01b+T4-C03-11-W01b/W01d(I)"" will be separated into ""C3-10 W01b"", ""C3-11 W01b"" and ""C3-11 W01d"". All quantities will be assigned to ""C3-10 W01b"".",Code 03a.,P-P-S-6840-0004
A,T4,C311,W01b,AT4C311W01b,AT4C311W01b,11/24/2014,11/24/2014,1,0,0,0,0,Construct,Code 03.,"Lift ""C3-10 W01b+T4-C03-11-W01b/W01d(I)"" will be separated into ""C3-10 W01b"", ""C3-11 W01b"" and ""C3-11 W01d"". All quantities will be assigned to ""C3-10 W01b"".",Code 03a.,P-P-S-6840-0004
A,T4,C311,W01d,AT4C311W01d,AT4C311W01d,11/24/2014,11/24/2014,1,0,0,0,1,Construct,Code 03.,"Lift ""C3-10 W01b+T4-C03-11-W01b/W01d(I)"" will be separated into ""C3-10 W01b"", ""C3-11 W01b"" and ""C3-11 W01d"". All quantities will be assigned to ""C3-10 W01b"".",Code 03a.,P-P-S-6840-0004
A,T4,C311,P01,AT4C311P01,AT4C311P01,11/25/2014,11/25/2014,1,14,8,1,7,Construct,Code 05.,"Lift ""C3-10/11 P01"" will be renamed as ""C3-11 P01"".",Code 05a.,P-P-S-6840-0004
A,T4,C309,R04,AT4C309R04,AT4C309R04,12/02/2014,12/06/2014,5,187,159,2,5,Construct,,,,
A,T4,C311,W01e,AT4C311W01e,AT4C311W01e,12/11/2014,12/11/2014,1,37,60,1,8,Construct,Code 05.,"Lift ""C3-11 W01e/d(II)/c(II)"" will be renamed as ""C3-11 W01e"".",Code 05a.,P-P-S-6840-0003
A,T4,C310,W03a,AT4C310W03a,AT4C310W03a,12/19/2014,12/19/2014,1,84,85,1,0,Construct,Code 04.,"Lift ""C3-10/11 W03a+T4-C03-11-W03c(I)"" will be divided into ""C3-10 W03a"" and ""C3-11 W03a"".  All quantities will be assigned to ""C3-10 W03a"".",Code 04a.,P-P-S-6840-0003
A,T4,C311,W03a,AT4C311W03a,AT4C311W03a,12/19/2014,12/19/2014,1,0,0,0,25,Construct,Code 04.,"Lift ""C3-10/11 W03a+T4-C03-11-W03c(I)"" will be divided into ""C3-10 W03a"" and ""C3-11 W03a"".  All quantities will be assigned to ""C3-10 W03a"".",Code 04a.,P-P-S-6840-0003
A,T4,C309,R03,AT4C309R03,AT4C309R03,01/13/2015,01/13/2015,1,226,220,1,0,Construct,Code 04.,"Lift ""C309 R03/R02(I)"" will be separated into ""C3-09 R03"", ""C3-09 R02"".  All quantities will be assigned to ""C3-09 R03"".",Code 04a.,P-P-S-6840-0003
A,T4,C309,R02,AT4C309R02,AT4C309R02,01/13/2015,01/13/2015,1,0,0,0,3,Construct,Code 04.,"Lift ""C309 R03/R02(I)"" will be separated into ""C3-09 R03"", ""C3-09 R02"".  All quantities will be assigned to ""C3-09 R03"".",Code 04a.,P-P-S-6840-0003
A,T4,C310,W02a,AT4C310W02a,AT4C310W02a,01/16/2015,01/16/2015,1,44,35,1,0,Construct,Code 04.,"Lift ""C3-10/11 W02a+C03-11-W02c(II)"" will be separated into ""C3-10 W02a"" and ""C3-11 W02a"".  All quantities will be assigned ""C3-10 W02a"".",Code 04a.,P-P-S-6840-0003
A,T4,C311,W02a,AT4C311W02a,AT4C311W02a,01/16/2015,01/16/2015,1,0,0,0,18,Construct,Code 04.,"Lift ""C3-10/11 W02a+C03-11-W02c(II)"" will be separated into ""C3-10 W02a"" and ""C3-11 W02a"".  All quantities will be assigned ""C3-10 W02a"".",Code 04a.,P-P-S-6840-0003
A,T4,C310,W01a,AT4C310W01a,AT4C310W01a,02/03/2015,02/03/2015,1,61,60,1,0,Construct,Code 04.,"Lift ""C3-10/11 W01a+C03-11-W01c(II)"" will be separated into ""C3-10 W01a"", ""C3-11 W01a"" and ""C3-11 W01c"".  All quantities will be assigned ""C3-10 W01a"".",Code 04a.,P-P-S-6840-0003
A,T4,C311,W01a,AT4C311W01a,AT4C311W01a,02/03/2015,02/03/2015,1,0,0,0,0,Construct,Code 04.,"Lift ""C3-10/11 W01a+C03-11-W01c(II)"" will be separated into ""C3-10 W01a"", ""C3-11 W01a"" and ""C3-11 W01c"".  All quantities will be assigned ""C3-10 W01a"".",Code 04a.,P-P-S-6840-0003
A,T4,C311,W01c,AT4C311W01c,AT4C311W01c,02/03/2015,02/03/2015,1,0,0,0,8,Construct,Code 04.,"Lift ""C3-10/11 W01a+C03-11-W01c(II)"" will be separated into ""C3-10 W01a"", ""C3-11 W01a"" and ""C3-11 W01c"".  All quantities will be assigned ""C3-10 W01a"".",Code 04a.,P-P-S-6840-0003
A,T4,C309,R01,AT4C309R01,AT4C309R01,02/11/2015,02/11/2015,1,370,400,1,0,Construct,Code 04.,"Lift ""C309 R02(II)/R01(II)"" will be separated into ""C3-09 R02a"", ""C3-09 R02b"" and ""C3-09 R01"".  All quantities will be assigned to ""C3-09 R01"".",Code 04a.,P-P-S-6840-0003
A,T4,C309,R02a,AT4C309R02a,AT4C309R02a,02/11/2015,02/11/2015,1,0,0,0,0,Construct,Code 04.,"Lift ""C309 R02(II)/R01(II)"" will be separated into ""C3-09 R02a"", ""C3-09 R02b"" and ""C3-09 R01"".  All quantities will be assigned to ""C3-09 R01"".",Code 04a.,P-P-S-6840-0005
A,T4,C309,R02b,AT4C309R02b,AT4C309R02b,02/11/2015,02/11/2015,1,0,0,0,,Construct,Code 04.,"Lift ""C309 R02(II)/R01(II)"" will be separated into ""C3-09 R02a"", ""C3-09 R02b"" and ""C3-09 R01"".  All quantities will be assigned to ""C3-09 R01"".",Code 04a.,P-P-S-6840-0005
,,,,,,,,,,,,,,,,,
,,,,,,,,,,,,,,,,,
,,,,,,,,,,,,,,,,,
,,,,,,,,,,,,,,,,,
,,,,,,,,,,,,,,,,,
,,,,,,,,,,,,,,,,,
,,,,,,,,,,,,,,,,,
,,,,,,,,,,,,,,,,,
,,,,,,,,,,,,,,,,,
,,,,,,,,,,,,,,,,,
,,,,,,,,,,,,,,,,,
,,,,,,,,,,,,,,,,,
,,,,,,,,,,,,,,,,,
,,,,,,,,,,,,,,,,,
,,,,,,,,,,,,,,,,,
