Side,Structure,Monolith,Lift,Collated,Name,Actual Start,Actual End,Duration in days,Actual Quantity,Design Quantity,Number of Pours,Days before next lift,Activity Type,Revision Process,,,RFC number
P,LE,M02,F02,PLEM02F02,PLEM02F02,3/29/2012,3/30/2012,2,938,757,2,-1,Construct,Code 03.,"Lift ""F02+F03"" will be separated into ""F02"" and ""F03"".   All quantities will be accounted in F02.",Code 03a.,P-P-S-3720-0001
P,LE,M02,F03,PLEM02F03,PLEM02F03,3/29/2012,3/30/2012,2,0,0,0,11,Construct,Code 03.,"Lift ""F02+F03"" will be separated into ""F02"" and ""F03"".   All quantities will be accounted in F02.",Code 03a.,P-P-S-3720-0001
P,LE,M04,F02,PLEM04F02,PLEM04F02,4/10/2012,4/11/2012,2,580,549,2,-1,Construct,,,,
P,LE,M04,F03,PLEM04F03,PLEM04F03,4/10/2012,4/11/2012,2,0,0,0,0,Construct,,,,
P,LE,M02,F01,PLEM02F01,PLEM02F01,4/11/2012,4/12/2012,2,776,897,2,7,Construct,,,,
P,LE,M09,F02,PLEM09F02,PLEM09F02,4/19/2012,4/20/2012,2,940,897,2,-1,Construct,Code 03.,"Lift ""F02+F03"" will be converted into ""F02"" and ""F03"".    All quantities will be assigned to ""F02"".",Code 03a.,P-P-S-3860-001
P,LE,M09,F03,PLEM09F03,PLEM09F03,4/19/2012,4/20/2012,2,0,0,0,0,Construct,Code 03.,"Lift ""F02+F03"" will be converted into  ""F02"" and ""F03"".    All quantities will be assigned to ""F02"".",Code 03a.,P-P-S-3860-001
P,LE,M04,F01,PLEM04F01,PLEM04F01,4/20/2012,4/21/2012,2,494,478,2,4,Construct,,,,
P,LE,M11,F02,PLEM11F02,PLEM11F02,4/25/2012,4/25/2012,1,420,376,1,0,Construct,Code 03.,"Lift ""F02+F03"" will be converted into  ""F02"" and ""F03"".    All quantities will be assigned to ""F02"".",Code 03a.,P-P-S-3900-0001
P,LE,M11,F03,PLEM11F03,PLEM11F03,4/25/2012,4/25/2012,1,0,0,0,1,Construct,Code 03.,"Lift ""F02+F03"" will be converted into ""F02"" and ""F03"".    All quantities will be assigned to ""F02"".",Code 03a.,P-P-S-3900-0001
P,LE,M09,F01,PLEM09F01,PLEM09F01,4/26/2012,4/27/2012,2,792,776,2,1,Construct,,,,
P,LE,M15,F02,PLEM15F02,PLEM15F02,4/28/2012,4/29/2012,2,808,612,2,-1,Construct,Code 03.,"Lift ""F02+F03"" will be converted into  ""F02"" and ""F03"".    All quantities will be assigned to ""F02"".",Code 03a.,P-P-S-3980-0001
P,LE,M15,F03,PLEM15F03,PLEM15F03,4/28/2012,4/29/2012,2,0,0,0,9,Construct,Code 03.,"Lift ""F02+F03"" will be converted into  ""F02"" and ""F03"".    All quantities will be assigned to ""F02"".",Code 03a.,P-P-S-3980-0001
P,LE,M11,F01,PLEM11F01,PLEM11F01,5/8/2012,5/8/2012,1,328,327,1,3,Construct,,,,
P,LE,M15,F01,PLEM15F01,PLEM15F01,5/11/2012,5/12/2012,2,626,739,2,0,Construct,,,,
P,LE,M03,F02,PLEM03F02,PLEM03F02,5/12/2012,5/13/2012,2,784,897,2,-1,Construct,Code 03.,"Lift ""F02+F03"" will be converted into  ""F02"" and ""F03"".    All quantities will be assigned to ""F02"".",Code 03a.,P-P-S-3740-0001
P,LE,M03,F03,PLEM03F03,PLEM03F03,5/12/2012,5/13/2012,2,0,0,0,3,Construct,Code 03.,"Lift ""F02+F03"" will be converted into ""F02"" and ""F03"".    All quantities will be assigned to ""F02"".",Code 03a.,P-P-S-3740-0001
P,LE,M04,C04 a,PLEM04C04a,PLEM04C04a,5/16/2012,5/17/2012,2,304,190,2,7,Construct,,,,
P,LE,M04,C04 c,PLEM04C04c,PLEM04C04c,5/24/2012,5/24/2012,1,60,57,1,4,Construct,,,,
P,LE,M04,C04 b,PLEM04C04b,PLEM04C04b,5/28/2012,5/28/2012,1,145,144,1,1,Construct,,,,
P,LE,M03,F01,PLEM03F01,PLEM03F01,5/29/2012,5/30/2012,2,888,776,3,5,Construct,,,,
P,LE,M13,F03,PLEM13F03,PLEM13F03,6/4/2012,6/4/2012,1,864,838,1,3,Construct,,,,
P,LE,M10,F02,PLEM10F02,PLEM10F02,6/7/2012,6/8/2012,2,992,897,3,-1,Construct,Code 03.,"Lift ""F02+F03"" will be converted into  ""F02"" and ""F03"".    All quantities will be assigned to ""F02"".",Code 03a.,P-P-S-3880-001
P,LE,M10,F03,PLEM10F03,PLEM10F03,6/7/2012,6/8/2012,2,0,0,0,4,Construct,Code 03.,"Lift ""F02+F03"" will be converted into  ""F02"" and ""F03"".    All quantities will be assigned to ""F02"".",Code 03a.,P-P-S-3880-001
P,LE,M04,C03 c,PLEM04C03c,PLEM04C03c,6/12/2012,6/12/2012,1,56,56,1,1,Construct,,,,
P,LE,M04,C03 b,PLEM04C03b,PLEM04C03b,6/13/2012,6/13/2012,1,136,129,1,1,Construct,,,,
P,LE,M11,C04 b,PLEM11C04b,PLEM11C04b,6/14/2012,6/14/2012,1,112,99,1,1,Construct,,,,
P,LE,M11,C04 c,PLEM11C04c,PLEM11C04c,6/15/2012,6/15/2012,1,40,39,1,3,Construct,,,,
P,LE,M16,F02,PLEM16F02,PLEM16F02,6/18/2012,6/18/2012,1,544,549,1,0,Construct,Code 03.,"Lift ""F02+F03"" will be converted into  ""F02"" and ""F03"".    All quantities will be assigned to ""F02"".",Code 03a.,P-P-S-4000-0001
P,LE,M16,F03,PLEM16F03,PLEM16F03,6/18/2012,6/18/2012,1,0,0,0,1,Construct,Code 03.,"Lift ""F02+F03"" will be converted into  ""F02"" and ""F03"".    All quantities will be assigned to ""F02"".",Code 03a.,P-P-S-4000-0001
P,LE,M11,C04 a,PLEM11C04a,PLEM11C04a,6/19/2012,6/20/2012,2,181,131,2,2,Construct,,,,
P,LE,M04,C03 a,PLEM04C03a,PLEM04C03a,6/22/2012,6/22/2012,1,299,271,1,-1,Construct,Code 05..,"Lift ""C03 a&c"" will be renamed as ""C03a"".",Code 05a.,P-P-S-3761-002
P,LE,M13,F02,PLEM13F02,PLEM13F02,6/21/2012,6/22/2012,2,952,973,2,0,Construct,,,,
P,LE,M10,F01,PLEM10F01,PLEM10F01,6/22/2012,6/23/2012,2,778,776,2,0,Construct,,,,
P,LE,M15,C04 c,PLEM15C04c,PLEM15C04c,6/23/2012,6/23/2012,1,70,75,1,3,Construct,,,,
P,LE,M16,F01,PLEM16F01,PLEM16F01,6/26/2012,6/26/2012,1,473,478,1,1,Construct,,,,
P,LE,M11,C03 b,PLEM11C03b,PLEM11C03b,6/27/2012,6/27/2012,1,96,89,1,0,Construct,,,,
P,LE,M11,C03 c,PLEM11C03c,PLEM11C03c,6/27/2012,6/27/2012,1,41,34,1,8,Construct,,,,
P,LE,M11,C03 a,PLEM11C03a,PLEM11C03a,7/5/2012,7/5/2012,1,233,153,1,-1,Construct,,,,
P,LE,M15,C04 a,PLEM15C04a,PLEM15C04a,7/4/2012,7/5/2012,2,283,258,2,1,Construct,,,,
P,LE,M02,C04 b,PLEM02C04b,PLEM02C04b,7/6/2012,7/7/2012,2,531,531,2,-1,Construct,Code 03.,"Lift ""C04 b&c"" will be converted into ""C04b"" and ""C04c"".    All quantities will be assigned to ""C04b"".",Code 03a.,P-P-S-3721-0002
P,LE,M02,C04 c,PLEM02C04c,PLEM02C04c,7/6/2012,7/7/2012,2,0,0,0,0,Construct,Code 03.,"Lift ""C04 b&c"" will be converted into ""C04b"" and ""C04c"".    All quantities will be assigned to ""C04b"".",Code 03a.,P-P-S-3721-0002
P,LE,M10,C04 c,PLEM10C04c,PLEM10C04c,7/7/2012,7/7/2012,1,96,93,1,6,Construct,,,,
P,LE,M10,C03 c,PLEM10C03c,PLEM10C03c,7/13/2012,7/13/2012,1,83,80,1,-1,Construct,,,,
P,LE,M15,C04 b,PLEM15C04b,PLEM15C04b,7/12/2012,7/13/2012,2,169,165,2,0,Construct,,,,
P,LE,M15,C03 c,PLEM15C03c,PLEM15C03c,7/13/2012,7/14/2012,2,67,65,2,0,Construct,,,,
P,LE,M16,C04 a,PLEM16C04a,PLEM16C04a,7/14/2012,7/14/2012,1,212,190,1,3,Construct,,,,
P,LE,M10,C04 a,PLEM10C04a,PLEM10C04a,7/17/2012,7/18/2012,2,432,318,2,0,Construct,,,,
P,LE,M12,F03,PLEM12F03,PLEM12F03,7/18/2012,7/18/2012,1,963,1037,1,3,Construct,,,,
P,LE,M15,C03 b,PLEM15C03b,PLEM15C03b,7/21/2012,7/21/2012,1,189,165,1,0,Construct,,,,
P,LE,M16,C04 c,PLEM16C04c,PLEM16C04c,7/21/2012,7/21/2012,1,64,57,1,5,Construct,,,,
P,LE,M16,C03 c,PLEM16C03c,PLEM16C03c,7/26/2012,7/26/2012,1,62,49,1,-1,Construct,,,,
P,LE,M16,C04 b,PLEM16C04b,PLEM16C04b,7/25/2012,7/26/2012,2,156,144,2,4,Construct,,,,
P,LE,M14,F03,PLEM14F03,PLEM14F03,7/30/2012,7/31/2012,2,930,1037,2,1,Construct,,,,
P,LE,M02,C04 a,PLEM02C04a,PLEM02C04a,8/1/2012,8/2/2012,2,322,320,2,0,Construct,,,,
P,LE,M16,C03 b,PLEM16C03b,PLEM16C03b,8/2/2012,8/2/2012,1,137,129,1,1,Construct,,,,
P,LE,M10,C04 b,PLEM10C04b,PLEM10C04b,8/3/2012,8/3/2012,1,241,209,1,0,Construct,,,,
P,LE,M10,C03 a,PLEM10C03a,PLEM10C03a,8/3/2012,8/4/2012,2,524,364,2,2,Construct,,,,
P,LE,M02,C03 b,PLEM02C03b,PLEM02C03b,8/6/2012,8/6/2012,1,494,494,1,0,Construct,Code 03.,"Lift ""C03 b&c"" will be converted into ""C03b"" and ""C03c"".    All quantities will be assigned to ""C03b"".",Code 03a.,P-P-S-3721-0002
P,LE,M02,C03 c,PLEM02C03c,PLEM02C03c,8/6/2012,8/6/2012,1,0,0,0,0,Construct,Code 03.,"Lift ""C03 b&c"" will be converted into  ""C03b"" and ""C03c"".    All quantities will be assigned to ""C03b"".",Code 03a.,P-P-S-3721-0002
P,LE,M15,C03 a,PLEM15C03a,PLEM15C03a,8/6/2012,8/6/2012,1,292,365,1,0,Construct,,,,
P,LE,M12,F02 a,PLEM12F02a,PLEM12F02a,8/6/2012,8/13/2012,8,862,796,3,-7,Construct,Code 03.,"Lift ""F02"" will be converted into ""F02a"" and ""F02b"".    All quantities will be assigned to ""F02a"".",Code 03a.,P-P-S-3920-0002
P,LE,M12,F02 b,PLEM12F02b,PLEM12F02b,8/6/2012,8/13/2012,8,0,0,3,1,Construct,Code 03.,"Lift ""F02"" will be converted into ""F02a"" and ""F02b"".    All quantities will be assigned to ""F02a"".",Code 03a.,P-P-S-3920-0002
P,LE,M14,F02 a,PLEM14F02a,PLEM14F02a,8/14/2012,8/15/2012,2,852,796,2,-1,Construct,Code 03.,"Lift ""F02 a+b"" will be converted into ""F02a"" and ""F02b"".    All quantities will be assigned to ""F02a"".",Code 03a.,P-P-S-3960-0002
P,LE,M14,F02 b,PLEM14F02b,PLEM14F02b,8/14/2012,8/15/2012,2,0,0,0,2,Construct,Code 03.,"Lift ""F02 a+b"" will be converted into  ""F02a"" and ""F02b"".    All quantities will be assigned to ""F02a"".",Code 03a.,P-P-S-3960-0002
P,LE,M10,C03 b,PLEM10C03b,PLEM10C03b,8/17/2012,8/17/2012,1,221,204,1,1,Construct,,,,
P,LE,M02,C03 a,PLEM02C03a,PLEM02C03a,8/18/2012,8/18/2012,1,444,365,1,2,Construct,,,,
P,LE,M16,C03 a,PLEM16C03a,PLEM16C03a,8/20/2012,8/20/2012,1,321,222,1,8,Construct,,,,
P,LE,M12,F01 a,PLEM12F01a,PLEM12F01a,8/28/2012,8/28/2012,1,102,86,1,2,Construct,,,,
P,LE,M10,C02,PLEM10C02,PLEM10C02,8/30/2012,8/31/2012,2,439,376,2,0,Construct,,,,
P,LE,M01,F02 a,PLEM01F02a,PLEM01F02a,8/31/2012,9/1/2012,2,480,534,2,-2,Construct,,,,
P,LE,M13,F01 c,PLEM13F01c,PLEM13F01c,8/30/2012,9/3/2012,5,81,71,2,0,Construct,,,,
P,LE,M14,F01 a,PLEM14F01a,PLEM14F01a,9/3/2012,9/3/2012,1,106,86,1,1,Construct,,,,
P,LE,M01,F02 b,PLEM01F02b,PLEM01F02b,9/4/2012,9/5/2012,2,553,454,2,1,Construct,,,,
P,LE,M15,C02,PLEM15C02,PLEM15C02,9/6/2012,9/7/2012,2,351,305,2,-38,Construct,,,,
P,LE,M13,F01 a,PLEM13F01a,PLEM13F01a,7/31/2012,9/10/2012,42,451,421,1,3,Construct,Code 02.,"Joining ""F01"" and ""F01a"" as ""F01""",Code 02a.,P-P-S-3940-0002
P,LE,M13,F01 b,PLEM13F01b,PLEM13F01b,9/13/2012,9/13/2012,1,225,65,1,5,Construct,,,,
P,LE,M01,F01 b,PLEM01F01b,PLEM01F01b,9/18/2012,9/19/2012,2,388,474,2,-14,Construct,,,,
P,LE,M10,C01,PLEM10C01,PLEM10C01,9/5/2012,9/20/2012,16,1470,1243,3,-8,Construct,Code 02.,"Joining ""C01a"" and ""C01b"" as ""C01""",Code 02a.,P-P-S-3881-0002
P,LE,M15,C01,PLEM15C01,PLEM15C01,9/12/2012,9/21/2012,10,1043,999,5,0,Construct,Code 02.,"Joining ""C01a"" and ""C01b"" as ""C01""",Code 02a.,P-P-S-3981-0002
P,LE,M13,C04 a,PLEM13C04a,PLEM13C04a,9/21/2012,9/22/2012,2,578,508,2,2,Construct,,,,
P,LE,M01,F01 a,PLEM01F01a,PLEM01F01a,9/24/2012,9/25/2012,2,464,365,2,6,Construct,,,,
P,LE,M10,W11,PLEM10W11,PLEM10W11,10/1/2012,10/2/2012,2,570,493,2,0,Construct,,,,
P,LE,M15,W11,PLEM15W11,PLEM15W11,10/2/2012,10/3/2012,2,435,395,2,0,Construct,,,,
P,LE,M13,C03 a,PLEM13C03a,PLEM13C03a,10/3/2012,10/5/2012,3,754,648,3,-7,Construct,,,,
P,LE,M13,C04 c,PLEM13C04c,PLEM13C04c,9/28/2012,10/8/2012,11,161,143,1,1,Construct,Code 02.,"Joining ""C04 c"" and ""C04 c-1"" as ""C04 c""",Code 02a.,P-P-S-3941-0002
P,LE,M15,W10,PLEM15W10,PLEM15W10,10/9/2012,10/9/2012,1,371,335,1,1,Construct,,,,
P,LE,M11,C02,PLEM11C02,PLEM11C02,10/10/2012,10/10/2012,1,233,159,1,1,Construct,,,,
P,LE,M10,W10,PLEM10W10,PLEM10W10,10/11/2012,10/12/2012,2,442,418,2,0,Construct,,,,
P,LE,M02,C02,PLEM02C02,PLEM02C02,10/12/2012,10/13/2012,2,473,396,2,-9,Construct,,,,
P,LE,M12,C04 b,PLEM12C04b,PLEM12C04b,10/4/2012,10/16/2012,13,265,210,2,0,Construct,,,,
P,LE,M15,W09,PLEM15W09,PLEM15W09,10/16/2012,10/16/2012,1,305,275,1,2,Construct,,,,
P,LE,M10,W09,PLEM10W09,PLEM10W09,10/18/2012,10/18/2012,1,353,343,1,-3,Construct,,,,
P,LE,M11,C01,PLEM11C01,PLEM11C01,10/15/2012,10/22/2012,8,743,522,1,0,Construct,Code 02.,"Joining ""C01a"" and ""C01b"" as ""C01""",Code 02a.,P-P-S-3901-0001
P,LE,M15,W08,PLEM15W08,PLEM15W08,10/22/2012,10/22/2012,1,209,200,1,2,Construct,,,,
P,LE,M10,W08,PLEM10W08,PLEM10W08,10/24/2012,10/24/2012,1,259,250,1,-8,Construct,,,,
P,LE,M02,C01 ,PLEM02C01,PLEM02C01,10/16/2012,10/27/2012,12,1317,1243,3,2,Construct,Code 02.,"Joining ""C01a"" and ""C01b"" as ""C01""",Code 02a.,P-P-S-3721-0002
P,LE,M15,W07,PLEM15W07,PLEM15W07,10/29/2012,10/29/2012,1,167,165,1,2,Construct,,,,
P,LE,M10,W07,PLEM10W07,PLEM10W07,10/31/2012,10/31/2012,1,205.62,207,1,2,Construct,,,,
P,LE,M15,W06,PLEM15W06,PLEM15W06,11/2/2012,11/2/2012,1,182,174,1,5,Construct,,,,
P,LE,M10,W06,PLEM10W06,PLEM10W06,11/7/2012,11/8/2012,2,193.94,218,2,4,Construct,,,,
P,LE,M11,W11,PLEM11W11,PLEM11W11,11/12/2012,11/12/2012,1,224.52,210,1,-10,Construct,,,,
P,LE,M14,C04 b,PLEM14C04b,PLEM14C04b,11/2/2012,11/12/2012,11,234.14,210,3,0,Construct,,,,
P,LE,M15,W05,PLEM15W05,PLEM15W05,11/12/2012,11/12/2012,1,136.54,139,1,2,Construct,,,,
P,LE,M10,W05,PLEM10W05,PLEM10W05,11/14/2012,11/15/2012,2,174,175,2,0,Construct,,,,
P,LE,M12,C04 a,PLEM12C04a,PLEM12C04a,11/15/2012,11/16/2012,2,314,288,2,3,Construct,,,,
P,LE,M01,C05 b,PLEM01C05b,PLEM01C05b,11/19/2012,11/19/2012,1,776,712,1,1,Construct,Code 03.,"Lift ""C06&C05 b"" will be converted into ""C06a"", ""C06b"" and ""C05b"".    All quantities will be assigned to ""C05b"".",Code 03a.,P-P-S-3701-0001
P,LE,M15,W04,PLEM15W04,PLEM15W04,11/20/2012,11/20/2012,1,168,125,1,0,Construct,,,,
P,LE,M13,C04 b,PLEM13C04b,PLEM13C04b,11/20/2012,11/21/2012,2,296,323,2,2,Construct,,,,
P,LE,M10,W04,PLEM10W04,PLEM10W04,11/23/2012,11/23/2012,1,157,157,1,0,Construct,,,,
P,LE,M11,W10,PLEM11W10,PLEM11W10,11/23/2012,11/23/2012,1,175,178,1,0,Construct,,,,
P,LE,M14,C04 a,PLEM14C04a,PLEM14C04a,11/23/2012,11/23/2012,1,269,288,1,4,Construct,,,,
P,LE,M15,W03,PLEM15W03,PLEM15W03,11/27/2012,11/27/2012,1,126,113,1,1,Construct,,,,
P,LE,M11,W09,PLEM11W09,PLEM11W09,11/28/2012,11/29/2012,2,169,146,2,0,Construct,,,,
P,LE,M14,C03 a,PLEM14C03a,PLEM14C03a,11/29/2012,11/29/2012,1,320,324,1,1,Construct,,,,
P,LE,M10,W03,PLEM10W03,PLEM10W03,11/30/2012,11/30/2012,1,137,139,1,0,Construct,,,,
P,LE,M13,C03 b,PLEM13C03b,PLEM13C03b,11/30/2012,12/1/2012,2,300,325,2,2,Construct,,,,
P,LE,M01,C05 a,PLEM01C05a,PLEM01C05a,12/3/2012,12/3/2012,1,337,337,1,0,Construct,Code 03.,"Lift ""C06&C05 a"" will be converted into  ""C06a"", ""C06b"" and ""C05a"".    All quantities will be assigned to ""C05a"".",Code 03a.,P-P-S-3701-0001
P,LE,M15,W02,PLEM15W02,PLEM15W02,12/3/2012,12/3/2012,1,105,98,1,1,Construct,,,,
P,LE,M11,W08,PLEM11W08,PLEM11W08,12/4/2012,12/4/2012,1,113,107,1,1,Construct,,,,
P,LE,M12,C03 a,PLEM12C03a,PLEM12C03a,12/5/2012,12/5/2012,1,420,324,1,2,Construct,,,,
P,LE,M02,W11,PLEM02W11,PLEM02W11,12/7/2012,12/7/2012,1,481,494,1,-1,Construct,,,,
P,LE,M10,W02,PLEM10W02,PLEM10W02,12/6/2012,12/7/2012,2,140,119,2,4,Construct,,,,
P,LE,M12,F01 c,PLEM12F01c,PLEM12F01c,12/11/2012,12/11/2012,1,65,54,1,1,Construct,,,,
P,LE,M14,C03 b,PLEM14C03b,PLEM14C03b,12/12/2012,12/12/2012,1,194,206,1,2,Construct,,,,
P,LE,M02,W10,PLEM02W10,PLEM02W10,12/14/2012,12/15/2012,2,444,418,2,2,Construct,,,,
P,LE,M11,W07,PLEM11W07,PLEM11W07,12/17/2012,12/17/2012,1,81,89,1,0,Construct,,,,
P,LE,M12,C03 b,PLEM12C03b,PLEM12C03b,12/17/2012,12/18/2012,2,229,206,2,0,Construct,,,,
P,LE,M12,C04 c,PLEM12C04c,PLEM12C04c,12/18/2012,12/18/2012,1,153,172,1,2,Construct,,,,
P,LE,M01,C04 a,PLEM01C04a,PLEM01C04a,12/20/2012,12/20/2012,1,466,450,1,-31,Construct,Code 03.,"Lift ""C05&C04 a"" will be converted into  ""C05a"", ""C05b"" and ""C04a"".    All quantities will be assigned to ""C04a"".",Code 03a.,P-P-S-3701-0001
P,LE,M01,C06a,PLEM01C06a,PLEM01C06a,11/19/2012,12/20/2012,32,0,0,1,-31,Construct,Code 03.,"Lift ""C06&C05 b"" will be converted into  ""C06a"", ""C06b"" and ""C05b"".    All quantities will be assigned to ""C05b"".",Code 03a.,P-P-S-3701-0001
P,LE,M01,C06b,PLEM01C06b,PLEM01C06b,11/19/2012,12/20/2012,32,0,0,1,1,Construct,Code 03.,"Lift ""C06&C05 b"" will be converted into  ""C06a"", ""C06b"" and ""C05b"".    All quantities will be assigned to ""C05b"".",Code 03a.,P-P-S-3701-0001
P,LE,M23,F08,PLEM23F08,PLEM23F08,12/21/2012,12/22/2012,2,592,485,2,4,Construct,,,,
P,LE,M11,W06,PLEM11W06,PLEM11W06,12/26/2012,12/26/2012,1,96,93,1,8,Construct,,,,
P,LE,M23,F07,PLEM23F07,PLEM23F07,1/3/2013,1/4/2013,2,580.7,487,2,-20,Construct,,,,
P,LE,M13,C03 c,PLEM13C03c,PLEM13C03c,12/15/2012,1/10/2013,27,144,143,2,0,Construct,,,,
P,LE,M14,F01 c,PLEM14F01c,PLEM14F01c,1/10/2013,1/11/2013,2,72,54,2,1,Construct,,,,
P,LE,M11,W05,PLEM11W05,PLEM11W05,1/12/2013,1/12/2013,1,79,77,1,0,Construct,,,,
P,LE,M21,F02 a,PLEM21F02a,PLEM21F02a,1/12/2013,1/12/2013,1,336,347,1,2,Construct,,,,
P,LE,M02,W09,PLEM02W09,PLEM02W09,1/14/2013,1/14/2013,1,381,343,1,1,Construct,,,,
P,LE,M12,C03 c,PLEM12C03c,PLEM12C03c,1/15/2013,1/16/2013,2,153,155,2,1,Construct,,,,
P,LE,M01,C04 b,PLEM01C04b,PLEM01C04b,1/17/2013,1/17/2013,1,533,571,1,1,Construct,,,,
P,LE,M14,C04 c,PLEM14C04c,PLEM14C04c,1/18/2013,1/18/2013,1,157,155,1,6,Construct,,,,
P,LE,M21,F01 a,PLEM21F01a,PLEM21F01a,1/24/2013,1/25/2013,2,368,349,2,0,Construct,,,,
P,LE,M02,W08,PLEM02W08,PLEM02W08,1/25/2013,1/26/2013,2,259,251,2,0,Construct,,,,
P,LE,M09,C04 b,PLEM09C04b,PLEM09C04b,1/26/2013,1/26/2013,1,213,209,1,2,Construct,,,,
P,LE,M14,C03 c,PLEM14C03c,PLEM14C03c,1/28/2013,1/28/2013,1,152,155,1,1,Construct,,,,
P,LE,M09,C04 a,PLEM09C04a,PLEM09C04a,1/29/2013,1/29/2013,1,381,318,1,0,Construct,Code 05..,"Lift ""C04"" will be renamed as ""C04a"" to match the RFC.",Code 05a.,P-P-S-3861-0002
P,LE,M21,F02.1,PLEM21F02.1,PLEM21F02.1,1/29/2013,1/29/2013,1,295,285,1,1,Construct,,,,
P,LE,M21,F02 b,PLEM21F02b,PLEM21F02b,1/30/2013,1/30/2013,1,640,575,1,1,Construct,,,,
P,LE,M09,C04 c,PLEM09C04c,PLEM09C04c,1/31/2013,1/31/2013,1,96,92,1,0,Construct,,,,
P,LE,M11,W04,PLEM11W04,PLEM11W04,1/31/2013,2/1/2013,2,65,67,2,0,Construct,,,,
P,LE,M02,W07,PLEM02W07,PLEM02W07,2/1/2013,2/2/2013,2,244,226,2,3,Construct,,,,
P,LE,M22,F05,PLEM22F05,PLEM22F05,2/5/2013,2/5/2013,1,424,430,1,0,Construct,,,,
P,LE,M21,F01 b,PLEM21F01b,PLEM21F01b,2/5/2013,2/6/2013,2,400,403,2,1,Construct,,,,
P,LE,M09,C03 a,PLEM09C03a,PLEM09C03a,2/7/2013,2/7/2013,1,430.14,364,1,1,Construct,,,,
P,LE,M09,C03 b,PLEM09C03b,PLEM09C03b,2/8/2013,2/9/2013,2,192.04,230,2,0,Construct,,,,
P,LE,M21,C05.1,PLEM21C05.1,PLEM21C05.1,2/9/2013,2/9/2013,1,302,341,1,6,Construct,,,,
P,LE,M02,W06,PLEM02W06,PLEM02W06,2/15/2013,2/15/2013,1,233,201,1,0,Construct,,,,
P,LE,M09,C03 c,PLEM09C03c,PLEM09C03c,2/15/2013,2/15/2013,1,80,80,1,1,Construct,,,,
P,LE,M11,W03,PLEM11W03,PLEM11W03,2/16/2013,2/16/2013,1,87,56,1,6,Construct,,,,
P,LE,M09,C02,PLEM09C02,PLEM09C02,2/22/2013,2/22/2013,1,394,376,1,0,Construct,Code 02.,"Joining ""C01a"" and ""C01b"" as ""C01""",Code 02a.,P-P-S-3861-0002
P,LE,M11,W02,PLEM11W02,PLEM11W02,2/22/2013,2/22/2013,1,58,44,1,3,Construct,,,,
P,LE,M13,C02,PLEM13C02,PLEM13C02,2/25/2013,2/26/2013,2,642,539,2,2,Construct,,,,
P,LE,M21,C04 b,PLEM21C04b,PLEM21C04b,2/28/2013,2/28/2013,1,220,209,1,1,Construct,,,,
P,LE,M02,W05,PLEM02W05,PLEM02W05,3/1/2013,3/1/2013,1,185,175,1,1,Construct,,,,
P,LE,M21,C05 a,PLEM21C05a,PLEM21C05a,3/2/2013,3/2/2013,1,48,68,1,0,Construct,Code 03.,"Lift ""C05 a"" will be separated into ""C05 a"" and ""C05 b"".  All quantities will be accounted in ""C05 a"".",Code 03b.,P-P-S-4101-0002
P,LE,M21,C05 b,PLEM21C05a,PLEM21C05b,3/2/2013,3/2/2013,1,0,0,1,2,Construct,Code 03.,"Lift ""C05 a"" will be separated into ""C05 a"" and ""C05 b"".  All quantities will be accounted in ""C05 a"".",Code 03b.,P-P-S-4101-0002
P,LE,M13,C01,PLEM13C01,PLEM13C01,3/4/2013,3/4/2013,1,1789,1826,1,-4,Construct,Code 02.,"Joining ""C01a"" and ""C01b"" as ""C01""",Code 02a.,P-P-S-3941-0002
P,LE,M09,C01,PLEM09C01,PLEM09C01,2/28/2013,3/12/2013,13,1242,1240,4,-1,Construct,,,,
P,LE,M21,C04.1,PLEM21C04.1,PLEM21C04.1,3/11/2013,3/12/2013,2,0,0,0,-1,Construct,Code 03.,"Lift ""C04 a & C04.1"" will be converted into  ""C04"" and ""C04.1"".    All quantities will be assigned to ""C04"".",Code 03b.,P-P-S-4101-0002
P,LE,M21,C04 a,PLEM21C04a,PLEM21C04a,3/11/2013,3/12/2013,2,550,511,2,0,Construct,Code 03.,"Lift ""C04 a & C04.1"" will be converted into  ""C04"" and ""C04.1"".    All quantities will be assigned to ""C04"".",Code 03b.,P-P-S-4101-0002
P,LE,M21,C04 c,PLEM21C04c,PLEM21C04c,3/12/2013,3/12/2013,1,104,66,1,3,Construct,,,,
P,LE,M21,C03 b,PLEM21C03b,PLEM21C03b,3/15/2013,3/15/2013,1,206,230,1,6,Construct,,,,
P,LE,M08,F03,PLEM08F03,PLEM08F03,3/21/2013,3/21/2013,1,225,313,1,1,Construct,,,,
P,LE,M23,F06 a,PLEM23F06a,PLEM23F06a,3/22/2013,3/23/2013,2,182,172,2,3,Construct,,,,
P,LE,M08,F02,PLEM08F02,PLEM08F02,3/26/2013,3/27/2013,2,869,746,2,8,Construct,,,,
P,LE,M23,F04 b,PLEM23F04b,PLEM23F04b,4/4/2013,4/4/2013,1,264,243,1,0,Construct,Code 03.,"Lift ""F06+F05+F04 b"" will be converted into  ""F06b"", ""F05a"" and ""F04b"".    All quantities will be assigned to ""F04b"".",Code 03a.,P-P-S-4140-0002
P,LE,M23,F05 a,PLEM23F05a,PLEM23F05a,4/4/2013,4/4/2013,1,0,0,1,0,Construct,Code 03.,"Lift ""F06+F05+F04 b"" will be converted into  ""F06b"", ""F05a"" and ""F04b"".    All quantities will be assigned to ""F04b"".",Code 03a.,P-P-S-4140-0002
P,LE,M23,F06 b,PLEM23F06b,PLEM23F06b,4/4/2013,4/4/2013,1,0,0,1,1,Construct,Code 03.,"Lift ""F06+F05+F04 b"" will be converted into  ""F06b"", ""F05a"" and ""F04b"".    All quantities will be assigned to ""F04b"".",Code 03a.,P-P-S-4140-0002
P,LE,M12,C02,PLEM12C02,PLEM12C02,4/5/2013,4/5/2013,1,457,445,1,1,Construct,,,,
P,LE,M21,C03 c,PLEM21C03c,PLEM21C03c,4/6/2013,4/6/2013,1,69,90,1,2,Construct,,,,
P,LE,M14,C02,PLEM14C02,PLEM14C02,4/8/2013,4/8/2013,1,394,379,1,2,Construct,,,,
P,LE,M08,F01,PLEM08F01,PLEM08F01,4/10/2013,4/11/2013,2,728,746,2,4,Construct,,,,
P,LE,M12,C01,PLEM12C01,PLEM12C01,4/15/2013,4/15/2013,1,1295,1263,1,2,Construct,Code 02.,"Joining ""C01a"" and ""C01b"" as ""C01""",Code 02a.,P-P-S-3921-0002
P,LE,M22,F04,PLEM22F04,PLEM22F04,4/17/2013,4/18/2013,2,584,426,2,1,Construct,,,,
P,LE,M08,C04 c,PLEM08C04c,PLEM08C04c,4/19/2013,4/19/2013,1,101,92,1,4,Construct,,,,
P,LE,M21,C03.1,PLEM21C03.1,PLEM21C03.1,4/23/2013,4/23/2013,1,240,247,1,2,Construct,,,,
P,LE,M08,C04 b,PLEM08C04b,PLEM08C04b,4/25/2013,4/25/2013,1,181,177,1,5,Construct,,,,
P,LE,M02,W04,PLEM02W04,PLEM02W04,4/30/2013,5/1/2013,2,195,158,2,0,Construct,,,,
P,LE,M08,C04 a,PLEM08C04a,PLEM08C04a,5/1/2013,5/1/2013,1,177,237,1,5,Construct,,,,
P,LE,M09,W11,PLEM09W11,PLEM09W11,5/6/2013,5/6/2013,1,498,496,1,-12,Construct,,,,
P,LE,M14,C01,PLEM14C01,PLEM14C01,4/24/2013,5/6/2013,13,1163,1254,3,4,Construct,Code 02.,"Joining ""C01a"" and ""C01b"" as ""C01""",Code 02a.,P-P-S-3961-0002
P,LE,M09,W10,PLEM09W10,PLEM09W10,5/10/2013,5/10/2013,1,405,418,1,4,Construct,,,,
P,LE,M08,C03 a,PLEM08C03a,PLEM08C03a,5/14/2013,5/14/2013,1,175,227,1,1,Construct,,,,
P,LE,M17,F03,PLEM17F03,PLEM17F03,5/15/2013,5/16/2013,2,1004,683,2,0,Construct,Code 03.,"Lift ""F02+F03"" will be converted into  ""F02"" and ""F03"".    All quantities will be assigned to ""F02"".",Code 03a.,P-P-S-4020-0001
P,LE,M09,W09,PLEM09W09,PLEM09W09,5/16/2013,5/17/2013,2,352,344,2,0,Construct,,,,
P,LE,M13,W11,PLEM13W11,PLEM13W11,5/17/2013,5/18/2013,2,518,498,2,2,Construct,,,,
P,LE,M08,C03 c,PLEM08C03c,PLEM08C03c,5/20/2013,5/20/2013,1,80,80,1,2,Construct,,,,
P,LE,M09,W08,PLEM09W08,PLEM09W08,5/22/2013,5/23/2013,2,265,250,2,1,Construct,,,,
P,LE,M12,W11,PLEM12W11,PLEM12W11,5/24/2013,5/25/2013,2,506,494,2,0,Construct,,,,
P,LE,M17,F02,PLEM17F02,PLEM17F02,5/25/2013,5/26/2013,2,1098,1047,2,1,Construct,Code 03.,"Lift ""F02+F03"" will be converted into  ""F02"" and ""F03"".    All quantities will be assigned to ""F02"".",Code 03a.,P-P-S-4020-0001
P,LE,M08,C03 b,PLEM08C03b,PLEM08C03b,5/27/2013,5/28/2013,2,249,187,2,3,Construct,,,,
P,LE,M14,W11,PLEM14W11,PLEM14W11,5/31/2013,5/31/2013,1,493,494,1,3,Construct,,,,
P,LE,M09,W07,PLEM09W07,PLEM09W07,6/3/2013,6/3/2013,1,209,207,1,0,Construct,,,,
P,LE,M12,W10,PLEM12W10,PLEM12W10,6/3/2013,6/4/2013,2,489,419,2,3,Construct,,,,
P,LE,M17,F01,PLEM17F01,PLEM17F01,6/7/2013,6/8/2013,2,994,1036,2,2,Construct,,,,
P,LE,M08,C02,PLEM08C02,PLEM08C02,6/10/2013,6/10/2013,1,292,306,1,0,Construct,,,,
P,LE,M09,W06,PLEM09W06,PLEM09W06,6/10/2013,6/10/2013,1,228,218,1,0,Construct,,,,
P,LE,M01,C03,PLEM01C03,PLEM01C03,6/10/2013,6/11/2013,2,533,533,2,0,Construct,,,,
P,LE,M12,W09,PLEM12W09,PLEM12W09,6/11/2013,6/12/2013,2,309,345,2,0,Construct,,,,
P,LE,M22,F03 a,PLEM22F03a,PLEM22F03a,6/12/2013,6/12/2013,1,88,88,1,-1,Construct,,,,
P,LE,M22,F03 b,PLEM22F03b,PLEM22F03b,6/11/2013,6/12/2013,2,121,121,2,0,Construct,,,,
P,LE,M14,W10,PLEM14W10,PLEM14W10,6/12/2013,6/13/2013,2,400,419,2,6,Construct,,,,
P,LE,M21,C03 a,PLEM21C03a,PLEM21C03a,6/19/2013,6/19/2013,1,152,120,1,0,Construct,,,,
P,LE,M01,C02,PLEM01C02,PLEM01C02,6/19/2013,6/20/2013,2,860,860,2,0,Construct,,,,
P,LE,M09,W05,PLEM09W05,PLEM09W05,6/20/2013,6/20/2013,1,161,175,1,4,Construct,,,,
P,LE,M12,W08,PLEM12W08,PLEM12W08,6/24/2013,6/24/2013,1,257,251,1,0,Construct,,,,
P,LE,M14,W09,PLEM14W09,PLEM14W09,6/24/2013,6/25/2013,2,324,345,2,-8,Construct,,,,
P,LE,M08,C01,PLEM08C01,PLEM08C01,6/17/2013,6/26/2013,10,962,1066,1,0,Construct,Code 02.,"Joining ""C01a"" and ""C01b"" as ""C01""",Code 02a.,P-P-S-3841-0002
P,LE,M09,W04,PLEM09W04,PLEM09W04,6/26/2013,6/26/2013,1,157,157,1,6,Construct,,,,
P,LE,M01,C01,PLEM01C01,PLEM01C01,7/2/2013,7/3/2013,2,812,753,2,0,Construct,.,,,
P,LE,M12,W07,PLEM12W07,PLEM12W07,7/3/2013,7/3/2013,1,209,207,1,0,Construct,,,,
P,LE,M14,W08,PLEM14W08,PLEM14W08,7/3/2013,7/4/2013,2,249,253,2,1,Construct,,,,
P,LE,M22,F02 b,PLEM22F02b,PLEM22F02b,7/5/2013,7/6/2013,2,778,668,2,4,Construct,,,,
P,LE,M09,W03,PLEM09W03,PLEM09W03,7/10/2013,7/10/2013,1,144,139,1,1,Construct,,,,
P,LE,M22,C03.1,PLEM22C03.1,PLEM22C03.1,7/11/2013,7/12/2013,2,0,0,0,-1,Construct,Code 03.,"Lift ""F02a/F01a/C04.1/C03.1"" will be converted into  ""F02a"", ""F01a"", ""C04.1"" and ""C03.1"".    All quantities will be assigned to ""F02a"".",Code 03a.,P-P-S-4121-0002
P,LE,M22,C04.1,PLEM22C04.1,PLEM22C04.1,7/11/2013,7/12/2013,2,0,0,0,-1,Construct,Code 03.,"Lift ""F02a/F01a/C04.1/C03.1"" will be converted into  ""F02a"", ""F01a"", ""C04.1"" and ""C03.1"".    All quantities will be assigned to ""F02a"".",Code 03a.,P-P-S-4121-0002
P,LE,M22,F01a,PLEM22F01a,PLEM22F01a,7/11/2013,7/12/2013,2,0,0,0,-1,Construct,Code 03.,"Lift ""F02a/F01a/C04.1/C03.1"" will be converted into  ""F02a"", ""F01a"", ""C04.1"" and ""C03.1"".    All quantities will be assigned to ""F02a"".",Code 03a.,P-P-S-4120-0002
P,LE,M22,F02a,PLEM22F02a,PLEM22F02a,7/11/2013,7/12/2013,2,772,783,2,3,Construct,Code 03.,"Lift ""F02a/F01a/C04.1/C03.1"" will be converted into  ""F02a"", ""F01a"", ""C04.1"" and ""C03.1"".    All quantities will be assigned to ""F02a"".",Code 03a.,P-P-S-4120-0002
P,LE,M12,W06,PLEM12W06,PLEM12W06,7/15/2013,7/15/2013,1,227,217,1,0,Construct,,,,
P,LE,M14,W07,PLEM14W07,PLEM14W07,7/15/2013,7/15/2013,1,200,209,1,1,Construct,,,,
P,LE,M05,F03,PLEM05F03,PLEM05F03,7/16/2013,7/17/2013,2,869,682,2,1,Construct,,,,
P,LE,M09,W02,PLEM09W02,PLEM09W02,7/18/2013,7/18/2013,1,113,119,1,-1,Construct,,,,
P,LE,M17,C04 a,PLEM17C04a,PLEM17C04a,7/17/2013,7/18/2013,2,252,252,2,7,Construct,,,,
P,LE,M22,F01 b,PLEM22F01b,PLEM22F01b,7/25/2013,7/25/2013,1,404,452,1,0,Construct,,,,
P,LE,M13,W10,PLEM13W10,PLEM13W10,7/25/2013,7/26/2013,2,418,425,2,3,Construct,,,,
P,LE,M05,F02,PLEM05F02,PLEM05F02,7/29/2013,7/30/2013,2,1034,1047,2,0,Construct,,,,
P,LE,M17,C04 c,PLEM17C04c,PLEM17C04c,7/30/2013,7/30/2013,1,137,129,1,0,Construct,,,,
P,LE,M14,W06,PLEM14W06,PLEM14W06,7/30/2013,7/31/2013,2,220,220,2,0,Construct,,,,
P,LE,M16,C02,PLEM16C02,PLEM16C02,7/31/2013,7/31/2013,1,256,256,1,2,Construct,,,,
P,LE,M01,W11,PLEM01W11,PLEM01W11,8/2/2013,8/3/2013,2,511,522,2,2,Construct,,,,
P,LE,M13,W09,PLEM13W09,PLEM13W09,8/5/2013,8/5/2013,1,345,350,1,4,Construct,,,,
P,LE,M05,F01,PLEM05F01,PLEM05F01,8/9/2013,8/10/2013,2,1010,1052,3,-1,Construct,,,,
P,LE,M13,W08,PLEM13W08,PLEM13W08,8/9/2013,8/10/2013,2,265,256,2,3,Construct,,,,
P,LE,M14,W05,PLEM14W05,PLEM14W05,8/13/2013,8/14/2013,2,182,176,2,0,Construct,,,,
P,LE,M01,W10,PLEM01W10,PLEM01W10,8/14/2013,8/15/2013,2,441,460,2,-8,Construct,,,,
P,LE,M16,C01,PLEM16C01,PLEM16C01,8/7/2013,8/17/2013,11,800,763,3,4,Construct,Code 02.,"Joining ""C01a"" and ""C01b"" as ""C01""",Code 02a.,P-P-S-4001-0002
P,LE,M01,W09,PLEM01W09,PLEM01W09,8/21/2013,8/22/2013,2,369,372,2,0,Construct,,,,
P,LE,M13,W07,PLEM13W07,PLEM13W07,8/22/2013,8/22/2013,1,228,213,1,1,Construct,,,,
P,LE,M14,W04,PLEM14W04,PLEM14W04,8/23/2013,8/23/2013,1,177,158,1,4,Construct,,,,
P,LE,M17,C04 b,PLEM17C04b,PLEM17C04b,8/27/2013,8/27/2013,1,251,276,1,1,Construct,,,,
P,LE,M01,W08,PLEM01W08,PLEM01W08,8/28/2013,8/29/2013,2,272,272,2,2,Construct,,,,
P,LE,M13,W06,PLEM13W06,PLEM13W06,8/31/2013,8/31/2013,1,217,225,1,0,Construct,,,,
P,LE,M23,F05b,PLEM23F05b,PLEM23F05b,8/31/2013,8/31/2013,1,169,157,1,2,Construct,Code 03.,"Lift ""F05b & F04 b"" will be renamed as ""F05b"".  There is already another pour named ""F04 b"".",Code 03a.,P-P-S-4140-0002
P,LE,M05,C04 c,PLEM05C04c,PLEM05C04c,9/2/2013,9/2/2013,1,137,111,1,1,Construct,,,,
P,LE,M17,C03 a,PLEM17C03a,PLEM17C03a,9/3/2013,9/3/2013,1,233,222,1,1,Construct,,,,
P,LE,M06,F02,PLEM06F02,PLEM06F02,9/4/2013,9/4/2013,1,625,534,1,0,Construct,Code 03.,"Lift ""F02+F03"" will be converted into ""F02"" and ""F03"". All quantities will be assigned to ""F02"".",Code 03a.,P-P-S-3800-002
P,LE,M06,F03,PLEM06F03,PLEM06F03,9/4/2013,9/4/2013,1,0,0,0,-1,Construct,Code 03.,"Lift ""F02+F03"" will be converted into  ""F02"" and ""F03"".  All quantities will be assigned to ""F02"".",Code 03a.,P-P-S-3800-002
P,LE,M14,W03,PLEM14W03,PLEM14W03,9/3/2013,9/4/2013,2,153,139,2,2,Construct,,,,
P,LE,M01,W07,PLEM01W07,PLEM01W07,9/6/2013,9/7/2013,2,237,225,2,-1,Construct,,,,
P,LE,M04,C02,PLEM04C02,PLEM04C02,9/6/2013,9/7/2013,2,282,230,2,5,Construct,,,,
P,LE,M05,C04 a,PLEM05C04a,PLEM05C04a,9/12/2013,9/12/2013,1,276,256,1,-1,Construct,,,,
P,LE,M06,F01,PLEM06F01,PLEM06F01,9/11/2013,9/12/2013,2,458,469,2,0,Construct,,,,
P,LE,M14,W02,PLEM14W02,PLEM14W02,9/12/2013,9/12/2013,1,120,117,1,-1,Construct,,,,
P,LE,M23, F04 a,PLEM23F04a,PLEM23F04a,9/11/2013,9/12/2013,2,113,79,2,1,Construct,Code 03.,"Lift ""F05 a & F04 a"" will be converted into  ""F05a"" and ""F04a"".    All quantities will be assigned to ""F05a"".",Code 03a.,P-P-S-4140-0002
P,LE,M13,W05,PLEM13W05,PLEM13W05,9/13/2013,9/13/2013,1,168,181,1,4,Construct,,,,
P,LE,M01,W06,PLEM01W06,PLEM01W06,9/17/2013,9/17/2013,1,245,237,1,0,Construct,,,,
P,LE,M22,C04 b,PLEM22C04b,PLEM22C04b,9/17/2013,9/17/2013,1,216,208,1,0,Construct,,,,
P,LE,M18,F02,PLEM18F02,PLEM18F02,9/17/2013,9/18/2013,2,624,624,2,-1,Construct,Code 03.,"Lift ""F02+F03"" will be converted into  ""F02"" and ""F03"".    All quantities will be assigned to ""F02"".",Code 03a.,P-P-S-4040-0002
P,LE,M18,F03,PLEM18F03,PLEM18F03,9/17/2013,9/18/2013,2,0,0,0,0,Construct,Code 03.,"Lift ""F02+F03"" will be converted into  ""F02"" and ""F03"".    All quantities will be assigned to ""F02"".",Code 03a.,P-P-S-4040-0002
P,LE,M23,F02 a,PLEM23F02a,PLEM23F02a,9/18/2013,9/19/2013,2,0,0,0,-1,Construct,Code 03.,"Lift ""F02b"" will be converted into  ""F05a"", ""F02a"" and ""F02b"".    All quantities will be assigned to ""F02b"".",Code 03a.,P-P-S-4140-0002
P,LE,M23,F02 b,PLEM23F02b,PLEM23F02b,9/18/2013,9/19/2013,2,865,730,2,-9,Construct,Code 03.,"Lift ""F02b"" will be converted into  ""F05a"", ""F02a"" and ""F02b"".    All quantities will be assigned to ""F02b"".",Code 03a.,P-P-S-4140-0002
P,LE,M04,C01,PLEM04C01,PLEM04C01,9/10/2013,9/20/2013,11,778,753,4,1,Construct,Code 02.,"Joining ""C01a"" and ""C01b"" as ""C01""",Code 02a.,P-P-S-3761-002
P,LE,M17,C03 c,PLEM17C03c,PLEM17C03c,9/21/2013,9/21/2013,1,113,111,1,-1,Construct,,,,
P,LE,M20,F02,PLEM20F02,PLEM20F02,9/20/2013,9/21/2013,2,1257,1257,2,-1,Construct,Code 03.,"Lift ""F02+F03"" will be converted into  ""F02"" and ""F03"".    All quantities will be assigned to ""F02"".",Code 03a.,P-P-S-4080-0001
P,LE,M20,F03,PLEM20F03,PLEM20F03,9/20/2013,9/21/2013,2,0,0,0,2,Construct,Code 03.,"Lift ""F02+F03"" will be converted into  ""F02"" and ""F03"".    All quantities will be assigned to ""F02"".",Code 03a.,P-P-S-4080-0001
P,LE,M01,W05,PLEM01W05,PLEM01W05,9/23/2013,9/24/2013,2,193,192,2,0,Construct,,,,
P,LE,M13,W04,PLEM13W04,PLEM13W04,9/24/2013,9/24/2013,1,151,159,1,1,Construct,,,,
P,LE,M23,F02.1,PLEM23F02.1,PLEM23F02.1,9/25/2013,9/25/2013,1,192,313,1,0,Construct,,,,
P,LE,M23,F01 b,PLEM23F01b,PLEM23F01b,9/25/2013,9/26/2013,2,441,462,2,0,Construct,,,,
P,LE,M03,C04 a,PLEM03C04a,PLEM03C04a,9/26/2013,9/27/2013,2,346,318,2,0,Construct,,,,
P,LE,M05,C04 b,PLEM05C04b,PLEM05C04b,9/27/2013,9/28/2013,2,284,284,2,-1,Construct,,,,
P,LE,M18,F01,PLEM18F01,PLEM18F01,9/27/2013,9/28/2013,2,368,469,2,3,Construct,,,,
P,LE,M05,C03 a,PLEM05C03a,PLEM05C03a,10/1/2013,10/1/2013,1,224,221,1,1,Construct,,,,
P,LE,M17,C03 b,PLEM17C03b,PLEM17C03b,10/2/2013,10/2/2013,1,276,280,1,1,Construct,,,,
P,LE,M06,C04 b,PLEM06C04b,PLEM06C04b,10/3/2013,10/3/2013,1,141,124,1,1,Construct,,,,
P,LE,M01,W04,PLEM01W04,PLEM01W04,10/4/2013,10/4/2013,1,171,169,1,-1,Construct,,,,
P,LE,M20,F01,PLEM20F01,PLEM20F01,10/3/2013,10/4/2013,2,1025,1078,2,1,Construct,,,,
P,LE,M03,C04 c,PLEM03C04c,PLEM03C04c,10/5/2013,10/5/2013,1,97,93,1,-1,Construct,,,,
P,LE,M23,F01.1,PLEM23F01.1,PLEM23F01.1,10/4/2013,10/5/2013,2,308,318,2,2,Construct,,,,
P,LE,M13,W03,PLEM13W03,PLEM13W03,10/7/2013,10/7/2013,1,133,132,1,1,Construct,,,,
P,LE,M05,C03 c,PLEM05C03c,PLEM05C03c,10/8/2013,10/8/2013,1,111,111,1,3,Construct,,,,
P,LE,M20,C04 a,PLEM20C04a,PLEM20C04a,10/11/2013,10/12/2013,2,600,577,2,2,Construct,,,,
P,LE,M17,C02,PLEM17C02,PLEM17C02,10/14/2013,10/14/2013,1,410,414,1,0,Construct,,,,
P,LE,M23,F03 b,PLEM23F03b,PLEM23F03b,10/14/2013,10/14/2013,1,64,45,1,2,Construct,,,,
P,LE,M05,C03 b,PLEM05C03b,PLEM05C03b,10/16/2013,10/16/2013,1,253,279,1,-1,Construct,,,,
P,LE,M20,C04 c,PLEM20C04c,PLEM20C04c,10/15/2013,10/16/2013,2,114,90,2,3,Construct,,,,
P,LE,M13,W02,PLEM13W02,PLEM13W02,10/19/2013,10/19/2013,1,121,105,1,3,Construct,,,,
P,LE,M03,C03 c,PLEM03C03c,PLEM03C03c,10/22/2013,10/22/2013,1,89,80,1,0,Construct,,,,
P,LE,M23,F03 a,PLEM23F03a,PLEM23F03a,10/22/2013,10/22/2013,1,150,140,1,0,Construct,,,,
P,LE,M03,C03 a,PLEM03C03a,PLEM03C03a,10/22/2013,10/23/2013,2,507,364,2,0,Construct,,,,
P,LE,M20,C03 a,PLEM20C03a,PLEM20C03a,10/23/2013,10/24/2013,2,392,387,2,-7,Construct,,,,
P,LE,M17,C01,PLEM17C01,PLEM17C01,10/17/2013,10/26/2013,10,1404,1412,3,2,Construct,Code 02.,"Joining ""C01a"" and ""C01b"" as ""C01""",Code 02a.,P-P-S-4021-0002
P,LE,M03,C04 b,PLEM03C04b,PLEM03C04b,10/28/2013,10/29/2013,2,209,209,2,0,Construct,,,,
P,LE,M12,W05,PLEM12W05,PLEM12W05,10/29/2013,10/29/2013,1,169,175,1,-1,Construct,,,,
P,LE,M19,F02,PLEM19F02,PLEM19F02,10/28/2013,10/29/2013,2,792,792,2,1,Construct,,,,
P,LE,M05,C02,PLEM05C02,PLEM05C02,10/30/2013,10/30/2013,1,410,413,1,-1,Construct,,,,
P,LE,M20,C03 c,PLEM20C03c,PLEM20C03c,10/29/2013,10/30/2013,2,89,80,2,3,Construct,,,,
P,LE,M22,C02.1,PLEM22C02.1,PLEM22C02.1,11/2/2013,11/2/2013,1,393,384,1,4,Construct,,,,
P,LE,M03,C03 b,PLEM03C03b,PLEM03C03b,11/6/2013,11/6/2013,1,209,204,1,0,Construct,,,,
P,LE,M19,F01,PLEM19F01,PLEM19F01,11/6/2013,11/7/2013,2,1076,1208,2,1,Construct,,,,
P,LE,M18,C04 b,PLEM18C04b,PLEM18C04b,11/8/2013,11/8/2013,1,123,125,1,0,Construct,,,,
P,LE,M12,W04,PLEM12W04,PLEM12W04,11/8/2013,11/9/2013,2,161,156,2,3,Construct,,,,
P,LE,M18,C04 a,PLEM18C04a,PLEM18C04a,11/12/2013,11/12/2013,1,202,190,1,2,Construct,,,,
P,LE,M20,C04 b,PLEM20C04b,PLEM20C04b,11/14/2013,11/14/2013,1,209,194,1,0,Construct,,,,
P,LE,M23,F01 a,PLEM23F01a,PLEM23F01a,11/14/2013,11/14/2013,1,512,504,1,-7,Construct,Code 05..,"Lift ""F02/F01a"" will be renamed as ""F01a"".  The model has no ""F02"".",Code 05a.,P-P-S-4140-0002
P,LE,M05,C01,PLEM05C01,PLEM05C01,11/7/2013,11/15/2013,9,1334,1382,3,0,Construct,Code 02.,"Joining ""C01a"" and ""C01b"" as ""C01""",Code 02a.,P-P-S-3781-0003
P,LE,M12,W03,PLEM12W03,PLEM12W03,11/15/2013,11/15/2013,1,133,137,1,0,Construct,,,,
P,LE,M07,F02,PLEM07F02,PLEM07F02,11/15/2013,11/16/2013,2,812,792,2,2,Construct,,,,
P,LE,M19,C04 a,PLEM19C04a,PLEM19C04a,11/18/2013,11/18/2013,1,568,510,1,1,Construct,,,,
P,LE,M03,C02,PLEM03C02,PLEM03C02,11/19/2013,11/20/2013,2,428,428,2,-1,Construct,,,,
P,LE,M23,C05,PLEM23C05,PLEM23C05,11/19/2013,11/20/2013,2,280,289,2,1,Construct,,,,
P,LE,M20,C03 b,PLEM20C03b,PLEM20C03b,11/21/2013,11/21/2013,1,189,186,1,1,Construct,,,,
P,LE,M07,F01,PLEM07F01,PLEM07F01,11/22/2013,11/23/2013,2,1156,1155,2,2,Construct,,,,
P,LE,M06,C03 b,PLEM06C03b,PLEM06C03b,11/25/2013,11/25/2013,1,117,112,1,0,Construct,,,,
P,LE,M22,C06 a,PLEM22C06a,PLEM22C06a,11/25/2013,11/25/2013,1,98,111,1,0,Construct,Code 03.,"Lift ""C07 +C06 a"" will be converted into  ""C07a"" and ""C06a"".    All quantities will be assigned to ""C06a"".",Code 03a.,P-P-S-4121-0002
P,LE,M22,C07 a,PLEM22C07a,PLEM22C07a,11/25/2013,11/25/2013,1,0,0,0,0,Construct,Code 03.,"Lift ""C07 +C06 a"" will be converted into  ""C07a"" and ""C06a"".    All quantities will be assigned to ""C06a"".",Code 03a.,P-P-S-4121-0002
P,LE,M12,W02,PLEM12W02,PLEM12W02,11/25/2013,11/26/2013,2,132,115,2,-1,Construct,,,,
P,LE,M19,C04 b,PLEM19C04b,PLEM19C04b,11/25/2013,11/26/2013,2,253,230,2,0,Construct,,,,
P,LE,M23,C04 a,PLEM23C04a,PLEM23C04a,11/26/2013,11/27/2013,2,0,0,0,-1,Construct,Code 03.,"Lift ""C04"""" will be converted into  ""C04a"" and ""C04b"".    All quantities will be assigned to ""C04b"".",Code 03a.,P-P-S-4141-0002
P,LE,M23,C04 b,PLEM23C04b,PLEM23C04b,11/26/2013,11/27/2013,2,1289,1289,2,0,Construct,Code 03.,"Lift ""C04"""" will be converted into  ""C04a"" and ""C04b"".    All quantities will be assigned to ""C04b"".",Code 03a.,P-P-S-4141-0002
P,LE,M18,C03 a,PLEM18C03a,PLEM18C03a,11/27/2013,11/28/2013,2,184,222,2,-5,Construct,,,,
P,LE,M03,C01,PLEM03C01,PLEM03C01,11/23/2013,11/29/2013,7,1295,1244,1,0,Construct,Code 02.,"Joining ""C01a"" and ""C01b"" as ""C01""",Code 02a.,P-P-S-3741-0002
P,LE,M07,C04 a,PLEM07C04a,PLEM07C04a,11/29/2013,11/29/2013,1,483,483,1,1,Construct,,,,
P,LE,M19,C03 a,PLEM19C03a,PLEM19C03a,11/30/2013,11/30/2013,1,524,537,1,4,Construct,,,,
P,LE,M06,C04 a,PLEM06C04a,PLEM06C04a,12/4/2013,12/4/2013,1,232,190,1,0,Construct,,,,
P,LE,M18,C04 c,PLEM18C04c,PLEM18C04c,12/4/2013,12/4/2013,1,60,57,1,1,Construct,,,,
P,LE,M22,C06 b,PLEM22C06b,PLEM22C06b,12/5/2013,12/6/2013,2,61,111,2,-1,Construct,Code 03.,"Lift ""C07 b + C06 b"" will be converted into  ""C07b"" and ""C06b"".    All quantities will be assigned to ""C06b"".",Code 03a.,P-P-S-4121-0002
P,LE,M22,C07 b,PLEM22C07b,PLEM22C07b,12/5/2013,12/6/2013,2,0,0,0,0,Construct,Code 03.,"Lift ""C07 b + C06 b"" will be converted into  ""C07b"" and ""C06b"".    All quantities will be assigned to ""C06b"".",Code 03a.,P-P-S-4121-0002
P,LE,M07,C03 a,PLEM07C03a,PLEM07C03a,12/6/2013,12/7/2013,2,584,584,2,-1,Construct,,,,
P,LE,M20,C02,PLEM20C02,PLEM20C02,12/6/2013,12/7/2013,2,344,344,2,-1,Construct,,,,
P,LE,M23,C03 a,PLEM23C03a,PLEM23C03a,12/6/2013,12/7/2013,2,0,0,0,-1,Construct,Code 03.,"Lift ""C03"""" will be converted into  ""C03a"" and ""C03b"".    All quantities will be assigned to ""C03b"".",Code 03a.,P-P-S-4141-0002
P,LE,M23,C03 b,PLEM23C03b,PLEM23C03b,12/6/2013,12/7/2013,2,1072,1072,2,3,Construct,Code 03.,"Lift ""C03"""" will be converted into  ""C03a"" and ""C03b"".    All quantities will be assigned to ""C03b"".",Code 03a.,P-P-S-4141-0002
P,LE,M08,W11,PLEM08W11,PLEM08W11,12/10/2013,12/11/2013,2,504,481,2,0,Construct,,,,
P,LE,M22,C01.1,PLEM22C01.1,PLEM22C01.1,12/11/2013,12/11/2013,1,220,227,1,1,Construct,,,,
P,LE,M20,C01,PLEM20C01,PLEM20C01,12/12/2013,12/12/2013,1,1041,1024,2,2,Construct,Code 02.,"Joining ""C01a"" and ""C01b"" as ""C01""",Code 02a.,P-P-S-4081-0002
P,LE,M22,C03 b,PLEM22C03b,PLEM22C03b,12/14/2013,12/14/2013,1,206,205,1,3,Construct,,,,
P,LE,M22,C04 a,PLEM22C04a,PLEM22C04a,12/17/2013,12/17/2013,1,331,387,1,0,Construct,Code 03.,"Lift ""C05 a & C04 a"" will be converted into  ""C05"" and ""C04a"".    All quantities will be assigned to ""C04a"".",Code 03a.,P-P-S-4121-0002
P,LE,M22,C05,PLEM22C05,PLEM22C05,12/17/2013,12/17/2013,1,0,0,0,1,Construct,Code 03.,"Lift ""C05 a & C04 a"" will be converted into  ""C05"" and ""C04a"".    All quantities will be assigned to ""C04a"".",Code 03a.,P-P-S-4121-0002
P,LE,M06,C03 a,PLEM06C03a,PLEM06C03a,12/18/2013,12/18/2013,1,254,222,1,0,Construct,,,,
P,LE,M19,C03 b,PLEM19C03b,PLEM19C03b,12/18/2013,12/18/2013,1,256,257,1,0,Construct,,,,
P,LE,M19,C04 c,PLEM19C04c,PLEM19C04c,12/18/2013,12/19/2013,2,142,110,2,-1,Construct,,,,
P,LE,M23,C02,PLEM23C02,PLEM23C02,12/18/2013,12/19/2013,2,343,314,2,1,Construct,,,,
P,LE,M08,W10,PLEM08W10,PLEM08W10,12/20/2013,12/21/2013,2,309,406,2,9,Construct,,,,
P,LE,M08,W09,PLEM08W09,PLEM08W09,12/30/2013,12/30/2013,1,337,330,1,-9,Construct,,,,
P,LE,M23,C01,PLEM23C01,PLEM23C01,12/21/2013,1/3/2014,14,990,975,1,1,Construct,Code 02.,"Joining ""C01a"" and ""C01b"" as ""C01""",Code 02a.,P-P-S-4141-0002
P,LE,M19,C03 c,PLEM19C03c,PLEM19C03c,1/4/2014,1/4/2014,1,121,111,1,4,Construct,,,,
P,LE,M22,C03 a,PLEM22C03a,PLEM22C03a,1/8/2014,1/8/2014,1,552,555,1,3,Construct,,,,
P,LE,M18,C03 c,PLEM18C03c,PLEM18C03c,1/11/2014,1/11/2014,1,49,47,1,4,Construct,,,,
P,LE,M03,W11,PLEM03W11,PLEM03W11,1/15/2014,1/15/2014,1,527,493,1,0,Construct,,,,
P,LE,M18,C03 b,PLEM18C03b,PLEM18C03b,1/15/2014,1/15/2014,1,113,112,1,1,Construct,,,,
P,LE,M22,C02,PLEM22C02,PLEM22C02,1/16/2014,1/16/2014,1,384,495,1,2,Construct,,,,
P,LE,M07,C04 b,PLEM07C04b,PLEM07C04b,1/18/2014,1/18/2014,1,233,230,1,2,Construct,,,,
P,LE,M08,W08,PLEM08W08,PLEM08W08,1/20/2014,1/20/2014,1,242,239,1,7,Construct,,,,
P,LE,M07,C04 c,PLEM07C04c,PLEM07C04c,1/27/2014,1/27/2014,1,129,126,1,0,Construct,,,,
P,LE,M17,W11,PLEM17W11,PLEM17W11,1/27/2014,1/27/2014,1,696,680,1,2,Construct,,,,
P,LE,M23,W11,PLEM23W11,PLEM23W11,1/29/2014,1/29/2014,1,608,569,1,,Construct,,,,
P,LE,M16,W11,PLEM16W11,PLEM16W11,1/30/2014,1/30/2014,1,328,308,1,-9,Construct,,,,
P,LE,M22,C01,PLEM22C01,PLEM22C01,1/21/2014,2/3/2014,14,1016,1040,2,1,Construct,Code 02.,"Joining ""C01a"" and ""C01b"" as ""C01""",Code 02a.,P-P-S-4121-0002
P,LE,M06,C04 c,PLEM06C04c,PLEM06C04c,2/4/2014,2/4/2014,1,48,57,1,20,Construct,,,,
P,LE,M19,C02,PLEM19C02,PLEM19C02,2/24/2014,2/24/2014,1,440,429,1,3,Construct,,,,
P,LE,M07,C03 b,PLEM07C03b,PLEM07C03b,2/27/2014,2/27/2014,1,248,230,1,2,Construct,,,,
P,LE,M08,W07,PLEM08W07,PLEM08W07,3/1/2014,3/1/2014,1,190,197,1,11,Construct,,,,
P,LE,M21,C02,PLEM21C02,PLEM21C02,3/12/2014,3/12/2014,1,420,397,1,2,Construct,,,,
P,LE,M23,W10,PLEM23W10,PLEM23W10,3/14/2014,3/14/2014,1,460,483,1,1,Construct,,,,
P,LE,M07,C03 c,PLEM07C03c,PLEM07C03c,3/15/2014,3/15/2014,1,113,110,1,0,Construct,,,,
P,LE,M16,W10,PLEM16W10,PLEM16W10,3/15/2014,3/15/2014,1,256,262,1,3,Construct,,,,
P,LE,M21,C01,PLEM21C01,PLEM21C01,3/18/2014,3/18/2014,1,1032,1039,2,3,Construct,Code 02.,"Joining ""C01a"" and ""C01b"" as ""C01""",Code 02a.,P-P-S-4101-0002
P,LE,M08,W06,PLEM08W06,PLEM08W06,3/21/2014,3/21/2014,1,213,206,1,1,Construct,,,,
P,LE,M06,C03 c,PLEM06C03c,PLEM06C03c,3/22/2014,3/22/2014,1,56,79,1,0,Construct,,,,
P,LE,M23,W09,PLEM23W09,PLEM23W09,3/22/2014,3/22/2014,1,392,396,1,-9,Construct,,,,
P,LE,M19,C01,PLEM19C01,PLEM19C01,3/13/2014,3/24/2014,12,1380,1412,2,7,Construct,Code 02.,"Joining ""C01a"" and ""C01b"" as ""C01""",Code 02a.,P-P-S-4061-0002
P,LE,M23,W08,PLEM23W08,PLEM23W08,3/31/2014,3/31/2014,1,232,280,1,1,Construct,,,,
P,LE,M20,W11,PLEM20W11,PLEM20W11,4/1/2014,4/1/2014,1,478,478,1,3,Construct,,,,
P,LE,M16,W09,PLEM16W09,PLEM16W09,4/4/2014,4/4/2014,1,204,215,1,1,Construct,,,,
P,LE,M08,W05,PLEM08W05,PLEM08W05,4/5/2014,4/5/2014,1,161,174,1,0,Construct,,,,
P,LE,M23,W07,PLEM23W07,PLEM23W07,4/5/2014,4/5/2014,1,246,239,1,2,Construct,,,,
P,LE,M20,W10,PLEM20W10,PLEM20W10,4/7/2014,4/7/2014,1,379,403,1,4,Construct,,,,
P,LE,M22,W11,PLEM22W11,PLEM22W11,4/11/2014,4/11/2014,1,500,484,1,5,Construct,,,,
P,LE,M20,W09,PLEM20W09,PLEM20W09,4/16/2014,4/16/2014,1,344,329,1,5,Construct,,,,
P,LE,M07,C02,PLEM07C02,PLEM07C02,4/21/2014,4/21/2014,1,552,514,1,1,Construct,,,,
P,LE,M19,W11,PLEM19W11,PLEM19W11,4/22/2014,4/22/2014,1,628,649,1,16,Construct,,,,
P,LE,M23,W06,PLEM23W06,PLEM23W06,5/8/2014,5/8/2014,1,262,251,1,4,Construct,,,,
P,LE,M08,W04,PLEM08W04,PLEM08W04,5/12/2014,5/12/2014,1,152,152,1,0,Construct,,,,
P,LE,M18,C02,PLEM18C02,PLEM18C02,5/12/2014,5/12/2014,1,204,225,1,0,Construct,,,,
P,LE,M20,W08,PLEM20W08,PLEM20W08,5/12/2014,5/12/2014,1,252,237,1,2,Construct,,,,
P,LE,M23,W05,PLEM23W05,PLEM23W05,5/14/2014,5/14/2014,1,200,202,1,1,Construct,,,,
P,LE,M21,W11,PLEM21W11,PLEM21W11,5/15/2014,5/15/2014,1,488,484,1,5,Construct,,,,
P,LE,M20,W07,PLEM20W07,PLEM20W07,5/20/2014,5/20/2014,1,198,196,1,0,Construct,,,,
P,LE,M22,W10,PLEM22W10,PLEM22W10,5/20/2014,5/20/2014,1,408,424,1,1,Construct,,,,
P,LE,M08,W03,PLEM08W03,PLEM08W03,5/21/2014,5/21/2014,1,154,146,1,-11,Construct,,,,
P,LE,M07,C01 ,PLEM07C01,PLEM07C01,5/10/2014,5/23/2014,14,1639,1692,2,-6,Construct,Code 02.,"Joining ""C01a"" and ""C01b"" as ""C01""",Code 02a.,P-P-S-3821-0002
P,LE,M18,C01,PLEM18C01,PLEM18C01,5/17/2014,5/23/2014,7,681,779,2,3,Construct,Code 02.,"Joining ""C01a"" and ""C01b"" as ""C01""",Code 02a.,P-P-S-4041-0002
P,LE,M16,W08,PLEM16W08,PLEM16W08,5/26/2014,5/26/2014,1,177,158,1,0,Construct,Code 05.,"The Summary of Lifts and Pours have two lifts called ""W08"" and there is no ""W03"".  According to the dates and the sequence, it is assumed that lift ""W08"" poured in 08/16/2014 in fact corresponds to lift W03 and it was renamed accordingly.",Code 05a.,P-P-S-4002-0001
P,LE,M23,W04,PLEM23W04,PLEM23W04,5/26/2014,5/26/2014,1,168,182,1,1,Construct,,,,
P,LE,M18,W11,PLEM18W11,PLEM18W11,5/27/2014,5/28/2014,2,305,293,2,1,Construct,,,,
P,LE,M20,W06,PLEM20W06,PLEM20W06,5/29/2014,5/29/2014,1,203,205,1,0,Construct,,,,
P,LE,M22,W09,PLEM22W09,PLEM22W09,5/29/2014,5/29/2014,1,340,342,1,5,Construct,,,,
P,LE,M19,W10,PLEM19W10,PLEM19W10,6/3/2014,6/3/2014,1,528,545,1,2,Construct,,,,
P,LE,M22,W08,PLEM22W08,PLEM22W08,6/5/2014,6/5/2014,1,236,249,1,1,Construct,,,,
P,LE,M05,W11,PLEM05W11,PLEM05W11,6/6/2014,6/6/2014,1,696,679,1,1,Construct,,,,
P,LE,M20,W05,PLEM20W05,PLEM20W05,6/7/2014,6/7/2014,1,169,162,1,2,Construct,,,,
P,LE,M08,W02,PLEM08W02,PLEM08W02,6/9/2014,6/9/2014,1,149,136,1,2,Construct,,,,
P,LE,M03,W10,PLEM03W10,PLEM03W10,6/11/2014,6/11/2014,1,429,418,1,1,Construct,,,,
P,LE,M19,W09,PLEM19W09,PLEM19W09,6/12/2014,6/12/2014,1,448,441,1,2,Construct,,,,
P,LE,M07,W11,PLEM07W11,PLEM07W11,6/14/2014,6/14/2014,1,671,649,1,-1,Construct,,,,
P,LE,M22,W07,PLEM22W07,PLEM22W07,6/13/2014,6/14/2014,2,184,206,2,2,Construct,,,,
P,LE,M21,W10,PLEM21W10,PLEM21W10,6/16/2014,6/17/2014,2,420,424,2,3,Construct,,,,
P,LE,M22,W06,PLEM22W06,PLEM22W06,6/20/2014,6/20/2014,1,211,216,1,3,Construct,,,,
P,LE,M16,W07,PLEM16W07,PLEM16W07,6/23/2014,6/23/2014,1,135,132,1,2,Construct,,,,
P,LE,M06,C02,PLEM06C02,PLEM06C02,6/25/2014,6/25/2014,1,225,225,1,-1,Construct,,,,
P,LE,M07,W10,PLEM07W10,PLEM07W10,6/24/2014,6/25/2014,2,560,545,2,0,Construct,,,,
P,LE,M19,W08,PLEM19W08,PLEM19W08,6/25/2014,6/25/2014,1,339,316,1,0,Construct,,,,
P,LE,M21,W09,PLEM21W09,PLEM21W09,6/25/2014,6/25/2014,1,313,342,1,1,Construct,,,,
P,LE,M05,W10,PLEM05W10,PLEM05W10,6/26/2014,6/26/2014,1,599,575,1,7,Construct,,,,
P,LE,M03,W09,PLEM03W09,PLEM03W09,7/3/2014,7/3/2014,1,344,342,1,0,Construct,,,,
P,LE,M20,W04,PLEM20W04,PLEM20W04,7/3/2014,7/3/2014,1,143,151,1,0,Construct,,,,
P,LE,M22,W05,PLEM22W05,PLEM22W05,7/3/2014,7/3/2014,1,176,174,1,-5,Construct,,,,
P,LE,M06,C01,PLEM06C01,PLEM06C01,6/28/2014,7/4/2014,7,734,750,2,0,Construct,Code 02.,"Joining ""C01a"" and ""C01b"" as ""C01""",Code 02a.,P-P-S-3801-0002
P,LE,M16,W06,PLEM16W06,PLEM16W06,7/4/2014,7/4/2014,1,142,138,1,4,Construct,,,,
P,LE,M05,W09,PLEM05W09,PLEM05W09,7/8/2014,7/8/2014,1,516,471,1,-1,Construct,,,,
P,LE,M17,W10,PLEM17W10,PLEM17W10,7/7/2014,7/8/2014,2,564,576,2,1,Construct,,,,
P,LE,M07,W09,PLEM07W09,PLEM07W09,7/9/2014,7/9/2014,1,440,441,1,1,Construct,,,,
P,LE,M03,W08,PLEM03W08,PLEM03W08,7/10/2014,7/10/2014,1,256,250,1,1,Construct,,,,
P,LE,M06,W11,PLEM06W11,PLEM06W11,7/11/2014,7/11/2014,1,297,293,1,0,Construct,,,,
P,LE,M21,W08,PLEM21W08,PLEM21W08,7/11/2014,7/11/2014,1,285,249,1,1,Construct,,,,
P,LE,M16,W05,PLEM16W05,PLEM16W05,7/12/2014,7/12/2014,1,110,112,1,0,Construct,,,,
P,LE,M19,W07,PLEM19W07,PLEM19W07,7/12/2014,7/12/2014,1,259,259,1,2,Construct,,,,
P,LE,M20,W03,PLEM20W03,PLEM20W03,7/14/2014,7/14/2014,1,148,145,1,2,Construct,,,,
P,LE,M05,W08,PLEM05W08,PLEM05W08,7/16/2014,7/16/2014,1,324,343,1,0,Construct,,,,
P,LE,M22,W04,PLEM22W04,PLEM22W04,7/16/2014,7/16/2014,1,160,153,1,1,Construct,,,,
P,LE,M07,W08,PLEM07W08,PLEM07W08,7/17/2014,7/17/2014,1,328,316,1,1,Construct,,,,
P,LE,M04,W11,PLEM04W11,PLEM04W11,7/18/2014,7/18/2014,1,320,308,1,1,Construct,,,,
P,LE,M21,W07,PLEM21W07,PLEM21W07,7/19/2014,7/19/2014,1,216,206,1,2,Construct,,,,
P,LE,M06,W10,PLEM06W10,PLEM06W10,7/21/2014,7/21/2014,1,248,247,1,1,Construct,,,,
P,LE,M17,W09,PLEM17W09,PLEM17W09,7/22/2014,7/22/2014,1,464,471,1,1,Construct,,,,
P,LE,M19,W06,PLEM19W06,PLEM19W06,7/23/2014,7/23/2014,1,263,269,1,1,Construct,,,,
P,LE,M03,W07,PLEM03W07,PLEM03W07,7/24/2014,7/24/2014,1,207,208,1,1,Construct,,,,
P,LE,M18,W10,PLEM18W10,PLEM18W10,7/25/2014,7/25/2014,1,256,247,1,1,Construct,,,,
P,LE,M22,W03,PLEM22W03,PLEM22W03,7/26/2014,7/26/2014,1,142,134,1,2,Construct,,,,
P,LE,M20,W02,PLEM20W02,PLEM20W02,7/28/2014,7/28/2014,1,141,128,1,1,Construct,,,,
P,LE,M07,W07,PLEM07W07,PLEM07W07,7/29/2014,7/29/2014,1,280,259,1,0,Construct,,,,
P,LE,M04,W10,PLEM04W10,PLEM04W10,7/29/2014,7/30/2014,2,277,262,2,0,Construct,,,,
P,LE,M05,W07,PLEM05W07,PLEM05W07,7/30/2014,7/30/2014,1,281,283,1,0,Construct,,,,
P,LE,M16,W04,PLEM16W04,PLEM16W04,7/30/2014,7/30/2014,1,104,96,1,1,Construct,,,,
P,LE,M21,W06,PLEM21W06,PLEM21W06,7/31/2014,7/31/2014,1,216,216,1,1,Construct,,,,
P,LE,M03,W06,PLEM03W06,PLEM03W06,8/1/2014,8/1/2014,1,203,217,1,0,Construct,,,,
P,LE,M06,W09,PLEM06W09,PLEM06W09,8/1/2014,8/1/2014,1,208,200,1,0,Construct,,,,
P,LE,M17,W08,PLEM17W08,PLEM17W08,8/1/2014,8/2/2014,2,376,342,2,0,Construct,,,,
P,LE,M22,W02,PLEM22W02,PLEM22W02,8/2/2014,8/2/2014,1,126,114,1,3,Construct,,,,
P,LE,M07,W06,PLEM07W06,PLEM07W06,8/5/2014,8/5/2014,1,276,269,1,0,Construct,,,,
P,LE,M04,W09,PLEM04W09,PLEM04W09,8/5/2014,8/6/2014,2,198,215,2,0,Construct,,,,
P,LE,M05,W06,PLEM05W06,PLEM05W06,8/6/2014,8/6/2014,1,289,297,1,1,Construct,,,,
P,LE,M18,W09,PLEM18W09,PLEM18W09,8/7/2014,8/7/2014,1,208,202,1,0,Construct,,,,
P,LE,M21,W05,PLEM21W05,PLEM21W05,8/7/2014,8/7/2014,1,168,173,1,1,Construct,,,,
P,LE,M17,W07,PLEM17W07,PLEM17W07,8/8/2014,8/8/2014,1,275,283,1,3,Construct,,,,
P,LE,M06,W08,PLEM06W08,PLEM06W08,8/11/2014,8/11/2014,1,153,144,1,0,Construct,,,,
P,LE,M19,W04,PLEM19W04,PLEM19W04,8/11/2014,8/12/2014,2,184,199,2,1,Construct,,,,
P,LE,M03,W05,PLEM03W05,PLEM03W05,8/13/2014,8/13/2014,1,188,175,1,0,Construct,,,,
P,LE,M05,W05,PLEM05W05,PLEM05W05,8/13/2014,8/13/2014,1,230,230,1,1,Construct,,,,
P,LE,M21,W04,PLEM21W04,PLEM21W04,8/14/2014,8/14/2014,1,154,152,1,-1,Construct,,,,
P,LE,M23,W03,PLEM23W03,PLEM23W03,8/13/2014,8/14/2014,2,163,161,2,1,Construct,,,,
P,LE,M07,W05,PLEM07W05,PLEM07W05,8/15/2014,8/15/2014,1,199,211,1,0,Construct,,,,
P,LE,M04,W08,PLEM04W08,PLEM04W08,8/15/2014,8/16/2014,2,179,158,2,0,Construct,,,,
P,LE,M16,W03,PLEM16W03,PLEM16W03,8/16/2014,8/16/2014,1,75,96,0,-1,Construct,Code 05.,"The Summary of Lifts and Pours have two lifts called ""W08"" and there is no ""W03"".  According to the dates and the sequence, it is assumed that lift ""W08"" poured in 08/16/2014 in fact corresponds to lift W03 and it was renamed accordingly.",Code 05a.,P-P-S-4002-0001
P,LE,M17,W06,PLEM17W06,PLEM17W06,8/15/2014,8/16/2014,2,285,295,2,3,Construct,,,,
P,LE,M06,W07,PLEM06W07,PLEM06W07,8/19/2014,8/19/2014,1,122,118,1,0,Construct,,,,
P,LE,M18,W08,PLEM18W08,PLEM18W08,8/19/2014,8/19/2014,1,148,145,1,1,Construct,,,,
P,LE,M05,W04,PLEM05W04,PLEM05W04,8/20/2014,8/20/2014,1,223,218,1,-20,Construct,,,,
P,LE,M19,W05,PLEM19W05,PLEM19W05,7/31/2014,8/21/2014,22,392,393,1,0,Construct,,,,
P,LE,M03,W04,PLEM03W04,PLEM03W04,8/21/2014,8/22/2014,2,159,194,2,-2,Construct,,,,
P,LE,M19,W03,PLEM19W03,PLEM19W03,8/20/2014,8/22/2014,3,32,17,1,0,Construct,,,,
P,LE,M21,W03,PLEM21W03,PLEM21W03,8/22/2014,8/22/2014,1,136,133,1,1,Construct,,,,
P,LE,M23,W02,PLEM23W02,PLEM23W02,8/23/2014,8/23/2014,1,140,136,1,2,Construct,,,,
P,LE,M04,W07,PLEM04W07,PLEM04W07,8/25/2014,8/26/2014,2,130.5,132,2,1,Construct,,,,
P,LE,M07,W04,PLEM07W04,PLEM07W04,8/27/2014,8/27/2014,1,189,199,1,-1,Construct,,,,
P,LE,M17,W05,PLEM17W05,PLEM17W05,8/26/2014,8/27/2014,2,245.22,273,2,0,Construct,,,,
P,LE,M05,W03,PLEM05W03,PLEM05W03,8/27/2014,8/28/2014,2,210,188,2,0,Construct,,,,
P,LE,M16,W02,PLEM16W02,PLEM16W02,8/28/2014,8/28/2014,1,64.5,65,1,4,Construct,,,,
P,LE,M03,W03,PLEM03W03,PLEM03W03,9/1/2014,9/1/2014,1,130,139,1,0,Construct,,,,
P,LE,M18,W07,PLEM18W07,PLEM18W07,9/1/2014,9/1/2014,1,121,121,1,0,Construct,,,,
P,LE,M19,W02,PLEM19W02,PLEM19W02,9/1/2014,9/1/2014,1,201,193,1,3,Construct,,,,
P,LE,M04,W06,PLEM04W06,PLEM04W06,9/4/2014,9/4/2014,1,134,138,1,0,Construct,,,,
P,LE,M06,W06,PLEM06W06,PLEM06W06,9/4/2014,9/4/2014,1,113,124,1,0,Construct,,,,
P,LE,M21,W02,PLEM21W02,PLEM21W02,9/4/2014,9/4/2014,1,127,113,1,4,Construct,,,,
P,LE,M05,W02,PLEM05W02,PLEM05W02,9/8/2014,9/8/2014,1,169,174,1,0,Construct,,,,
P,LE,M17,W04,PLEM17W04,PLEM17W04,9/8/2014,9/8/2014,1,214,216,1,0,Construct,,,,
P,LE,M07,W03,PLEM07W03,PLEM07W03,9/8/2014,9/9/2014,2,192,199,2,0,Construct,,,,
P,LE,M18,W06,PLEM18W06,PLEM18W06,9/9/2014,9/9/2014,1,128,125,1,1,Construct,,,,
P,LE,M03,W02,PLEM03W02,PLEM03W02,9/10/2014,9/10/2014,1,122,119,1,0,Construct,,,,
P,LE,M04,W05,PLEM04W05,PLEM04W05,9/10/2014,9/11/2014,2,94,112,2,0,Construct,,,,
P,LE,M06,W05,PLEM06W05,PLEM06W05,9/11/2014,9/11/2014,1,101,98,1,1,Construct,,,,
P,LE,M17,W03,PLEM17W03,PLEM17W03,9/12/2014,9/13/2014,2,183,197,2,2,Construct,,,,
P,LE,M18,W05,PLEM18W05,PLEM18W05,9/15/2014,9/15/2014,1,106,100,1,1,Construct,,,,
P,LE,M04,W04,PLEM04W04,PLEM04W04,9/16/2014,9/16/2014,1,102,99,1,2,Construct,,,,
P,LE,M02,W03,PLEM02W03,PLEM02W03,9/18/2014,9/18/2014,1,142,143,1,4,Construct,,,,
P,LE,M07,W02,PLEM07W02,PLEM07W02,9/22/2014,9/22/2014,1,194,193,1,1,Construct,,,,
P,LE,M06,W04,PLEM06W04,PLEM06W04,9/23/2014,9/23/2014,1,102,89,1,1,Construct,,,,
P,LE,M17,W02,PLEM17W02,PLEM17W02,9/24/2014,9/24/2014,1,186,173,1,1,Construct,,,,
P,LE,M18,W04,PLEM18W04,PLEM18W04,9/25/2014,9/25/2014,1,95,92,1,4,Construct,,,,
P,LE,M02,W02,PLEM02W02,PLEM02W02,9/29/2014,9/29/2014,1,126,129,1,0,Construct,,,,
P,LE,M04,W02,PLEM04W03,PLEM04W03,9/29/2014,9/29/2014,1,81,83,1,0,Construct,,,,
P,LE,M06,W03,PLEM06W03,PLEM06W03,9/29/2014,9/29/2014,1,92,84,1,1,Construct,,,,
P,LE,M09,W01,PLEM09W01,PLEM09W01,9/30/2014,9/30/2014,1,57,63,1,-1,Construct,,,,
P,LE,M18,W03,PLEM18W03,PLEM18W03,9/29/2014,9/30/2014,2,97,86,2,6,Construct,,,,
P,LE,M01,W03,PLEM01W03,PLEM01W03,10/6/2014,10/6/2014,1,146,142,1,0,Construct,,,,
P,LE,M04,W03,PLEM04W02,PLEM04W02,10/6/2014,10/6/2014,1,64,65,1,0,Construct,,,,
P,LE,M14,W01,PLEM14W01,PLEM14W01,10/6/2014,10/6/2014,1,64,61,1,1,Construct,,,,
P,LE,M06,W02,PLEM06W02,PLEM06W02,10/7/2014,10/7/2014,1,83,72,1,2,Construct,,,,
P,LE,M10,W01,PLEM10W01,PLEM10W01,10/9/2014,10/9/2014,1,63,63,1,4,Construct,,,,
P,LE,M19,W01,PLEM19W01,PLEM19W01,10/13/2014,10/13/2014,1,113,119,1,1,Construct,,,,
P,LE,M01,W02,PLEM01W02,PLEM01W02,10/14/2014,10/14/2014,1,107,110,1,1,Construct,,,,
P,LE,M11,W01,PLEM11W01,PLEM11W01,10/15/2014,10/15/2014,1,21,21,1,1,Construct,,,,
P,LE,M18,W02,PLEM18W02,PLEM18W02,10/16/2014,10/16/2014,1,81,78,1,1,Construct,,,,
P,LE,M13,W01,PLEM13W01,PLEM13W01,10/17/2014,10/17/2014,1,68,56,1,5,Construct,,,,
P,LE,M07,W01,PLEM07W01,PLEM07W01,10/22/2014,10/23/2014,2,147,118,2,0,Construct,,,,
P,LE,M20,W01,PLEM20W01,PLEM20W01,10/23/2014,10/23/2014,1,78,82,1,5,Construct,,,,
P,LE,M01,W01,PLEM01W01,PLEM01W01,10/28/2014,10/28/2014,1,57,50,1,1,Construct,,,,
P,LE,M15,W01,PLEM15W01,PLEM15W01,10/29/2014,10/29/2014,1,53,54,1,8,Construct,,,,
P,LE,M08,W01,PLEM08W01,PLEM08W01,11/6/2014,11/6/2014,1,70,75,1,2,Construct,,,,
P,LE,M21,W01,PLEM21W01,PLEM21W01,11/8/2014,11/8/2014,1,64,59,1,3,Construct,,,,
P,LE,M02,W01,PLEM02W01,PLEM02W01,11/11/2014,11/11/2014,1,81,62,1,2,Construct,,,,
P,LE,M17,W01,PLEM17W01,PLEM17W01,11/13/2014,11/13/2014,1,106,101,1,2,Construct,,,,
P,LE,M06,W01,PLEM06W01,PLEM06W01,11/15/2014,11/15/2014,1,44,43,1,2,Construct,,,,
P,LE,M16,W01,PLEM16W01,PLEM16W01,11/17/2014,11/17/2014,1,29,36,1,2,Construct,,,,
P,LE,M22,W01,PLEM22W01,PLEM22W01,11/19/2014,11/19/2014,1,55,10,1,2,Construct,,,,
P,LE,M03,W01,PLEM03W01,PLEM03W01,11/21/2014,11/22/2014,2,65,78,2,2,Construct,,,,
P,LE,M18,W01,PLEM18W01,PLEM18W01,11/24/2014,11/24/2014,1,31,45,1,1,Construct,,,,
P,LE,M05,W01,PLEM05W01,PLEM05W01,11/25/2014,11/25/2014,1,80,93,1,3,Construct,,,,
P,LE,M04,W01,PLEM04W01,PLEM04W01,11/28/2014,11/28/2014,1,30,36,1,0,Construct,,,,
P,LE,M12,W01,PLEM12W01,PLEM12W01,11/28/2014,11/28/2014,1,52,70,1,4,Construct,,,,
P,LE,M23,W01,PLEM23W01,PLEM23W01,12/2/2014,12/2/2014,1,64,77,1,-41975,Construct,,,,
