Side,Structure,Monolith,Lift,Collated,Name,Actual Start,Actual End,Duration in days,Actual Quantity,Design Quantity,Number of Pours,Activity Type,Days before next lift,,Revision Process,,RFC number
P,LW,M01,F03 b,PLWM01F03b,PLWM01F03b,8/15/2012,8/16/2012,2,677,665,2,Construct,-1,Code 03.,"Lift ""F03b + F04b"" will be converted into  ""F03b"" and ""F04b"".    All quantities will be assigned to ""F03b"".",Code 03a.,P-P-S-3200-0002
P,LW,M01,F04 b,PLWM01F04b,PLWM01F04b,8/15/2012,8/16/2012,2,0,0,0,Construct,6,Code 03.,"Lift ""F03b + F04b"" will be converted into  ""F03b"" and ""F04b"".    All quantities will be assigned to ""F03b"".",Code 03a.,P-P-S-3200-0002
P,LW,M01,F02 b,PLWM01F02b,PLWM01F02b,8/22/2012,8/22/2012,1,521,521,1,Construct,19,,,,
P,LW,M01,F01 b,PLWM01F01b,PLWM01F01b,9/10/2012,9/11/2012,2,696,665,2,Construct,10,,,,
P,LW,M01,F03 a,PLWM01F03a,PLWM01F03a,9/21/2012,9/21/2012,1,152,150,1,Construct,0,Code 03.,"Lift ""F03a + F04a"" will be converted into  ""F03a"" and ""F04a"".    All quantities will be assigned to ""F03a"".",Code 03a.,P-P-S-3200-0002
P,LW,M01,F04 a,PLWM01F04a,PLWM01F04a,9/21/2012,9/21/2012,1,0,0,0,Construct,5,Code 03.,"Lift ""F03a + F04a"" will be converted into  ""F03a"" and ""F04a"".    All quantities will be assigned to ""F03a"".",Code 03a.,P-P-S-3200-0002
P,LW,M01,F02 a,PLWM01F02a,PLWM01F02a,9/26/2012,9/27/2012,2,474,459,2,Construct,15,,,,
P,LW,M01,F01 a,PLWM01F01a,PLWM01F01a,10/12/2012,10/13/2012,2,373,363,2,Construct,24,,,,
P,LW,M01,C06 b,PLWM01C06b,PLWM01C06b,11/6/2012,11/7/2012,2,720,683,2,Construct,9,,,,
P,LW,M01,C05 b,PLWM01C05b,PLWM01C05b,11/16/2012,11/16/2012,1,489,445,1,Construct,5,,,,
P,LW,M01,C06 a,PLWM01C06a,PLWM01C06a,11/21/2012,11/22/2012,2,637,328,2,Construct,1,,,,
P,LW,M01,C04 b,PLWM01C04b,PLWM01C04b,11/23/2012,11/24/2012,2,502,525,2,Construct,9,,,,
P,LW,M01,C03 b,PLWM01C03b,PLWM01C03b,12/3/2012,12/4/2012,2,306,273,2,Construct,9,,,,
P,LW,M01,C05 a,PLWM01C05a,PLWM01C05a,12/13/2012,12/14/2012,2,409,395,2,Construct,-1,Code 03.,"Lift ""C05&C04&C03 a"" will be converted into  ""C05a"", ""C04a"" and ""C03a"".    All quantities will be assigned to ""C05a"".",Code 03a.,P-P-S-3201-0002
P,LW,M01,C04 a,PLWM01C04a,PLWM01C04a,12/13/2012,12/14/2012,2,0,0,0,Construct,-1,Code 03.,"Lift ""C05&C04&C03 a"" will be converted into  ""C05a"", ""C04a"" and ""C03a"".    All quantities will be assigned to ""C05a"".",Code 03a.,P-P-S-3201-0002
P,LW,M01,C03 a,PLWM01C03a,PLWM01C03a,12/13/2012,12/14/2012,2,0,0,0,Construct,237,Code 03.,"Lift ""C05&C04&C03 a"" will be converted into  ""C05a"", ""C04a"" and ""C03a"".    All quantities will be assigned to ""C05a"".",Code 03a.,P-P-S-3201-0002
P,LW,M01,C02,PLWM01C02,PLWM01C02,8/8/2013,8/9/2013,2,458,424,2,Construct,10,,,,
P,LW,M01,C01,PLWM01C01,PLWM01C01,8/19/2013,8/30/2013,12,1270,1313,4,Construct,140,Code 02.,"Joining ""C01a"" and ""C01b"" as ""C01""",Code 02a.,P-P-S-3201-0002
P,LW,M01,W10,PLWM01W10,PLWM01W10,1/17/2014,1/17/2014,1,281,294,1,Construct,0,Code 03.,"Lift ""W10+W09"" will be converted into  ""W10"" and ""W09"".    All quantities will be assigned to ""W10"".",Code 03a.,P-P-S-3202-0001
P,LW,M01,W09,PLWM01W09,PLWM01W09,1/17/2014,1/17/2014,1,0,0,0,Construct,14,Code 03.,"Lift ""W10+W09"" will be converted into  ""W10"" and ""W09"".    All quantities will be assigned to ""W10"".",Code 03a.,P-P-S-3202-0001
P,LW,M01,W08,PLWM01W08,PLWM01W08,1/31/2014,1/31/2014,1,289,287,1,Construct,43,,,,
P,LW,M01,W07,PLWM01W07,PLWM01W07,3/15/2014,3/15/2014,1,243,225,1,Construct,17,,,,
P,LW,M01,W06,PLWM01W06,PLWM01W06,4/1/2014,4/1/2014,1,264,237,1,Construct,6,,,,
P,LW,M01,W05,PLWM01W05,PLWM01W05,4/7/2014,4/7/2014,1,178,192,1,Construct,15,,,,
P,LW,M01,W04,PLWM01W04,PLWM01W04,4/22/2014,4/22/2014,1,171,169,1,Construct,28,,,,
P,LW,M01,W03,PLWM01W03,PLWM01W03,5/20/2014,5/20/2014,1,150,142,1,Construct,8,,,,
P,LW,M01,W02,PLWM01W02,PLWM01W02,5/28/2014,5/28/2014,1,129,110,1,Construct,177,,,,
P,LW,M01,W01,PLWM01W01,PLWM01W01,11/21/2014,5/22/2015,183,59,67,2,Construct,-1086,Code 02.,"Joining ""W01"" and ""W01 (2nd stage Beam)"" as ""W01"".",Code 02a.,P-P-S-3202-0001
P,LW,M02,F03 a,PLWM02F03a,PLWM02F03a,5/31/2012,6/1/2012,2,792,792,2,Construct,-1,Code 03.,"Lift ""F02&F03"" will be converted into  ""F03a"" and ""F03b"".    All quantities will be assigned to ""F03b"".",Code 03a.,P-P-S-3220-0002
P,LW,M02,F03 b,PLWM02F03b,PLWM02F03b,5/31/2012,6/1/2012,2,0,0,0,Construct,20,Code 03.,"Lift ""F02&F03"" will be converted into  ""F03a"" and ""F03b"".    All quantities will be assigned to ""F03b"".",Code 03a.,P-P-S-3220-0002
P,LW,M02,F01 b,PLWM02F01b,PLWM02F01b,6/21/2012,6/21/2012,1,554,554,1,Construct,69,Code 05.,"Lift ""F01"" will be renamed as ""F01b"".",Code 05a.,P-P-S-3220-0002
P,LW,M02,F02 a,PLWM02F02a,PLWM02F02a,8/29/2012,8/30/2012,2,173,136,2,Construct,-1,Code 03.,"Lift ""F02a"""" will be converted into  ""F02a"" and ""F02b"".    All quantities will be assigned to ""F02a"".",Code 03a.,P-P-S-3220-0002
P,LW,M02,F02 b,PLWM02F02b,PLWM02F02b,8/29/2012,8/30/2012,2,0,0,2,Construct,4,Code 03.,"Lift ""F02a"""" will be converted into  ""F02a"" and ""F02b"".    All quantities will be assigned to ""F02a"".",Code 03a.,P-P-S-3220-0002
P,LW,M02,F01 a,PLWM02F01a,PLWM02F01a,9/3/2012,9/4/2012,2,276,257,4,Construct,202,,,,
P,LW,M02,C06 b,PLWM02C06b,PLWM02C06b,3/25/2013,3/26/2013,2,488,533,2,Construct,7,,,,
P,LW,M02,C05 a,PLWM02C05a,PLWM02C05a,4/2/2013,4/10/2013,9,432,463,2,Construct,-8,Code 03.,"Lift ""C05a&C04a"" will be converted into  ""C05a"" and ""C04a"".    All quantities will be assigned to ""C05a"".",Code 03a.,P-P-S-3221-0002
P,LW,M02,C06 a,PLWM02C06a,PLWM02C06a,4/2/2013,4/3/2013,2,0,0,0,Construct,-1,Code 03.,"Lift ""C04/C05/C06 a"" will be converted into  ""C05c"" and ""C06a"".    All quantities will be assigned to ""C05b"".",Code 03a.,P-P-S-3221-0002
P,LW,M02,C04 a,PLWM02C04a,PLWM02C04a,4/2/2013,4/10/2013,9,0,0,3,Construct,15,Code 03.,"Lift ""C05a&C04a"" will be converted into  ""C05a"" and ""C04a"".    All quantities will be assigned to ""C05a"".",Code 03a.,P-P-S-3221-0002
P,LW,M02,C04 b,PLWM02C04b,PLWM02C04b,4/25/2013,4/26/2013,2,540,578,2,Construct,-1,,,,
P,LW,M02,C05 b,PLWM02C05b,PLWM02C05b,4/25/2013,4/26/2013,2,0,0,2,Construct,12,,,,
P,LW,M02,C03 a,PLWM02C03a,PLWM02C03a,5/8/2013,5/8/2013,1,233,155,1,Construct,0,Code 03.,"Lift ""C03b"" will be converted into  ""C03a"" and ""C03b"".    All quantities will be assigned to ""C03b"".",Code 03a.,P-P-S-3221-0002
P,LW,M02,C03 b,PLWM02C03b,PLWM02C03b,5/8/2013,5/8/2013,1,0,0,0,Construct,44,Code 03.,"Lift ""C03b"" will be converted into  ""C03a"" and ""C03b"".    All quantities will be assigned to ""C03b"".",Code 03a.,P-P-S-3221-0002
P,LW,M02,C02,PLWM02C02,PLWM02C02,6/21/2013,6/22/2013,2,462,488,2,Construct,20,,,,
P,LW,M02,C01,PLWM02C01,PLWM02C01,7/12/2013,7/24/2013,13,1372,1243,4,Construct,22,Code 02.,"Joining ""C01a"" and ""C01b"" as ""C01""",Code 02a.,P-P-S-3221-0002
P,LW,M02,W11,PLWM02W11,PLWM02W11,8/15/2013,8/15/2013,1,273,276,1,Construct,13,,,,
P,LW,M02,W10,PLWM02W10,PLWM02W10,8/28/2013,8/28/2013,1,398,418,1,Construct,12,,,,
P,LW,M02,W09,PLWM02W09,PLWM02W09,9/9/2013,9/9/2013,1,361,343,1,Construct,9,,,,
P,LW,M02,W08,PLWM02W08,PLWM02W08,9/18/2013,9/19/2013,2,240,251,2,Construct,18,,,,
P,LW,M02,W07,PLWM02W07,PLWM02W07,10/7/2013,10/8/2013,2,212,226,2,Construct,15,,,,
P,LW,M02,W06,PLWM02W06,PLWM02W06,10/23/2013,10/24/2013,2,224,201,2,Construct,6,,,,
P,LW,M02,W05,PLWM02W05,PLWM02W05,10/30/2013,10/30/2013,1,173,175,1,Construct,19,,,,
P,LW,M02,W04,PLWM02W04,PLWM02W04,11/18/2013,11/18/2013,1,173,158,1,Construct,16,,,,
P,LW,M02,W03,PLWM02W03,PLWM02W03,12/4/2013,12/4/2013,1,145,143,1,Construct,15,,,,
P,LW,M02,W02,PLWM02W02,PLWM02W02,12/19/2013,12/19/2013,1,129,129,1,Construct,274,,,,
P,LW,M02,W01,PLWM02W01,PLWM02W01,9/19/2014,9/19/2014,1,70,62,1,Construct,-916,,,,
P,LW,M03,F02,PLWM03F02,PLWM03F02,3/17/2012,3/18/2012,2,948,897,2,Construct,-1,Code 03.,"Lift ""F02&F03"" will be converted into  ""F02"" and ""F03"".    All quantities will be assigned to ""F02"".",Code 03a.,P-P-S-3240-0001
P,LW,M03,F03,PLWM03F03,PLWM03F03,3/17/2012,3/18/2012,2,0,0,0,Construct,8,Code 03.,"Lift ""F02&F03"" will be converted into  ""F02"" and ""F03"".    All quantities will be assigned to ""F02"".",Code 03a.,P-P-S-3240-0001
P,LW,M03,F01,PLWM03F01,PLWM03F01,3/26/2012,3/26/2012,1,808,776,1,Construct,52,,,,
P,LW,M03,C04 a,PLWM03C04a,PLWM03C04a,5/17/2012,5/18/2012,2,410,318,2,Construct,1,,,,
P,LW,M03,C04 c,PLWM03C04c,PLWM03C04c,5/19/2012,5/19/2012,1,48,93,1,Construct,23,,,,
P,LW,M03,C04 b,PLWM03C04b,PLWM03C04b,6/11/2012,6/12/2012,2,208,209,2,Construct,7,,,,
P,LW,M03,C03 c,PLWM03C03c,PLWM03C03c,6/19/2012,6/19/2012,1,85,80,1,Construct,6,,,,
P,LW,M03,C03 a,PLWM03C03a,PLWM03C03a,6/25/2012,6/26/2012,2,406,364,2,Construct,10,,,,
P,LW,M03,C03 b,PLWM03C03b,PLWM03C03b,7/6/2012,7/6/2012,1,208,204,1,Construct,17,,,,
P,LW,M03,C02,PLWM03C02,PLWM03C02,7/23/2012,7/24/2012,2,384,376,2,Construct,7,,,,
P,LW,M03,C01,PLWM03C01,PLWM03C01,7/31/2012,8/15/2012,16,1349,1243,4,Construct,7,Code 02.,"Joining ""C01a"" and ""C01b"" as ""C01""",Code 02a.,P-P-S-3241-0002
P,LW,M03,W11,PLWM03W11,PLWM03W11,8/22/2012,8/23/2012,2,492,494,2,Construct,7,,,,
P,LW,M03,W10,PLWM03W10,PLWM03W10,8/30/2012,8/31/2012,2,420,418,2,Construct,7,,,,
P,LW,M03,W09,PLWM03W09,PLWM03W09,9/7/2012,9/7/2012,1,348,344,1,Construct,7,,,,
P,LW,M03,W08,PLWM03W08,PLWM03W08,9/14/2012,9/15/2012,2,260,251,2,Construct,5,,,,
P,LW,M03,W07,PLWM03W07,PLWM03W07,9/20/2012,9/21/2012,2,222,208,2,Construct,7,,,,
P,LW,M03,W06,PLWM03W06,PLWM03W06,9/28/2012,9/28/2012,1,217,218,1,Construct,7,,,,
P,LW,M03,W05,PLWM03W05,PLWM03W05,10/5/2012,10/5/2012,1,188,218,1,Construct,7,,,,
P,LW,M03,W04,PLWM03W04,PLWM03W04,10/12/2012,10/12/2012,1,176,158,1,Construct,8,,,,
P,LW,M03,W03,PLWM03W03,PLWM03W03,10/20/2012,10/20/2012,1,140,141,1,Construct,10,,,,
P,LW,M03,W02,PLWM03W02,PLWM03W02,10/30/2012,10/30/2012,1,127,120,1,Construct,17,,,,
P,LW,M03,W01,PLWM03W01,PLWM03W01,11/16/2012,5/22/2015,918,103,89,3,Construct,6,Code 02.,"Joining ""W01"" and ""W01 (2nd stage Beam)"" as ""W01"".",Code 02a.,P-P-S-3242-0001
P,LW,M03,W01,PLWM03W01,PLWM03W01,5/28/2015,5/28/2015,1,22,10,1,Construct,-1136,,,,
P,LW,M04,F02,PLWM04F02,PLWM04F02,4/17/2012,4/24/2012,8,986,897,3,Construct,-7,Code 03.,"Lift ""F02&F03"" will be converted into  ""F02"" and ""F03"".    All quantities will be assigned to ""F02"".",Code 03a.,P-P-S-3260-0001
P,LW,M04,F03,PLWM04F03,PLWM04F03,4/17/2012,4/24/2012,8,0,0,0,Construct,14,Code 03.,"Lift ""F02&F03"" will be converted into  ""F02"" and ""F03"".    All quantities will be assigned to ""F02"".",Code 03a.,P-P-S-3260-0001
P,LW,M04,F01,PLWM04F01,PLWM04F01,5/8/2012,5/9/2012,2,698,776,2,Construct,31,,,,
P,LW,M04,C04 a,PLWM04C04a,PLWM04C04a,6/9/2012,6/9/2012,1,364,318,1,Construct,2,,,,
P,LW,M04,C04 c,PLWM04C04c,PLWM04C04c,6/11/2012,6/12/2012,2,96,93,2,Construct,20,,,,
P,LW,M04,C03 a,PLWM04C03a,PLWM04C03a,7/2/2012,7/3/2012,2,407,364,2,Construct,-1,,,,
P,LW,M04,C03 c,PLWM04C03c,PLWM04C03c,7/2/2012,7/2/2012,1,56,24,1,Construct,21,,,,
P,LW,M04,C04 b,PLWM04C04b,PLWM04C04b,7/23/2012,7/23/2012,1,235,209,1,Construct,43,,,,
P,LW,M04,C03 b,PLWM04C03b,PLWM04C03b,9/4/2012,9/4/2012,1,217,204,1,Construct,13,,,,
P,LW,M04,C02,PLWM04C02,PLWM04C02,9/17/2012,9/18/2012,2,393,376,2,Construct,7,,,,
P,LW,M04,C01,PLWM04C01,PLWM04C01,9/25/2012,10/3/2012,9,1366,1243,3,Construct,7,Code 02.,"Joining ""C01a"" and ""C01b"" as ""C01""",Code 02a.,P-P-S-3261-0002
P,LW,M04,W11,PLWM04W11,PLWM04W11,10/10/2012,10/11/2012,2,518,494,2,Construct,8,,,,
P,LW,M04,W10,PLWM04W10,PLWM04W10,10/19/2012,10/19/2012,1,416,418,1,Construct,12,,,,
P,LW,M04,W09,PLWM04W09,PLWM04W09,10/31/2012,10/31/2012,1,336.52,344,1,Construct,8,,,,
P,LW,M04,W08,PLWM04W08,PLWM04W08,11/8/2012,11/8/2012,1,269.42,251,1,Construct,11,,,,
P,LW,M04,W07,PLWM04W07,PLWM04W07,11/19/2012,11/19/2012,1,205,208,1,Construct,8,,,,
P,LW,M04,W06,PLWM04W06,PLWM04W06,11/27/2012,11/28/2012,2,221,218,2,Construct,7,,,,
P,LW,M04,W05,PLWM04W05,PLWM04W05,12/5/2012,12/5/2012,1,180,175,1,Construct,6,,,,
P,LW,M04,W04,PLWM04W04,PLWM04W04,12/11/2012,12/11/2012,1,157,158,1,Construct,9,,,,
P,LW,M04,W03,PLWM04W03,PLWM04W03,12/20/2012,12/20/2012,1,141,141,1,Construct,16,,,,
P,LW,M04,W02,PLWM04W02,PLWM04W02,1/5/2013,5/29/2013,145,137,176,1,Construct,450,Code 02.,"Joining ""W02"" and ""F03->W02"" as ""W02"".",Code 02a.,P-P-S-3262-0001
P,LW,M04,W05,PLWM04W05,PLWM04W05,8/22/2014,8/22/2014,1,1,0,1,Construct,14,,,,
P,LW,M04,W01,PLWM04W01,PLWM04W01,9/5/2014,5/18/2015,256,97,99,3,Construct,-1147,,,,
P,LW,M05,F02,PLWM05F02,PLWM05F02,3/27/2012,3/28/2012,2,934,897,2,Construct,-1,Code 03.,"Lift ""F02&F03"" will be converted into  ""F02"" and ""F03"".    All quantities will be assigned to ""F02"".",Code 03a.,P-P-S-3280-0001
P,LW,M05,F03,PLWM05F03,PLWM05F03,3/27/2012,3/28/2012,2,0,0,0,Construct,6,Code 03.,"Lift ""F02&F03"" will be converted into  ""F02"" and ""F03"".    All quantities will be assigned to ""F02"".",Code 03a.,P-P-S-3280-0001
P,LW,M05,F01,PLWM05F01,PLWM05F01,4/3/2012,4/4/2012,2,776,776,2,Construct,50,,,,
P,LW,M05,C04 a,PLWM05C04a,PLWM05C04a,5/24/2012,5/25/2012,2,302,318,2,Construct,0,,,,
P,LW,M05,C04 c,PLWM05C04c,PLWM05C04c,5/25/2012,5/25/2012,1,104,93,1,Construct,25,,,,
P,LW,M05,C03 c,PLWM05C03c,PLWM05C03c,6/19/2012,6/19/2012,1,84,80,1,Construct,8,,,,
P,LW,M05,C03 a,PLWM05C03a,PLWM05C03a,6/27/2012,6/27/2012,1,357,364,1,Construct,2,,,,
P,LW,M05,C04 b,PLWM05C04b,PLWM05C04b,6/29/2012,6/30/2012,2,219,209,2,Construct,11,,,,
P,LW,M05,C03 b,PLWM05C03b,PLWM05C03b,7/11/2012,7/12/2012,2,211,204,2,Construct,26,,,,
P,LW,M05,C02,PLWM05C02,PLWM05C02,8/7/2012,8/7/2012,1,397,376,1,Construct,14,,,,
P,LW,M05,C01,PLWM05C01,PLWM05C01,8/21/2012,8/29/2012,9,1237,1243,3,Construct,7,Code 02.,"Joining ""C01a"" and ""C01b"" as ""C01""",Code 02a.,P-P-S-3281-0002
P,LW,M05,W11,PLWM05W11,PLWM05W11,9/5/2012,9/6/2012,2,510,494,2,Construct,7,,,,
P,LW,M05,W10,PLWM05W10,PLWM05W10,9/13/2012,9/14/2012,2,453,418,2,Construct,10,,,,
P,LW,M05,W09,PLWM05W09,PLWM05W09,9/24/2012,9/24/2012,1,397,344,1,Construct,9,,,,
P,LW,M05,W08,PLWM05W08,PLWM05W08,10/3/2012,10/5/2012,3,261,251,2,Construct,6,,,,
P,LW,M05,W07,PLWM05W07,PLWM05W07,10/11/2012,10/12/2012,2,232,208,2,Construct,8,,,,
P,LW,M05,W06,PLWM05W06,PLWM05W06,10/20/2012,10/20/2012,1,225,218,1,Construct,5,,,,
P,LW,M05,W05,PLWM05W05,PLWM05W05,10/25/2012,10/25/2012,1,195,175,1,Construct,19,,,,
P,LW,M05,W04,PLWM05W04,PLWM05W04,11/13/2012,11/14/2012,2,181.5,158,2,Construct,8,,,,
P,LW,M05,W03,PLWM05W03,PLWM05W03,11/22/2012,11/23/2012,2,159,141,2,Construct,5,,,,
P,LW,M05,W02,PLWM05W02,PLWM05W02,11/28/2012,11/28/2012,1,121,120,1,Construct,636,,,,
P,LW,M05,W01,PLWM05W01,PLWM05W01,8/26/2014,8/26/2014,1,56.5,79,1,Construct,-351,,,,
P,LW,M06,F03,PLWM06F03,PLWM06F03,9/9/2013,9/10/2013,2,624,536,2,Construct,-1,Code 03.,"Lift ""F02&F03"" will be converted into  ""F02"" and ""F03"".    All quantities will be assigned to ""F03"".",Code 03a.,P-P-S-3300-0001
P,LW,M06,F02,PLWM06F02,PLWM06F02,9/9/2013,9/10/2013,2,0,0,0,Construct,6,Code 03.,"Lift ""F02&F03"" will be converted into  ""F02"" and ""F03"".    All quantities will be assigned to ""F03"".",Code 03a.,P-P-S-3300-0001
P,LW,M06,F01,PLWM06F01,PLWM06F01,9/16/2013,9/17/2013,2,452,518,2,Construct,20,,,,
P,LW,M06,C04 a,PLWM06C04a,PLWM06C04a,10/7/2013,10/7/2013,1,230,195,1,Construct,10,,,,
P,LW,M06,C04 b,PLWM06C04b,PLWM06C04b,10/17/2013,10/17/2013,1,129,124,1,Construct,13,,,,
P,LW,M06,C03 a,PLWM06C03a,PLWM06C03a,10/30/2013,10/31/2013,2,217,224,2,Construct,2,,,,
P,LW,M06,C04 c,PLWM06C04c,PLWM06C04c,11/2/2013,11/2/2013,1,66,57,1,Construct,20,,,,
P,LW,M06,C03 c,PLWM06C03c,PLWM06C03c,11/22/2013,11/22/2013,1,56,49,1,Construct,53,,,,
P,LW,M06,C03 b,PLWM06C03b,PLWM06C03b,1/14/2014,1/14/2014,1,113,113,1,Construct,72,,,,
P,LW,M06,C02,PLWM06C02,PLWM06C02,3/27/2014,3/27/2014,1,257,227,1,Construct,2,,,,
P,LW,M06,C01,PLWM06C01,PLWM06C01,3/29/2014,4/2/2014,5,653,753,2,Construct,14,Code 02.,"Joining ""C01a"" and ""C01b"" as ""C01""",Code 02a.,P-P-S-3301-0001
P,LW,M06,W11,PLWM06W11,PLWM06W11,4/16/2014,4/16/2014,1,284,293,1,Construct,23,,,,
P,LW,M06,W10,PLWM06W10,PLWM06W10,5/9/2014,5/10/2014,2,269,247,2,Construct,7,,,,
P,LW,M06,W09,PLWM06W09,PLWM06W09,5/17/2014,5/17/2014,1,187,202,1,Construct,7,,,,
P,LW,M06,W08,PLWM06W08,PLWM06W08,5/24/2014,5/24/2014,1,136,134,1,Construct,3,,,,
P,LW,M06,W07,PLWM06W07,PLWM06W07,5/27/2014,5/27/2014,1,116,119,1,Construct,3,,,,
P,LW,M06,W06,PLWM06W06,PLWM06W06,5/30/2014,5/30/2014,1,114,124,1,Construct,5,,,,
P,LW,M06,W05,PLWM06W05,PLWM06W05,6/4/2014,6/4/2014,1,96,99,1,Construct,7,,,,
P,LW,M06,W04,PLWM06W04,PLWM06W04,6/11/2014,6/11/2014,1,96,90,1,Construct,12,,,,
P,LW,M06,W03,PLWM06W03,PLWM06W03,6/23/2014,6/23/2014,1,94,85,1,Construct,4,,,,
P,LW,M06,W02,PLWM06W02,PLWM06W02,6/27/2014,6/27/2014,1,79,77,1,Construct,34,,,,
P,LW,M06,W01,PLWM06W01,PLWM06W01,7/31/2014,8/1/2014,2,57,40,2,Construct,-309,,,,
P,LW,M07,F02,PLWM07F02,PLWM07F02,9/26/2013,9/27/2013,2,864,792,2,Construct,10,,,,
P,LW,M07,F01,PLWM07F01,PLWM07F01,10/7/2013,10/8/2013,2,1160,1155,2,Construct,7,,,,
P,LW,M07,C04 a,PLWM07C04a,PLWM07C04a,10/15/2013,10/16/2013,2,546,419,2,Construct,12,,,,
P,LW,M07,C03 a,PLWM07C03a,PLWM07C03a,10/28/2013,10/28/2013,1,541,531,1,Construct,3,,,,
P,LW,M07,C04 c,PLWM07C04c,PLWM07C04c,10/31/2013,10/31/2013,1,125,111,1,Construct,12,,,,
P,LW,M07,C03 c,PLWM07C03c,PLWM07C03c,11/12/2013,11/13/2013,2,113,110,2,Construct,29,,,,
P,LW,M07,C04 b,PLWM07C04b,PLWM07C04b,12/12/2013,12/13/2013,2,241,230,2,Construct,22,,,,
P,LW,M07,C03 b,PLWM07C03b,PLWM07C03b,1/4/2014,1/4/2014,1,240,230,1,Construct,24,,,,
P,LW,M07,C02,PLWM07C02,PLWM07C02,1/28/2014,1/28/2014,1,511,514,1,Construct,4,,,,
P,LW,M07,C01,PLWM07C01,PLWM07C01,2/1/2014,3/7/2014,35,1692,1770,2,Construct,22,Code 02.,"Joining ""C01a"" and ""C01b"" as ""C01""",Code 02a.,P-P-S-3321-0002
P,LW,M07,W11,PLWM07W11,PLWM07W11,3/29/2014,3/29/2014,1,661,649,1,Construct,11,,,,
P,LW,M07,W10,PLWM07W10,PLWM07W10,4/9/2014,4/9/2014,1,536,545,1,Construct,8,,,,
P,LW,M07,W09,PLWM07W09,PLWM07W09,4/17/2014,4/17/2014,1,448,441,1,Construct,28,,,,
P,LW,M07,W08,PLWM07W08,PLWM07W08,5/15/2014,5/15/2014,1,310,316,1,Construct,8,,,,
P,LW,M07,W07,PLWM07W07,PLWM07W07,5/23/2014,5/23/2014,1,240,259,1,Construct,17,,,,
P,LW,M07,W06,PLWM07W06,PLWM07W06,6/9/2014,6/9/2014,1,269,269,1,Construct,10,,,,
P,LW,M07,W05,PLWM07W05,PLWM07W05,6/19/2014,6/20/2014,2,216,211,2,Construct,7,,,,
P,LW,M07,W04,PLWM07W04,PLWM07W04,6/27/2014,6/27/2014,1,199,199,1,Construct,14,,,,
P,LW,M07,W03,PLWM07W03,PLWM07W03,7/11/2014,7/11/2014,1,161,199,1,Construct,10,,,,
P,LW,M07,W02,PLWM07W02,PLWM07W02,7/21/2014,7/21/2014,1,200,193,1,Construct,19,,,,
P,LW,M07,W01,PLWM07W01,PLWM07W01,8/9/2014,8/9/2014,1,109,118,1,Construct,-528,,,,
P,LW,M08,F03,PLWM08F03,PLWM08F03,2/27/2013,2/27/2013,1,224,313,1,Construct,7,,,,
P,LW,M08,F02,PLWM08F02,PLWM08F02,3/6/2013,3/7/2013,2,900,740,2,Construct,13,,,,
P,LW,M08,F01,PLWM08F01,PLWM08F01,3/20/2013,3/21/2013,2,712,746,2,Construct,16,,,,
P,LW,M08,C04 b,PLWM08C04b,PLWM08C04b,4/6/2013,4/6/2013,1,192,192,1,Construct,9,,,,
P,LW,M08,C04 c,PLWM08C04c,PLWM08C04c,4/15/2013,4/15/2013,1,105,92,1,Construct,11,,,,
P,LW,M08,C04 a,PLWM08C04a,PLWM08C04a,4/26/2013,4/26/2013,1,232,201,1,Construct,11,,,,
P,LW,M08,C03 a,PLWM08C03a,PLWM08C03a,5/7/2013,5/7/2013,1,201,227,1,Construct,30,,,,
P,LW,M08,C03 b,PLWM08C03b,PLWM08C03b,6/6/2013,6/6/2013,1,217,187,1,Construct,5,,,,
P,LW,M08,C03 c,PLWM08C03c,PLWM08C03c,6/11/2013,6/11/2013,1,89,80,1,Construct,17,,,,
P,LW,M08,C02,PLWM08C02,PLWM08C02,6/28/2013,6/28/2013,1,305,306,1,Construct,8,,,,
P,LW,M08,C01,PLWM08C01,PLWM08C01,7/6/2013,7/27/2013,22,1101,1052,3,Construct,124,Code 02.,"Joining ""C01a"" and ""C01b"" as ""C01""",Code 02a.,P-P-S-3341-0002
P,LW,M08,W11,PLWM08W11,PLWM08W11,11/28/2013,11/28/2013,1,472,481,1,Construct,13,,,,
P,LW,M08,W10,PLWM08W10,PLWM08W10,12/11/2013,12/11/2013,1,393,406,1,Construct,8,,,,
P,LW,M08,W09,PLWM08W09,PLWM08W09,12/19/2013,12/20/2013,2,361,330,2,Construct,24,,,,
P,LW,M08,W08,PLWM08W08,PLWM08W08,1/13/2014,1/13/2014,1,253,239,1,Construct,43,,,,
P,LW,M08,W07,PLWM08W07,PLWM08W07,2/25/2014,2/25/2014,1,201,197,1,Construct,38,,,,
P,LW,M08,W06,PLWM08W06,PLWM08W06,4/4/2014,4/4/2014,1,201,206,1,Construct,38,,,,
P,LW,M08,W05,PLWM08W05,PLWM08W05,5/12/2014,5/12/2014,1,152,164,1,Construct,10,,,,
P,LW,M08,W04,PLWM08W04,PLWM08W04,5/22/2014,5/22/2014,1,153,152,1,Construct,9,,,,
P,LW,M08,W03,PLWM08W03,PLWM08W03,5/31/2014,5/31/2014,1,147,146,1,Construct,18,,,,
P,LW,M08,W02,PLWM08W02,PLWM08W02,6/18/2014,6/18/2014,1,134,136,1,Construct,75,,,,
P,LW,M08,W01,PLWM08W01,PLWM08W01,9/1/2014,9/1/2014,1,74,75,1,Construct,-880,,,,
P,LW,M09,F02,PLWM09F02,PLWM09F02,4/4/2012,4/5/2012,2,960,897,2,Construct,-1,Code 03.,"Lift ""F02&F03"" will be converted into  ""F02"" and ""F03"".    All quantities will be assigned to ""F02"".",Code 03a.,P-P-S-3360-0001
P,LW,M09,F03,PLWM09F03,PLWM09F03,4/4/2012,4/5/2012,2,0,0,0,Construct,13,Code 03.,"Lift ""F02&F03"" will be converted into  ""F02"" and ""F03"".    All quantities will be assigned to ""F02"".",Code 03a.,P-P-S-3360-0001
P,LW,M09,F01,PLWM09F01,PLWM09F01,4/18/2012,4/19/2012,2,780,776,2,Construct,272,,,,
P,LW,M09,C04 b,PLWM09C04b,PLWM09C04b,1/16/2013,1/17/2013,2,224,209,2,Construct,5,,,,
P,LW,M09,C04 c,PLWM09C04c,PLWM09C04c,1/22/2013,1/22/2013,1,105,92,1,Construct,3,,,,
P,LW,M09,C04 a,PLWM09C04a,PLWM09C04a,1/25/2013,1/25/2013,1,326,318,1,Construct,5,,,,
P,LW,M09,C03 b,PLWM09C03b,PLWM09C03b,1/30/2013,1/31/2013,2,221,204,2,Construct,7,,,,
P,LW,M09,C03 a,PLWM09C03a,PLWM09C03a,2/7/2013,2/8/2013,2,352,364,2,Construct,7,,,,
P,LW,M09,C03 c,PLWM09C03c,PLWM09C03c,2/15/2013,2/16/2013,2,96,80,2,Construct,13,,,,
P,LW,M09,C02,PLWM09C02,PLWM09C02,3/1/2013,3/2/2013,2,425,376,2,Construct,5,,,,
P,LW,M09,C01,PLWM09C01,PLWM09C01,3/7/2013,3/26/2013,20,1376,1361,3,Construct,38,Code 02.,"Joining ""C01a"" and ""C01b"" as ""C01""",Code 02a.,P-P-S-3361-0002
P,LW,M09,W11,PLWM09W11,PLWM09W11,5/3/2013,5/4/2013,2,507,493,3,Construct,9,,,,
P,LW,M09,W10,PLWM09W10,PLWM09W10,5/13/2013,5/14/2013,2,474,439,2,Construct,7,,,,
P,LW,M09,W09,PLWM09W09,PLWM09W09,5/21/2013,5/22/2013,2,345,344,2,Construct,6,,,,
P,LW,M09,W08,PLWM09W08,PLWM09W08,5/28/2013,5/28/2013,1,285,251,1,Construct,13,,,,
P,LW,M09,W07,PLWM09W07,PLWM09W07,6/10/2013,6/10/2013,1,227,208,1,Construct,4,,,,
P,LW,M09,W06,PLWM09W06,PLWM09W06,6/14/2013,6/14/2013,1,213,218,1,Construct,10,,,,
P,LW,M09,W05,PLWM09W05,PLWM09W05,6/24/2013,6/24/2013,1,185,175,1,Construct,16,,,,
P,LW,M09,W04,PLWM09W04,PLWM09W04,7/10/2013,7/10/2013,1,161,158,1,Construct,17,,,,
P,LW,M09,W03,PLWM09W03,PLWM09W03,7/27/2013,7/27/2013,1,144,139,1,Construct,7,,,,
P,LW,M09,W02,PLWM09W02,PLWM09W02,8/3/2013,8/3/2013,1,129,120,1,Construct,406,,,,
P,LW,M09,W01,PLWM09W01,PLWM09W01,9/13/2014,5/28/2015,258,88,96,3,Construct,-1097,,,,
P,LW,M10,F02,PLWM10F02,PLWM10F02,5/26/2012,5/27/2012,2,900,897,2,Construct,-1,Code 03.,"Lift ""F02&F03"" will be converted into  ""F02"" and ""F03"".    All quantities will be assigned to ""F02"".",Code 03a.,P-P-S-3380-0001
P,LW,M10,F03,PLWM10F03,PLWM10F03,5/26/2012,5/27/2012,2,0,0,0,Construct,18,Code 03.,"Lift ""F02&F03"" will be converted into  ""F02"" and ""F03"".    All quantities will be assigned to ""F02"".",Code 03a.,P-P-S-3380-0001
P,LW,M10,F01,PLWM10F01,PLWM10F01,6/14/2012,6/14/2012,1,766,776,1,Construct,19,,,,
P,LW,M10,C04 c,PLWM10C04c,PLWM10C04c,7/3/2012,7/3/2012,1,104,93,1,Construct,6,,,,
P,LW,M10,C04 a,PLWM10C04a,PLWM10C04a,7/9/2012,7/9/2012,1,350,318,1,Construct,3,,,,
P,LW,M10,C03 c,PLWM10C03c,PLWM10C03c,7/12/2012,7/12/2012,1,90,80,1,Construct,12,,,,
P,LW,M10,C03 a,PLWM10C03a,PLWM10C03a,7/24/2012,7/25/2012,2,404,364,2,Construct,1,,,,
P,LW,M10,C04 b,PLWM10C04b,PLWM10C04b,7/26/2012,7/26/2012,1,221,209,1,Construct,7,,,,
P,LW,M10,C03 b,PLWM10C03b,PLWM10C03b,8/2/2012,8/2/2012,1,224,204,1,Construct,44,,,,
P,LW,M10,C02,PLWM10C02,PLWM10C02,9/15/2012,9/15/2012,1,429,376,1,Construct,11,,,,
P,LW,M10,C01,PLWM10C01,PLWM10C01,9/26/2012,10/9/2012,14,1379,1243,4,Construct,10,Code 02.,"Joining ""C01a"" and ""C01b"" as ""C01""",Code 02a.,P-P-S-3381-0002
P,LW,M10,W11,PLWM10W11,PLWM10W11,10/19/2012,10/20/2012,2,508,493,2,Construct,12,,,,
P,LW,M10,W10,PLWM10W10,PLWM10W10,11/1/2012,11/2/2012,2,421.96,418,2,Construct,10,,,,
P,LW,M10,W09,PLWM10W09,PLWM10W09,11/12/2012,11/12/2012,1,344,344,1,Construct,7,,,,
P,LW,M10,W08,PLWM10W08,PLWM10W08,11/19/2012,11/19/2012,1,233,251,1,Construct,8,,,,
P,LW,M10,W07,PLWM10W07,PLWM10W07,11/27/2012,11/27/2012,1,209,208,1,Construct,7,,,,
P,LW,M10,W06,PLWM10W06,PLWM10W06,12/4/2012,12/4/2012,1,229,218,1,Construct,13,,,,
P,LW,M10,W05,PLWM10W05,PLWM10W05,12/17/2012,12/17/2012,1,161,175,1,Construct,9,,,,
P,LW,M10,W04,PLWM10W04,PLWM10W04,12/26/2012,12/26/2012,1,143,158,1,Construct,14,,,,
P,LW,M10,W03,PLWM10W03,PLWM10W03,1/9/2013,1/10/2013,2,175,141,2,Construct,13,,,,
P,LW,M10,W02,PLWM10W02,PLWM10W02,1/23/2013,1/23/2013,1,129,120,1,Construct,610,,,,
P,LW,M10,W01,PLWM10W01,PLWM10W01,9/25/2014,9/25/2014,1,72,64,1,Construct,-896,,,,
P,LW,M11,F02,PLWM11F02,PLWM11F02,4/12/2012,4/27/2012,16,424,376,2,Construct,-15,Code 03.,"Lift ""F02&F03"" will be converted into  ""F02"" and ""F03"".    All quantities will be assigned to ""F02"".",Code 03a.,P-P-S-3400-0001
P,LW,M11,F03,PLWM11F03,PLWM11F03,4/12/2012,4/27/2012,16,0,0,0,Construct,5,Code 03.,"Lift ""F02&F03"" will be converted into  ""F02"" and ""F03"".    All quantities will be assigned to ""F02"".",Code 03a.,P-P-S-3400-0001
P,LW,M11,F01,PLWM11F01,PLWM11F01,5/2/2012,5/3/2012,2,356,327,2,Construct,19,,,,
P,LW,M11,C04 b,PLWM11C04b,PLWM11C04b,5/22/2012,6/5/2012,15,112,99,2,Construct,-1,,,,
P,LW,M11,C04 a,PLWM11C04a,PLWM11C04a,6/4/2012,6/5/2012,2,176,131,2,Construct,0,,,,
P,LW,M11,C04 c,PLWM11C04c,PLWM11C04c,6/5/2012,6/5/2012,1,40,39,1,Construct,15,,,,
P,LW,M11,C03 b,PLWM11C03b,PLWM11C03b,6/20/2012,6/21/2012,2,95,89,2,Construct,-1,,,,
P,LW,M11,C03 c,PLWM11C03c,PLWM11C03c,6/20/2012,6/20/2012,1,41,34,1,Construct,12,,,,
P,LW,M11,C03 a,PLWM11C03a,PLWM11C03a,7/2/2012,7/2/2012,1,161,153,1,Construct,46,,,,
P,LW,M11,C02,PLWM11C02,PLWM11C02,8/17/2012,8/17/2012,1,177,159,1,Construct,6,,,,
P,LW,M11,C01,PLWM11C01,PLWM11C01,8/23/2012,9/1/2012,10,573,522,4,Construct,6,Code 02.,"Joining ""C01a"" and ""C01b"" as ""C01""",Code 02a.,P-P-S-3401-0001
P,LW,M11,W11,PLWM11W11,PLWM11W11,9/7/2012,9/8/2012,2,215,210,2,Construct,10,,,,
P,LW,M11,W10,PLWM11W10,PLWM11W10,9/18/2012,9/18/2012,1,192,179,1,Construct,9,,,,
P,LW,M11,W09,PLWM11W09,PLWM11W09,9/27/2012,9/27/2012,1,172,148,1,Construct,7,,,,
P,LW,M11,W08,PLWM11W08,PLWM11W08,10/4/2012,10/5/2012,2,131,109,2,Construct,5,,,,
P,LW,M11,W07,PLWM11W07,PLWM11W07,10/10/2012,10/10/2012,1,92,91,1,Construct,13,,,,
P,LW,M11,W06,PLWM11W06,PLWM11W06,10/23/2012,10/23/2012,1,96,95,1,Construct,6,,,,
P,LW,M11,W05,PLWM11W05,PLWM11W05,10/29/2012,10/29/2012,1,86,77,1,Construct,10,,,,
P,LW,M11,W04,PLWM11W04,PLWM11W04,11/8/2012,11/8/2012,1,81.2,68,1,Construct,7,,,,
P,LW,M11,W03,PLWM11W03,PLWM11W03,11/15/2012,11/15/2012,1,62,58,1,Construct,8,,,,
P,LW,M11,W02,PLWM11W02,PLWM11W02,11/23/2012,11/23/2012,1,48,45,1,Construct,678,,,,
P,LW,M11,W01,PLWM11W01,PLWM11W01,10/2/2014,10/2/2014,1,29,22,1,Construct,-798,,,,
P,LW,M12,F01 a,PLWM12F01a,PLWM12F01a,7/26/2012,7/27/2012,2,0,0,0,Construct,-1,Code 03.,"Lift ""F01 c"" will be converted into  ""F01a"" and ""F01c"".    All quantities will be assigned to ""F01c"".",Code 03a.,P-P-S-3420-0002
P,LW,M12,F01 c,PLWM12F01c,PLWM12F01c,7/26/2012,7/27/2012,2,48,54,1,Construct,-1,Code 03.,"Lift ""F01 c"" will be converted into  ""F01a"" and ""F01c"".    All quantities will be assigned to ""F01c"".",Code 03a.,P-P-S-3420-0002
P,LW,M12,F03,PLWM12F03,PLWM12F03,7/26/2012,7/27/2012,2,877,877,2,Construct,13,,,,
P,LW,M12,F02 a,PLWM12F02a,PLWM12F02a,8/9/2012,8/10/2012,2,852,852,2,Construct,-1,Code 03.,"Lift ""F02 a+b"" will be converted into  ""F02a"" and ""F02b"".    All quantities will be assigned to ""F02a"".",Code 03a.,P-P-S-3420-0002
P,LW,M12,F02 b,PLWM12F02b,PLWM12F02b,8/9/2012,8/10/2012,2,0,0,0,Construct,55,Code 03.,"Lift ""F02 a+b"" will be converted into  ""F02a"" and ""F02b"".    All quantities will be assigned to ""F02a"".",Code 03a.,P-P-S-3420-0002
P,LW,M12,C04 a,PLWM12C04a,PLWM12C04a,10/4/2012,10/22/2012,19,369,288,3,Construct,7,,,,
P,LW,M12,C03 a,PLWM12C03a,PLWM12C03a,10/29/2012,10/30/2012,2,337.04,324,2,Construct,14,,,,
P,LW,M12,C04 c,PLWM12C04c,PLWM12C04c,11/13/2012,11/30/2012,18,233,172,2,Construct,10,,,,
P,LW,M12,C03 c,PLWM12C03c,PLWM12C03c,12/10/2012,12/11/2012,2,153,155,2,Construct,1,,,,
P,LW,M12,C04 b,PLWM12C04b,PLWM12C04b,12/12/2012,12/12/2012,1,181,210,1,Construct,27,,,,
P,LW,M12,C03 b,PLWM12C03b,PLWM12C03b,1/8/2013,1/8/2013,1,208,206,1,Construct,132,,,,
P,LW,M12,C02,PLWM12C02,PLWM12C02,5/20/2013,5/21/2013,2,447,569,2,Construct,2,,,,
P,LW,M12,C01,PLWM12C01,PLWM12C01,5/23/2013,6/5/2013,14,1147,1230,4,Construct,10,Code 02.,"Joining ""C01a"" and ""C01b"" as ""C01""",Code 02a.,P-P-S-3421-0002
P,LW,M12,W11,PLWM12W11,PLWM12W11,6/15/2013,6/15/2013,1,520,494,1,Construct,23,,,,
P,LW,M12,W10,PLWM12W10,PLWM12W10,7/8/2013,7/8/2013,1,416,419,1,Construct,8,,,,
P,LW,M12,W09,PLWM12W09,PLWM12W09,7/16/2013,7/16/2013,1,317,345,1,Construct,105,,,,
P,LW,M12,W08,PLWM12W08,PLWM12W08,10/29/2013,10/29/2013,1,249,251,1,Construct,11,,,,
P,LW,M12,W07,PLWM12W07,PLWM12W07,11/9/2013,11/9/2013,1,196,207,1,Construct,13,,,,
P,LW,M12,W06,PLWM12W06,PLWM12W06,11/22/2013,11/22/2013,1,206,217,1,Construct,11,,,,
P,LW,M12,W05,PLWM12W05,PLWM12W05,12/3/2013,12/3/2013,1,177,175,1,Construct,7,,,,
P,LW,M12,W04,PLWM12W04,PLWM12W04,12/10/2013,12/11/2013,2,170,156,2,Construct,7,,,,
P,LW,M12,W03,PLWM12W03,PLWM12W03,12/18/2013,12/18/2013,1,193,137,1,Construct,19,,,,
P,LW,M12,W02,PLWM12W02,PLWM12W02,1/6/2014,1/6/2014,1,125,115,1,Construct,317,,,,
P,LW,M12,W01,PLWM12W01,PLWM12W01,11/19/2014,5/15/2015,178,77,84,3,Construct,-1095,,,,
P,LW,M13,F03,PLWM13F03,PLWM13F03,5/15/2012,5/16/2012,2,881,838,2,Construct,30,,,,
P,LW,M13,F02,PLWM13F02,PLWM13F02,6/15/2012,6/16/2012,2,905,973,2,Construct,23,,,,
P,LW,M13,F01 a,PLWM13F01a,PLWM13F01a,7/9/2012,8/9/2012,32,249,249,2,Construct,-31,Code 02.,"Joining ""F01 a&c"" and ""F01a"" as ""F01a"".",Code 02a.,P-P-S-3440-0002
P,LW,M13,F01 c,PLWM13F01c,PLWM13F01c,7/9/2012,8/21/2012,44,62,62,4,Construct,-36,,,,
P,LW,M13,F01 b,PLWM13F01b,PLWM13F01b,7/16/2012,9/20/2012,67,369,246,1,Construct,-28,Code 02.,"Joining ""F01 b&c"" and ""F01b"" as ""F01b"".",Code 02a.,P-P-S-3440-0002
P,LW,M13,C04 a,PLWM13C04a,PLWM13C04a,8/23/2012,8/24/2012,2,533,508,2,Construct,10,,,,
P,LW,M13,C03 a,PLWM13C03a,PLWM13C03a,9/3/2012,9/4/2012,2,691,648,2,Construct,49,,,,
P,LW,M13,C04 b,PLWM13C04b,PLWM13C04b,10/23/2012,10/23/2012,1,323,323,1,Construct,15,,,,
P,LW,M13,C03 b,PLWM13C03b,PLWM13C03b,11/7/2012,11/8/2012,2,347.04,325,2,Construct,78,,,,
P,LW,M13,C04 c,PLWM13C04c,PLWM13C04c,1/25/2013,2/21/2013,28,162,160,2,Construct,-8,Code 02.,"Joining ""C04 c-N"" and ""C04"" as ""C04"".",Code 02a.,P-P-S-3441-0002
P,LW,M13,C03 c,PLWM13C03c,PLWM13C03c,2/13/2013,3/4/2013,20,163,160,2,Construct,31,,,,
P,LW,M13,C02,PLWM13C02,PLWM13C02,4/4/2013,4/5/2013,2,546,539,2,Construct,12,,,,
P,LW,M13,C01,PLWM13C01,PLWM13C01,4/17/2013,5/3/2013,17,1673,1732,3,Construct,97,Code 02.,"Joining ""C01a"" and ""C01b"" as ""C01""",Code 02a.,P-P-S-3441-0002
P,LW,M13,W11,PLWM13W11,PLWM13W11,8/8/2013,8/9/2013,2,491,498,2,Construct,10,,,,
P,LW,M13,W10,PLWM13W10,PLWM13W10,8/19/2013,8/20/2013,2,422,427,2,Construct,13,,,,
P,LW,M13,W09,PLWM13W09,PLWM13W09,9/2/2013,9/3/2013,2,356,350,2,Construct,13,,,,
P,LW,M13,W08,PLWM13W08,PLWM13W08,9/16/2013,9/17/2013,2,225,256,2,Construct,13,,,,
P,LW,M13,W07,PLWM13W07,PLWM13W07,9/30/2013,9/30/2013,1,224,213,1,Construct,11,,,,
P,LW,M13,W06,PLWM13W06,PLWM13W06,10/11/2013,10/12/2013,2,228,225,2,Construct,9,,,,
P,LW,M13,W05,PLWM13W05,PLWM13W05,10/21/2013,10/21/2013,1,187,181,1,Construct,11,,,,
P,LW,M13,W04,PLWM13W04,PLWM13W04,11/1/2013,11/1/2013,1,161.26,159,1,Construct,12,,,,
P,LW,M13,W03,PLWM13W03,PLWM13W03,11/13/2013,11/13/2013,1,149,132,1,Construct,6,,,,
P,LW,M13,W02,PLWM13W02,PLWM13W02,11/19/2013,11/19/2013,1,113,105,1,Construct,330,,,,
P,LW,M13,W01,PLWM13W01,PLWM13W01,10/15/2014,5/12/2015,210,62,63,2,Construct,-1033,,,,
P,LW,M14,F03,PLWM14F03,PLWM14F03,7/13/2012,7/13/2012,1,894,894,1,Construct,20,,,,
P,LW,M14,F02 b,PLWM14F02b,PLWM14F02b,8/2/2012,8/2/2012,1,444,436,1,Construct,1,,,,
P,LW,M14,F02 a,PLWM14F02a,PLWM14F02a,8/3/2012,8/3/2012,1,468,503,1,Construct,56,,,,
P,LW,M14,F01 a,PLWM14F01a,PLWM14F01a,9/28/2012,9/28/2012,1,112,86,1,Construct,12,,,,
P,LW,M14,C04 a,PLWM14C04a,PLWM14C04a,10/10/2012,10/11/2012,2,309,288,2,Construct,29,,,,
P,LW,M14,C03 a,PLWM14C03a,PLWM14C03a,11/9/2012,11/9/2012,1,345.28,324,1,Construct,64,,,,
P,LW,M14,F01 c,PLWM14F01c,PLWM14F01c,1/12/2013,1/17/2013,6,112,134,3,Construct,2,Code 02.,"Joining Lifts ""F01 b"", ""F01 c"" and ""F01 c"" under the name of ""F01 c"".",Code 02a.,P-P-S-3460-0002
P,LW,M14,C04 b,PLWM14C04b,PLWM14C04b,1/19/2013,1/19/2013,1,184,210,1,Construct,5,,,,
P,LW,M14,C04 c,PLWM14C04c,PLWM14C04c,1/24/2013,1/24/2013,1,185,172,1,Construct,9,,,,
P,LW,M14,C03 c,PLWM14C03c,PLWM14C03c,2/2/2013,2/4/2013,3,174,155,2,Construct,4,,,,
P,LW,M14,C03 b,PLWM14C03b,PLWM14C03b,2/8/2013,2/9/2013,2,228,230,2,Construct,110,,,,
P,LW,M14,C02,PLWM14C02,PLWM14C02,5/30/2013,5/30/2013,1,411,411,1,Construct,6,,,,
P,LW,M14,C01,PLWM14C01,PLWM14C01,6/5/2013,6/13/2013,9,1267,1282,3,Construct,14,Code 02.,"Joining ""C01a"" and ""C01b"" as ""C01""",Code 02a.,P-P-S-3460-0002
P,LW,M14,W11,PLWM14W11,PLWM14W11,6/27/2013,6/28/2013,2,501,494,2,Construct,8,,,,
P,LW,M14,W10,PLWM14W10,PLWM14W10,7/6/2013,7/6/2013,1,432,419,1,Construct,24,,,,
P,LW,M14,W09,PLWM14W09,PLWM14W09,7/30/2013,7/31/2013,2,385,345,2,Construct,13,,,,
P,LW,M14,W08,PLWM14W08,PLWM14W08,8/13/2013,8/13/2013,1,265,253,1,Construct,14,,,,
P,LW,M14,W07,PLWM14W07,PLWM14W07,8/27/2013,8/27/2013,1,201,209,1,Construct,8,,,,
P,LW,M14,W06,PLWM14W06,PLWM14W06,9/4/2013,9/4/2013,1,211,220,1,Construct,12,,,,
P,LW,M14,W05,PLWM14W05,PLWM14W05,9/16/2013,9/16/2013,1,171,176,1,Construct,14,,,,
P,LW,M14,W04,PLWM14W04,PLWM14W04,9/30/2013,9/30/2013,1,185,158,1,Construct,10,,,,
P,LW,M14,W03,PLWM14W03,PLWM14W03,10/10/2013,10/10/2013,1,137,139,1,Construct,12,,,,
P,LW,M14,W02,PLWM14W02,PLWM14W02,10/22/2013,10/22/2013,1,109,117,1,Construct,346,,,,
P,LW,M14,W01,PLWM14W01,PLWM14W01,10/3/2014,10/3/2014,1,59,61,1,Construct,-858,,,,
P,LW,M15,F02,PLWM15F02,PLWM15F02,5/28/2012,5/29/2012,2,664,612,2,Construct,-1,Code 03.,"Lift ""F02&F03"" will be converted into  ""F02"" and ""F03"".    All quantities will be assigned to ""F02"".",Code 03a.,P-P-S-3480-0001
P,LW,M15,F03,PLWM15F03,PLWM15F03,5/28/2012,5/29/2012,2,0,0,0,Construct,13,,,,
P,LW,M15,F01,PLWM15F01,PLWM15F01,6/11/2012,6/11/2012,1,716,739,1,Construct,29,,,,
P,LW,M15,C04 a,PLWM15C04a,PLWM15C04a,7/10/2012,7/11/2012,2,389,333,2,Construct,-1,Code 03.,"Lift ""C04 a&c"""" will be converted into  ""C04a"" and ""C04b"".    All quantities will be assigned to ""C04a"".",Code 03a.,P-P-S-3481-0002
P,LW,M15,C04 c,PLWM15C04c,PLWM15C04c,7/10/2012,7/11/2012,2,0,0,0,Construct,14,,,,
P,LW,M15,C03 a,PLWM15C03a,PLWM15C03a,7/25/2012,7/25/2012,1,322,365,1,Construct,2,,,,
P,LW,M15,C03 c,PLWM15C03c,PLWM15C03c,7/27/2012,7/27/2012,1,67,65,1,Construct,14,,,,
P,LW,M15,C04 b,PLWM15C04b,PLWM15C04b,8/10/2012,8/10/2012,1,172,165,1,Construct,21,,,,
P,LW,M15,C03 b,PLWM15C03b,PLWM15C03b,8/31/2012,8/31/2012,1,179,165,1,Construct,29,,,,
P,LW,M15,C02,PLWM15C02,PLWM15C02,9/29/2012,9/29/2012,1,329,305,1,Construct,10,,,,
P,LW,M15,C01,PLWM15C01,PLWM15C01,10/9/2012,10/19/2012,11,1112,999,4,Construct,42,Code 02.,"Joining ""C01a"" and ""C01b"" as ""C01""",Code 02a.,P-P-S-3481-0002
P,LW,M15,W11,PLWM15W11,PLWM15W11,11/30/2012,12/1/2012,2,397,396,2,Construct,9,,,,
P,LW,M15,W10,PLWM15W10,PLWM15W10,12/10/2012,12/10/2012,1,329,336,1,Construct,8,,,,
P,LW,M15,W09,PLWM15W09,PLWM15W09,12/18/2012,12/19/2012,2,257,275,2,Construct,22,,,,
P,LW,M15,W08,PLWM15W08,PLWM15W08,1/10/2013,1/10/2013,1,215,200,1,Construct,7,,,,
P,LW,M15,W07,PLWM15W07,PLWM15W07,1/17/2013,1/17/2013,1,177,166,1,Construct,11,,,,
P,LW,M15,W06,PLWM15W06,PLWM15W06,1/28/2013,1/28/2013,1,179,175,1,Construct,12,,,,
P,LW,M15,W05,PLWM15W05,PLWM15W05,2/9/2013,2/9/2013,1,145,140,1,Construct,9,,,,
P,LW,M15,W04,PLWM15W04,PLWM15W04,2/18/2013,2/18/2013,1,165,127,1,Construct,9,,,,
P,LW,M15,W03,PLWM15W03,PLWM15W03,2/27/2013,2/27/2013,1,163,116,1,Construct,14,,,,
P,LW,M15,W02,PLWM15W02,PLWM15W02,3/13/2013,3/13/2013,1,121,116,1,Construct,560,,,,
P,LW,M15,W01,PLWM15W01,PLWM15W01,9/24/2014,9/24/2014,1,31,57,1,Construct,-867,,,,
P,LW,M16,F02,PLWM16F02,PLWM16F02,5/10/2012,5/11/2012,2,936,897,2,Construct,-1,Code 03.,"Lift ""F02&F03"" will be converted into  ""F02"" and ""F03"".    All quantities will be assigned to ""F02"".",Code 03a.,P-P-S-3500-0001
P,LW,M16,F03,PLWM16F03,PLWM16F03,5/10/2012,5/11/2012,2,0,0,0,Construct,10,Code 03.,"Lift ""F02&F03"" will be converted into  ""F02"" and ""F03"".    All quantities will be assigned to ""F02"".",Code 03a.,P-P-S-3500-0001
P,LW,M16,F01,PLWM16F01,PLWM16F01,5/21/2012,5/21/2012,1,774,776,1,Construct,43,,,,
P,LW,M16,C04 c,PLWM16C04c,PLWM16C04c,7/3/2012,7/4/2012,2,101,93,2,Construct,0,,,,
P,LW,M16,C04 a,PLWM16C04a,PLWM16C04a,7/4/2012,7/4/2012,1,357,318,1,Construct,15,,,,
P,LW,M16,C03 a,PLWM16C03a,PLWM16C03a,7/19/2012,7/20/2012,2,372,364,2,Construct,4,,,,
P,LW,M16,C03 c,PLWM16C03c,PLWM16C03c,7/24/2012,7/24/2012,1,103,80,1,Construct,32,,,,
P,LW,M16,C04 b,PLWM16C04b,PLWM16C04b,8/25/2012,8/25/2012,1,222,209,1,Construct,13,,,,
P,LW,M16,C03 b,PLWM16C03b,PLWM16C03b,9/7/2012,9/7/2012,1,223,204,1,Construct,53,,,,
P,LW,M16,C02,PLWM16C02,PLWM16C02,10/30/2012,10/30/2012,1,409,376,1,Construct,7,,,,
P,LW,M16,C01,PLWM16C01,PLWM16C01,11/6/2012,11/15/2012,10,1229.94,1243,4,Construct,252,Code 02.,"Joining ""C01a"" and ""C01b"" as ""C01""",Code 02a.,P-P-S-3501-0002
P,LW,M16,W11,PLWM16W11,PLWM16W11,7/25/2013,7/25/2013,1,472,494,1,Construct,13,,,,
P,LW,M16,W10,PLWM16W10,PLWM16W10,8/7/2013,8/7/2013,1,440,418,1,Construct,10,,,,
P,LW,M16,W09,PLWM16W09,PLWM16W09,8/17/2013,8/17/2013,1,329,344,1,Construct,10,,,,
P,LW,M16,W08,PLWM16W08,PLWM16W08,8/27/2013,8/28/2013,2,269,251,2,Construct,7,,,,
P,LW,M16,W07,PLWM16W07,PLWM16W07,9/4/2013,9/5/2013,2,201,208,2,Construct,12,,,,
P,LW,M16,W06,PLWM16W06,PLWM16W06,9/17/2013,9/17/2013,1,209,218,1,Construct,16,,,,
P,LW,M16,W05,PLWM16W05,PLWM16W05,10/3/2013,10/4/2013,2,189,175,2,Construct,12,,,,
P,LW,M16,W04,PLWM16W04,PLWM16W04,10/16/2013,10/17/2013,2,148,158,2,Construct,9,,,,
P,LW,M16,W03,PLWM16W03,PLWM16W03,10/26/2013,10/26/2013,1,153,141,1,Construct,12,,,,
P,LW,M16,W02,PLWM16W02,PLWM16W02,11/7/2013,11/8/2013,2,143,120,2,Construct,307,,,,
P,LW,M16,W01,PLWM16W01,PLWM16W01,9/11/2014,5/27/2015,259,70,96,3,Construct,-1086,Code 02.,"Joining ""W01 Viga"" and ""W01"" as ""W01"".",Code 02a.,P-P-S-3502-0001
P,LW,M17,F02,PLWM17F02,PLWM17F02,6/5/2012,6/6/2012,2,976,897,3,Construct,-1,Code 03.,"Lift ""F02&F03"" will be converted into  ""F02"" and ""F03"".    All quantities will be assigned to ""F02"".",Code 03a.,P-P-S-3520-0001
P,LW,M17,F03,PLWM17F03,PLWM17F03,6/5/2012,6/6/2012,2,0,0,0,Construct,13,Code 03.,"Lift ""F02&F03"" will be converted into  ""F02"" and ""F03"".    All quantities will be assigned to ""F02"".",Code 03a.,P-P-S-3520-0001
P,LW,M17,F01,PLWM17F01,PLWM17F01,6/19/2012,6/20/2012,2,790,776,2,Construct,26,,,,
P,LW,M17,C04 a,PLWM17C04a,PLWM17C04a,7/16/2012,7/17/2012,2,380,318,2,Construct,0,,,,
P,LW,M17,C04 c,PLWM17C04c,PLWM17C04c,7/17/2012,7/17/2012,1,99,93,1,Construct,17,,,,
P,LW,M17,C03 a,PLWM17C03a,PLWM17C03a,8/3/2012,8/4/2012,2,419,364,2,Construct,7,,,,
P,LW,M17,C03 c,PLWM17C03c,PLWM17C03c,8/11/2012,8/11/2012,1,85,80,1,Construct,5,,,,
P,LW,M17,C04 b,PLWM17C04b,PLWM17C04b,8/16/2012,8/16/2012,1,230,209,1,Construct,12,,,,
P,LW,M17,C03 b,PLWM17C03b,PLWM17C03b,8/28/2012,8/29/2012,2,180,204,2,Construct,97,,,,
P,LW,M17,C02,PLWM17C02,PLWM17C02,12/4/2012,12/5/2012,2,378,376,2,Construct,5,,,,
P,LW,M17,C01,PLWM17C01,PLWM17C01,12/10/2012,12/18/2012,9,1272,1243,4,Construct,50,Code 02.,"Joining ""C01a"" and ""C01b"" as ""C01""",Code 02a.,P-P-S-3521-0002
P,LW,M17,W11,PLWM17W11,PLWM17W11,2/6/2013,2/6/2013,1,509,494,1,Construct,12,,,,
P,LW,M17,W10,PLWM17W10,PLWM17W10,2/18/2013,2/18/2013,1,481,418,1,Construct,9,,,,
P,LW,M17,W09,PLWM17W09,PLWM17W09,2/27/2013,2/28/2013,2,367,343,2,Construct,14,,,,
P,LW,M17,W08,PLWM17W08,PLWM17W08,3/14/2013,3/18/2013,5,290,250,2,Construct,14,,,,
P,LW,M17,W07,PLWM17W07,PLWM17W07,4/1/2013,4/1/2013,1,219,207,1,Construct,18,,,,
P,LW,M17,W06,PLWM17W06,PLWM17W06,4/19/2013,4/19/2013,1,233,218,1,Construct,19,,,,
P,LW,M17,W05,PLWM17W05,PLWM17W05,5/8/2013,5/9/2013,2,189,175,2,Construct,26,,,,
P,LW,M17,W04,PLWM17W04,PLWM17W04,6/4/2013,6/4/2013,1,159,154,1,Construct,399,,,,
P,LW,M17,W03,PLWM17W03,PLWM17W03,7/8/2014,7/8/2014,1,133,134,1,Construct,7,,,,
P,LW,M17,W02,PLWM17W02,PLWM17W02,7/15/2014,7/15/2014,1,110,113,1,Construct,35,,,,
P,LW,M17,W01,PLWM17W01,PLWM17W01,8/19/2014,5/11/2015,266,71,71,2,Construct,-833,,,,
P,LW,M18,F02,PLWM18F02,PLWM18F02,1/28/2013,2/6/2013,10,601,536,3,Construct,-9,Code 03.,"Lift ""F02&F03"" will be converted into  ""F02"" and ""F03"".    All quantities will be assigned to ""F02"".",Code 03a.,P-P-S-3540-0001
P,LW,M18,F03,PLWM18F03,PLWM18F03,1/28/2013,1/29/2013,2,0,0,0,Construct,15,Code 03.,"Lift ""F02&F03"" will be converted into  ""F02"" and ""F03"".    All quantities will be assigned to ""F02"".",Code 03a.,P-P-S-3540-0001
P,LW,M18,F01,PLWM18F01,PLWM18F01,2/13/2013,2/13/2013,1,457,467,1,Construct,12,,,,
P,LW,M18,C04 b,PLWM18C04b,PLWM18C04b,2/25/2013,2/25/2013,1,135,125,1,Construct,8,,,,
P,LW,M18,C04 c,PLWM18C04c,PLWM18C04c,3/5/2013,3/5/2013,1,52,46,1,Construct,4,,,,
P,LW,M18,C03 b,PLWM18C03b,PLWM18C03b,3/9/2013,3/9/2013,1,121,150,1,Construct,3,,,,
P,LW,M18,C04 a,PLWM18C04a,PLWM18C04a,3/12/2013,3/12/2013,1,196,230,1,Construct,22,,,,
P,LW,M18,C03 c,PLWM18C03c,PLWM18C03c,4/3/2013,4/3/2013,1,51,49,1,Construct,6,,,,
P,LW,M18,C03 a,PLWM18C03a,PLWM18C03a,4/9/2013,4/10/2013,2,234,224,2,Construct,16,,,,
P,LW,M18,C02,PLWM18C02,PLWM18C02,4/26/2013,4/27/2013,2,264,227,2,Construct,9,,,,
P,LW,M18,C01,PLWM18C01,PLWM18C01,5/6/2013,5/11/2013,6,755,751,3,Construct,196,Code 02.,"Joining ""C01a"" and ""C01b"" as ""C01""",Code 02a.,P-P-S-3541-0001
P,LW,M18,W11,PLWM18W11,PLWM18W11,11/23/2013,11/23/2013,1,292,293,1,Construct,10,,,,
P,LW,M18,W10,PLWM18W10,PLWM18W10,12/3/2013,12/3/2013,1,256,247,1,Construct,7,,,,
P,LW,M18,W09,PLWM18W09,PLWM18W09,12/10/2013,12/10/2013,1,208,202,1,Construct,6,,,,
P,LW,M18,W08,PLWM18W08,PLWM18W08,12/16/2013,12/17/2013,2,153,145,2,Construct,9,,,,
P,LW,M18,W07,PLWM18W07,PLWM18W07,12/26/2013,12/26/2013,1,117,121,1,Construct,16,,,,
P,LW,M18,W06,PLWM18W06,PLWM18W06,1/11/2014,1/11/2014,1,129,125,1,Construct,18,,,,
P,LW,M18,W05,PLWM18W05,PLWM18W05,1/29/2014,1/29/2014,1,121,100,1,Construct,38,,,,
P,LW,M18,W04,PLWM18W04,PLWM18W04,3/8/2014,3/8/2014,1,104,92,1,Construct,12,,,,
P,LW,M18,W03,PLWM18W03,PLWM18W03,3/20/2014,3/20/2014,1,85,86,1,Construct,12,,,,
P,LW,M18,W02,PLWM18W02,PLWM18W02,4/1/2014,4/1/2014,1,81,78,1,Construct,193,,,,
P,LW,M18,W01,PLWM18W01,PLWM18W01,10/11/2014,5/13/2015,215,62,52,2,Construct,-639,,,,
P,LW,M19,F02,PLWM19F02,PLWM19F02,8/12/2013,8/13/2013,2,842,792,2,Construct,11,,,,
P,LW,M19,F01,PLWM19F01,PLWM19F01,8/24/2013,8/25/2013,2,1142,1155,2,Construct,26,,,,
P,LW,M19,C04 a,PLWM19C04a,PLWM19C04a,9/20/2013,9/20/2013,1,437,398,1,Construct,27,,,,
P,LW,M19,C03 a,PLWM19C03a,PLWM19C03a,10/17/2013,10/18/2013,2,501,531,2,Construct,3,,,,
P,LW,M19,C04 c,PLWM19C04c,PLWM19C04c,10/21/2013,10/21/2013,1,129,111,1,Construct,16,,,,
P,LW,M19,C04 b,PLWM19C04b,PLWM19C04b,11/6/2013,11/6/2013,1,237,230,1,Construct,2,,,,
P,LW,M19,C03 c,PLWM19C03c,PLWM19C03c,11/8/2013,11/8/2013,1,112,111,1,Construct,8,,,,
P,LW,M19,C03 b,PLWM19C03b,PLWM19C03b,11/16/2013,11/16/2013,1,281,256,1,Construct,13,,,,
P,LW,M19,C02,PLWM19C02,PLWM19C02,11/29/2013,11/30/2013,2,575,575,2,Construct,4,,,,
P,LW,M19,C01,PLWM19C01,PLWM19C01,12/4/2013,12/14/2013,11,1665,1692,4,Construct,13,Code 02.,"Joining ""C01a"" and ""C01b"" as ""C01""",Code 02a.,P-P-S-3561-0002
P,LW,M19,W11,PLWM19W11,PLWM19W11,12/27/2013,12/28/2013,2,649,649,2,Construct,16,,,,
P,LW,M19,W10,PLWM19W10,PLWM19W10,1/13/2014,1/13/2014,1,579,587,1,Construct,9,,,,
P,LW,M19,W09,PLWM19W09,PLWM19W09,1/22/2014,1/22/2014,1,449,441,1,Construct,31,,,,
P,LW,M19,W08,PLWM19W08,PLWM19W08,2/22/2014,2/22/2014,1,304,316,1,Construct,19,,,,
P,LW,M19,W07,PLWM19W07,PLWM19W07,3/13/2014,3/13/2014,1,256,259,1,Construct,13,,,,
P,LW,M19,W06,PLWM19W06,PLWM19W06,3/26/2014,3/26/2014,1,248,269,1,Construct,8,,,,
P,LW,M19,W05,PLWM19W05,PLWM19W05,4/3/2014,4/3/2014,1,200,211,1,Construct,19,,,,
P,LW,M19,W04,PLWM19W04,PLWM19W04,4/22/2014,4/22/2014,1,204,199,1,Construct,27,,,,
P,LW,M19,W03,PLWM19W03,PLWM19W03,5/19/2014,5/19/2014,1,174,199,1,Construct,7,,,,
P,LW,M19,W02,PLWM19W02,PLWM19W02,5/26/2014,5/26/2014,1,176,193,1,Construct,192,,,,
P,LW,M19,W01,PLWM19W01,PLWM19W01,12/4/2014,12/4/2014,1,112,118,1,Construct,-680,,,,
P,LW,M20,F02,PLWM20F02,PLWM20F02,1/23/2013,1/24/2013,2,980,897,2,Construct,-1,Code 03.,"Lift ""F02&F03"" will be converted into  ""F02"" and ""F03"".    All quantities will be assigned to ""F02"".",Code 03a.,P-P-S-3580-0001
P,LW,M20,F03,PLWM20F03,PLWM20F03,1/23/2013,1/24/2013,2,0,0,0,Construct,6,Code 03.,"Lift ""F02&F03"" will be converted into  ""F02"" and ""F03"".    All quantities will be assigned to ""F02"".",Code 03a.,P-P-S-3580-0001
P,LW,M20,F01,PLWM20F01,PLWM20F01,1/30/2013,1/31/2013,2,765,776,2,Construct,13,,,,
P,LW,M20,C04 a,PLWM20C04a,PLWM20C04a,2/13/2013,2/14/2013,2,430,318,2,Construct,4,,,,
P,LW,M20,C04 b,PLWM20C04b,PLWM20C04b,2/18/2013,2/18/2013,1,170,209,1,Construct,3,,,,
P,LW,M20,C03 a,PLWM20C03a,PLWM20C03a,2/21/2013,2/22/2013,2,464,364,2,Construct,-1,,,,
P,LW,M20,C04 c,PLWM20C04c,PLWM20C04c,2/21/2013,2/21/2013,1,97,91,1,Construct,7,,,,
P,LW,M20,C03 b,PLWM20C03b,PLWM20C03b,2/28/2013,2/28/2013,1,196,246,1,Construct,4,,,,
P,LW,M20,C03 c,PLWM20C03c,PLWM20C03c,3/4/2013,3/4/2013,1,81,87,1,Construct,12,,,,
P,LW,M20,C02,PLWM20C02,PLWM20C02,3/16/2013,3/16/2013,1,433,480,1,Construct,7,,,,
P,LW,M20,C01,PLWM20C01,PLWM20C01,3/23/2013,4/4/2013,13,1263,1293,3,Construct,46,Code 02.,"Joining ""C01a"" and ""C01b"" as ""C01""",Code 02a.,P-P-S-3581-0002
P,LW,M20,W11,PLWM20W11,PLWM20W11,5/20/2013,5/21/2013,2,436,494,2,Construct,6,,,,
P,LW,M20,W10,PLWM20W10,PLWM20W10,5/27/2013,5/28/2013,2,406,403,2,Construct,8,,,,
P,LW,M20,W09,PLWM20W09,PLWM20W09,6/5/2013,6/5/2013,1,291,329,1,Construct,9,,,,
P,LW,M20,W08,PLWM20W08,PLWM20W08,6/14/2013,6/14/2013,1,228,237,1,Construct,11,,,,
P,LW,M20,W07,PLWM20W07,PLWM20W07,6/25/2013,6/25/2013,1,216,196,1,Construct,20,,,,
P,LW,M20,W06,PLWM20W06,PLWM20W06,7/15/2013,7/15/2013,1,213,205,1,Construct,17,,,,
P,LW,M20,W05,PLWM20W05,PLWM20W05,8/1/2013,8/1/2013,1,169,172,1,Construct,40,,,,
P,LW,M20,W04,PLWM20W04,PLWM20W04,9/10/2013,9/10/2013,1,153,151,1,Construct,265,,,,
P,LW,M20,W03,PLWM20W03,PLWM20W03,6/2/2014,6/2/2014,1,144,145,1,Construct,8,,,,
P,LW,M20,W02,PLWM20W02,PLWM20W02,6/10/2014,6/10/2014,1,141,128,1,Construct,157,,,,
P,LW,M20,W01,PLWM20W01,PLWM20W01,11/14/2014,11/14/2014,1,78,82,1,Construct,-869,,,,
P,LW,M21,F02,PLWM21F02,PLWM21F02,6/28/2012,6/29/2012,2,987,897,2,Construct,-1,Code 03.,"Lift ""F02&F03"" will be converted into  ""F02"" and ""F03"".    All quantities will be assigned to ""F02"".",Code 03a.,P-P-S-3600-0001
P,LW,M21,F03,PLWM21F03,PLWM21F03,6/28/2012,6/29/2012,2,0,0,0,Construct,11,Code 03.,"Lift ""F02&F03"" will be converted into  ""F02"" and ""F03"".    All quantities will be assigned to ""F02"".",Code 03a.,P-P-S-3600-0001
P,LW,M21,F01,PLWM21F01,PLWM21F01,7/10/2012,7/10/2012,1,832,776,1,Construct,29,,,,
P,LW,M21,C04 a,PLWM21C04a,PLWM21C04a,8/8/2012,8/9/2012,2,379,318,2,Construct,0,,,,
P,LW,M21,C04 c,PLWM21C04c,PLWM21C04c,8/9/2012,8/9/2012,1,103,92,1,Construct,13,,,,
P,LW,M21,C03 a,PLWM21C03a,PLWM21C03a,8/22/2012,8/22/2012,1,410,364,1,Construct,3,,,,
P,LW,M21,C03 c,PLWM21C03c,PLWM21C03c,8/25/2012,8/25/2012,1,86,80,1,Construct,89,,,,
P,LW,M21,C04 b,PLWM21C04b,PLWM21C04b,11/22/2012,11/22/2012,1,214,209,1,Construct,14,,,,
P,LW,M21,C03 b,PLWM21C03b,PLWM21C03b,12/6/2012,12/6/2012,1,223,204,1,Construct,13,,,,
P,LW,M21,C02,PLWM21C02,PLWM21C02,12/19/2012,12/20/2012,2,405,376,2,Construct,7,,,,
P,LW,M21,C01,PLWM21C01,PLWM21C01,12/27/2012,1/5/2013,10,1261.14,1243,3,Construct,34,Code 02.,"Joining ""C01a"" and ""C01b"" as ""C01""",Code 02a.,P-P-S-3601-0002
P,LW,M21,W11,PLWM21W11,PLWM21W11,2/8/2013,2/8/2013,1,545,493,1,Construct,10,,,,
P,LW,M21,W10,PLWM21W10,PLWM21W10,2/18/2013,2/19/2013,2,411,418,3,Construct,14,,,,
P,LW,M21,W09,PLWM21W09,PLWM21W09,3/5/2013,3/5/2013,1,362,343,1,Construct,14,,,,
P,LW,M21,W08,PLWM21W08,PLWM21W08,3/19/2013,3/19/2013,1,240,250,1,Construct,13,,,,
P,LW,M21,W07,PLWM21W07,PLWM21W07,4/1/2013,4/2/2013,2,268,207,2,Construct,16,,,,
P,LW,M21,W06,PLWM21W06,PLWM21W06,4/18/2013,4/19/2013,2,263,218,2,Construct,14,,,,
P,LW,M21,W05,PLWM21W05,PLWM21W05,5/3/2013,5/3/2013,1,183,175,1,Construct,143,,,,
P,LW,M21,W04,PLWM21W04,PLWM21W04,9/23/2013,9/23/2013,1,153,154,1,Construct,175,,,,
P,LW,M21,W03,PLWM21W03,PLWM21W03,3/17/2014,3/17/2014,1,145,134,1,Construct,103,,,,
P,LW,M21,W02,PLWM21W02,PLWM21W02,6/28/2014,6/28/2014,1,119,113,1,Construct,118,,,,
P,LW,M21,W01,PLWM21W01,PLWM21W01,10/24/2014,5/27/2015,216,78,75,2,Construct,-1014,,,,
P,LW,M22,F02,PLWM22F02,PLWM22F02,8/16/2012,8/17/2012,2,952,900,2,Construct,-1,Code 03.,"Lift ""F02&F03"" will be converted into  ""F02"" and ""F03"".    All quantities will be assigned to ""F02"".",Code 03a.,P-P-S-3620-0001
P,LW,M22,F03,PLWM22F03,PLWM22F03,8/16/2012,8/17/2012,2,0,0,0,Construct,7,Code 03.,"Lift ""F02&F03"" will be converted into  ""F02"" and ""F03"".    All quantities will be assigned to ""F02"".",Code 03a.,P-P-S-3620-0001
P,LW,M22,F01,PLWM22F01,PLWM22F01,8/24/2012,8/25/2012,2,804,789,2,Construct,17,,,,
P,LW,M22,C04 a,PLWM22C04a,PLWM22C04a,9/11/2012,9/12/2012,2,368,313,2,Construct,21,,,,
P,LW,M22,C03 a,PLWM22C03a,PLWM22C03a,10/3/2012,10/3/2012,1,405,365,1,Construct,12,,,,
P,LW,M22,C04 c,PLWM22C04c,PLWM22C04c,10/15/2012,10/15/2012,1,104,90,1,Construct,8,,,,
P,LW,M22,C03 c,PLWM22C03c,PLWM22C03c,10/23/2012,10/23/2012,1,81,80,1,Construct,0,,,,
P,LW,M22,C04 b,PLWM22C04b,PLWM22C04b,10/23/2012,10/24/2012,2,221,208,2,Construct,15,,,,
P,LW,M22,C03 b,PLWM22C03b,PLWM22C03b,11/8/2012,11/8/2012,1,201,206,1,Construct,16,,,,
P,LW,M22,C02,PLWM22C02,PLWM22C02,11/24/2012,11/24/2012,1,405,378,1,Construct,5,,,,
P,LW,M22,C01,PLWM22C01,PLWM22C01,11/29/2012,12/10/2012,12,1270,1243,3,Construct,115,Code 02.,"Joining ""C01a"" and ""C01b"" as ""C01""",Code 02a.,P-P-S-3621-0002
P,LW,M22,W11,PLWM22W11,PLWM22W11,4/4/2013,4/4/2013,1,495,493,1,Construct,28,,,,
P,LW,M22,W10,PLWM22W10,PLWM22W10,5/2/2013,5/2/2013,1,418,418,1,Construct,11,,,,
P,LW,M22,W09,PLWM22W09,PLWM22W09,5/13/2013,5/13/2013,1,345,343,1,Construct,9,,,,
P,LW,M22,W08,PLWM22W08,PLWM22W08,5/22/2013,5/23/2013,2,265,312,2,Construct,15,,,,
P,LW,M22,W07,PLWM22W07,PLWM22W07,6/7/2013,6/7/2013,1,215,207,1,Construct,14,,,,
P,LW,M22,W06,PLWM22W06,PLWM22W06,6/21/2013,6/21/2013,1,219,218,1,Construct,22,,,,
P,LW,M22,W05,PLWM22W05,PLWM22W05,7/13/2013,7/13/2013,1,197,175,1,Construct,23,,,,
P,LW,M22,W04,PLWM22W04,PLWM22W04,8/5/2013,8/5/2013,1,185,154,1,Construct,170,,,,
P,LW,M22,W03,PLWM22W03,PLWM22W03,1/22/2014,1/22/2014,1,145,164,1,Construct,146,,,,
P,LW,M22,W02,PLWM22W02,PLWM22W02,6/17/2014,6/17/2014,1,104,113,1,Construct,147,,,,
P,LW,M22,W01,PLWM22W01,PLWM22W01,11/11/2014,5/27/2015,198,78,91,3,Construct,-1050,,,,
P,LW,M23,F02,PLWM23F02,PLWM23F02,7/11/2012,7/11/2012,1,1128,1060,1,Construct,0,Code 03.,"Lift ""F02&F03"" will be converted into  ""F02"" and ""F03"".    All quantities will be assigned to ""F02"".",Code 03a.,P-P-S-3640-0002
P,LW,M23,F03,PLWM23F03,PLWM23F03,7/11/2012,7/11/2012,1,0,0,0,Construct,27,Code 03.,"Lift ""F02&F03"" will be converted into  ""F02"" and ""F03"".    All quantities will be assigned to ""F02"".",Code 03a.,P-P-S-3640-0002
P,LW,M23,F01,PLWM23F01,PLWM23F01,8/7/2012,8/8/2012,2,904,931,2,Construct,21,,,,
P,LW,M23,C04 a,PLWM23C04a,PLWM23C04a,8/29/2012,8/30/2012,2,388,402,1,Construct,23,,,,
P,LW,M23,C03 a,PLWM23C03a,PLWM23C03a,9/22/2012,9/22/2012,1,482,427,1,Construct,4,,,,
P,LW,M23,C04b,PLWM23C04b,PLWM23C04b,9/26/2012,9/27/2012,2,449,419,2,Construct,-1,Code 03.,"Lift ""C04 b&c"" will be converted into  ""C04b"" and ""C04c"".    All quantities will be assigned to ""C04b"".",Code 03a.,P-P-S-3641-0002
P,LW,M23,C04c,PLWM23C04c,PLWM23C04c,9/26/2012,9/27/2012,2,0,0,0,Construct,11,Code 03.,"Lift ""C04 b&c"" will be converted into  ""C04b"" and ""C04c"".    All quantities will be assigned to ""C04b"".",Code 03a.,P-P-S-3641-0002
P,LW,M23,C03b,PLWM23C03b,PLWM23C03b,10/8/2012,10/8/2012,1,498,395,1,Construct,0,Code 03.,"Lift ""C03 b&c"" will be converted into  ""C03b"" and ""C03c"".    All quantities will be assigned to ""C03b"".",Code 03a.,P-P-S-3641-0002
P,LW,M23,C03c,PLWM23C03c,PLWM23C03c,10/8/2012,10/8/2012,1,0,0,0,Construct,23,Code 03.,"Lift ""C03 b&c"" will be converted into  ""C03b"" and ""C03c"".    All quantities will be assigned to ""C03b"".",Code 03a.,P-P-S-3641-0002
P,LW,M23,C02,PLWM23C02,PLWM23C02,10/31/2012,11/1/2012,2,411.1,433,2,Construct,7,,,,
P,LW,M23,C01,PLWM23C01,PLWM23C01,11/8/2012,11/16/2012,9,1446.8,1384,4,Construct,66,Code 02.,"Joining ""C01a"" and ""C01b"" as ""C01""",Code 02a.,P-P-S-3641-0002
P,LW,M23,W11,PLWM23W11,PLWM23W11,1/21/2013,1/22/2013,2,954,1130,3,Construct,50,,,,
P,LW,M23,W10,PLWM23W10,PLWM23W10,3/13/2013,3/13/2013,1,362,350,1,Construct,14,Code 05.,"Lift ""W10 a"" will be renamed as ""W10"".",Code 05a.,P-P-S-3642-0002
P,LW,M23,W09,PLWM23W09,PLWM23W09,3/27/2013,4/22/2013,27,647,416,2,Construct,170,Code 02.,"Joining ""W09"" and ""W09 (2nd stage)"" as ""W09""",Code 02a.,P-P-S-3642-0002
P,LW,M23,W08,PLWM23W08,PLWM23W08,10/9/2013,10/9/2013,1,293,289,1,Construct,14,,,,
P,LW,M23,W07,PLWM23W07,PLWM23W07,10/23/2013,10/24/2013,2,240,246,2,Construct,6,,,,
P,LW,M23,W06,PLWM23W06,PLWM23W06,10/30/2013,10/31/2013,2,274,251,2,Construct,15,,,,
P,LW,M23,W05,PLWM23W05,PLWM23W05,11/15/2013,11/15/2013,1,200,202,1,Construct,10,,,,
P,LW,M23,W04,PLWM23W04,PLWM23W04,11/25/2013,11/26/2013,2,194,183,2,Construct,8,,,,
P,LW,M23,W03,PLWM23W03,PLWM23W03,12/4/2013,12/4/2013,1,166,161,1,Construct,13,,,,
P,LW,M23,W02,PLWM23W02,PLWM23W02,12/17/2013,12/17/2013,1,196,196,1,Construct,342,,,,
P,LW,M23,W01,PLWM23W01,PLWM23W01,11/24/2014,5/25/2015,183,69,124,3,Construct,,,,,
