Side,Structure,Monolith,Lift,Collated,Name,Actual Start,Actual End,Duration in days,Actual Quantity,Design Quantity,Number of Pours,Days before next lift,Activity Type,Revision Process,,,RFC,Note,Corrections,Further Notse
P,ME,M01,F03,PMEM01F03,PMEM01F03,2/1/2012,2/2/2012,2,648,500,2,7,Construct,.,,,,,,
P,ME,M01,F02 b,PMEM01F02b,PMEM01F02b,2/9/2012,2/9/2012,1,328,328,1,8,Construct,,,,,,,
P,ME,M01,F01b,PMEM01F01b,PMEM01F01b,2/17/2012,3/24/2012,37,991,991,4,-12,Construct,Code 02.,"Joining ""F01a"" and ""F01b"" under the name of  ""F01b""",Code 02a.,P-P-S-2702-0002,,,
P,ME,M01,F02 a,PMEM01F02a,PMEM01F02a,3/12/2012,3/12/2012,1,466,447,1,273,Construct,,,,,,,
P,ME,M01,F01a,PMEM01F01a,PMEM01F01a,12/10/2012,12/14/2012,5,72,39,3,-3,Construct,Code 02.,"Joining ""F01"" and ""F01c"" under the name of ""F01a""",Code 02a.,P-P-S-2702-0002,"Model has no F01 or F01c , it has F01 a and b, review model",Model has only F01a and b according to drawing P-P-S-2702-0002,Joining F01 with F01c (naming it F01a)and F01 b with F01a (naming it F01b) due to dates being closer together
P,ME,M01,C08 b,PMEM01C08b,PMEM01C08b,12/11/2012,12/11/2012,1,0,0,0,0,Construct,Code 01.,"A new row was created under the name of ""C08b"", with 0 quantities and with the dates of the previous lift plus one day.",Code 01a.,P-P-S-2702-0002,,,
P,ME,M01,C08 a,PMEM01C08a,PMEM01C08a,12/11/2012,12/11/2012,1,0,0,0,7,Construct,Code 01.,"A new row was created under the name of ""C08a"", with 0 quantities and with the dates of the previous lift plus one day.",Code 01a.,P-P-S-2702-0002,,,
P,ME,M01,C07 b,PMEM01C07b,PMEM01C07b,12/18/2012,12/19/2012,2,128,112,2,-7,Construct,,,,,,,
P,ME,M01,C07 a,PMEM01C07a,PMEM01C07a,12/12/2012,12/12/2012,1,0,0,0,6,Construct,Code 01.,"A new row was created under the name of ""C07a"", with 0 quantities and with the dates of the previous lift plus one day.",Code 01a.,P-P-S-2702-0002,,,
P,ME,M01,C06 a,PMEM01C06a,PMEM01C06a,12/18/2012,12/18/2012,1,204,170,1,8,Construct,,,,,,,
P,ME,M01,C06 b,PMEM01C06b,PMEM01C06b,12/26/2012,12/26/2012,1,637,630,1,9,Construct,,,,,,,
P,ME,M01,C05 a,PMEM01C05a,PMEM01C05a,1/4/2013,1/5/2013,2,205,170,2,9,Construct,,,,,,,
P,ME,M01,C05 b,PMEM01C05b,PMEM01C05b,1/14/2013,1/14/2013,1,456,445,1,77,Construct,,,,,,,
P,ME,M01,C04,PMEM01C04,PMEM01C04,4/1/2013,4/5/2013,5,430,477,3,3,Construct,,,,,,,
P,ME,M01,C03,PMEM01C03,PMEM01C03,4/8/2013,4/9/2013,2,538,538,2,2,Construct,,,,,,,
P,ME,M01,C02,PMEM01C02,PMEM01C02,4/11/2013,4/12/2013,2,679,679,2,10,Construct,,,,,,,
P,ME,M01,C01,PMEM01C01,PMEM01C01,4/22/2013,4/23/2013,2,645,593,2,10,Construct,,,,,,,
P,ME,M01,W09,PMEM01W09,PMEM01W09,5/3/2013,5/4/2013,2,522,530,2,11,Construct,,,,,,,
P,ME,M01,W08,PMEM01W08,PMEM01W08,5/15/2013,5/16/2013,2,472,451,2,8,Construct,,,,,,,
P,ME,M01,W07,PMEM01W07,PMEM01W07,5/24/2013,5/24/2013,1,417,373,1,10,Construct,,,,,,,
P,ME,M01,W06,PMEM01W06,PMEM01W06,6/3/2013,6/3/2013,1,308,304,1,19,Construct,,,,,,,
P,ME,M01,W05,PMEM01W05,PMEM01W05,6/22/2013,6/22/2013,1,329,310,1,6,Construct,,,,,,,
P,ME,M01,W04,PMEM01W04,PMEM01W04,6/28/2013,6/28/2013,1,253,255,1,85,Construct,,,,,,,
P,ME,M01,W03 b,PMEM01W03b,PMEM01W03b,9/21/2013,9/21/2013,1,161,143,1,10,Construct,,,,,"Model has no part a or b, joining pours",,
P,ME,M01,W03 a,PMEM01W03a,PMEM01W03a,10/1/2013,10/1/2013,1,140,134,1,16,Construct,,,,,,,
P,ME,M01,W02,PMEM01W02,PMEM01W02,10/17/2013,10/17/2013,1,104,97,1,413,Construct,,,,,,,
P,ME,M01,W01,PMEM01W01,PMEM01W01,12/4/2014,12/4/2014,1,62,50,1,-1162,Construct,,,,,,,
P,ME,M02,F03,PMEM02F03,PMEM02F03,9/29/2011,9/29/2011,1,468,427,1,77,Construct,,,,,,,
P,ME,M02,F02,PMEM02F02,PMEM02F02,12/15/2011,12/16/2011,2,676,645,2,25,Construct,,,,,,,
P,ME,M02,F01,PMEM02F01,PMEM02F01,1/10/2012,1/11/2012,2,992,1012,2,43,Construct,,,,,,,
P,ME,M02,C04 a,PMEM02C04a,PMEM02C04a,2/23/2012,2/23/2012,1,194,194,1,21,Construct,,,,,,,
P,ME,M02,C03 a,PMEM02C03a,PMEM02C03a,3/15/2012,3/16/2012,2,201,201,2,-65,Construct,,,,,,,
P,ME,M02,C04 c,PMEM02C04c,PMEM02C04c,1/11/2012,2/23/2012,44,0,0,0,88,Construct,,,,,,,
P,ME,M02,C04 b,PMEM02C04b,PMEM02C04b,5/21/2012,5/22/2012,2,536,440,2,24,Construct,,,,,,,
P,ME,M02,C03 b,PMEM02C03b,PMEM02C03b,6/15/2012,6/16/2012,2,504,463,2,-156,Construct,,,,,,,
P,ME,M02,C03 c,PMEM02C03c,PMEM02C03c,1/12/2012,6/16/2012,157,0,0,0,31,Construct,,,,,,,
P,ME,M02,C02,PMEM02C02,PMEM02C02,7/17/2012,7/26/2012,10,332,316,2,-1,Construct,,,,,,,
P,ME,M02,C01,PMEM02C01,PMEM02C01,7/25/2012,8/2/2012,9,1093,1006,4,12,Construct,Code 02.,"Joining ""C01a"" and ""C01b""under the name of ""C01"".",Code 02a.,P-P-S-2723-0002,"Model has no part a or b, joining pours",,
P,ME,M02,W09,PMEM02W09,PMEM02W09,8/14/2012,8/14/2012,1,497,494,1,8,Construct,,,,,,,
P,ME,M02,W08,PMEM02W08,PMEM02W08,8/22/2012,8/23/2012,2,408,419,2,336,Construct,,,,,,,
P,ME,M02,W07,PMEM02W07,PMEM02W07,7/25/2013,7/26/2013,2,360,343,2,19,Construct,,,,,,,
P,ME,M02,W06,PMEM02W06,PMEM02W06,8/14/2013,8/14/2013,1,288,280,1,50,Construct,,,,,,,
P,ME,M02,W05,PMEM02W05,PMEM02W05,10/3/2013,10/3/2013,1,236,283,1,9,Construct,,,,,,,
P,ME,M02,W04,PMEM02W04,PMEM02W04,10/12/2013,10/12/2013,1,240,232,1,10,Construct,,,,,,,
P,ME,M02,W03 b,PMEM02W03b,PMEM02W03b,10/22/2013,10/23/2013,2,160,142,2,14,Construct,,,,,,,
P,ME,M02,W03 a,PMEM02W03a,PMEM02W03a,11/6/2013,11/6/2013,1,144,147,1,7,Construct,,,,,,,
P,ME,M02,W02,PMEM02W02,PMEM02W02,11/13/2013,11/14/2013,2,113,97,2,372,Construct,,,,,,,
P,ME,M02,W01,PMEM02W01,PMEM02W01,11/21/2014,12/26/2014,36,64,78,2,-1176,Construct,,,,,,,
P,ME,M03,F03,PMEM03F03,PMEM03F03,10/7/2011,10/7/2011,1,482,429,1,124,Construct,,,,,,,
P,ME,M03,F02,PMEM03F02,PMEM03F02,2/8/2012,2/9/2012,2,664,787,2,21,Construct,,,,,,,
P,ME,M03,F01,PMEM03F01,PMEM03F01,3/1/2012,3/2/2012,2,950,851,2,25,Construct,,,,,,,
P,ME,M03,C04 a,PMEM03C04a,PMEM03C04a,3/27/2012,3/28/2012,2,201,201,2,3,Construct,,,,,,,
P,ME,M03,C04 c,PMEM03C04c,PMEM03C04c,3/31/2012,3/31/2012,1,97,97,1,9,Construct,,,,,,,
P,ME,M03,C03 a,PMEM03C03a,PMEM03C03a,4/9/2012,4/9/2012,1,209,209,1,183,Construct,,,,,,,
P,ME,M03,C03 c,PMEM03C03c,PMEM03C03c,10/9/2012,10/10/2012,2,105,105,2,14,Construct,,,,,,,
P,ME,M03,C04 b,PMEM03C04b,PMEM03C04b,10/24/2012,10/24/2012,1,216,118,1,7,Construct,,,,,,,
P,ME,M03,C03 b,PMEM03C03b,PMEM03C03b,10/31/2012,11/1/2012,2,220.42,220,2,15,Construct,,,,,,,
P,ME,M03,C02,PMEM03C02,PMEM03C02,11/16/2012,11/16/2012,1,345.62,299,1,7,Construct,,,,,,,
P,ME,M03,C01,PMEM03C01,PMEM03C01,11/23/2012,12/4/2012,12,1093,999,2,111,Construct,Code 02.,"Joining ""C01a"" and ""C01b""under the name of ""C01"".",Code 02a.,P-P-S-2741-0002,"Model has no part a or b, joining pours",,
P,ME,M03,W09,PMEM03W09,PMEM03W09,3/25/2013,3/25/2013,1,550,494,1,42,Construct,,,,,,,
P,ME,M03,W08,PMEM03W08,PMEM03W08,5/6/2013,5/7/2013,2,417,419,2,22,Construct,,,,,,,
P,ME,M03,W07,PMEM03W07,PMEM03W07,5/29/2013,5/30/2013,2,422,344,2,41,Construct,,,,,,,
P,ME,M03,W06,PMEM03W06,PMEM03W06,7/10/2013,7/11/2013,2,308,280,2,160,Construct,,,,,,,
P,ME,M03,W05,PMEM03W05,PMEM03W05,12/18/2013,12/19/2013,2,288,283,2,18,Construct,,,,,,,
P,ME,M03,W04,PMEM03W04,PMEM03W04,1/6/2014,1/6/2014,1,225,233,1,12,Construct,,,,,,,
P,ME,M03,W03a,PMEM03W03a,PMEM03W03a,1/18/2014,1/18/2014,1,224,211,1,0,Construct,Code 03.,"Lift ""W03"" will be separated into ""W03a"" and ""W03b"". All quantities will be assigned to ""W03a"".",Code 03a.,P-P-S-2743-0002,,,
P,ME,M03,W03b,PMEM03W03b,PMEM03W03b,1/18/2014,1/18/2014,1,0,0,0,12,Construct,Code 03.,"Lift ""W03"" will be separated into ""W03a"" and ""W03b"". All quantities will be assigned to ""W03a"".",Code 03a.,P-P-S-2743-0002,,,
P,ME,M03,W02,PMEM03W02,PMEM03W02,1/30/2014,1/30/2014,1,180,175,1,272,Construct,,,,,,,
P,ME,M03,W01,PMEM03W01,PMEM03W01,10/29/2014,12/26/2014,59,81,99,2,-1168,Construct,,,,,,,
P,ME,M04,F03,PMEM04F03,PMEM04F03,10/15/2011,10/15/2011,1,288,262,1,14,Construct,,,,,,,
P,ME,M04,F02,PMEM04F02,PMEM04F02,10/29/2011,10/30/2011,2,500,482,2,92,Construct,,,,,,,
P,ME,M04,F01,PMEM04F01,PMEM04F01,1/30/2012,1/30/2012,1,524,524,1,15,Construct,,,,,,,
P,ME,M04,C04 c,PMEM04C04c,PMEM04C04c,2/14/2012,2/15/2012,2,64.52,65,2,0,Construct,,,,,,,
P,ME,M04,C04 a,PMEM04C04a,PMEM04C04a,2/15/2012,2/16/2012,2,128,128,2,1,Construct,,,,,,,
P,ME,M04,C04 b,PMEM04C04b,PMEM04C04b,2/17/2012,2/17/2012,1,152,75,1,18,Construct,,,,,,,
P,ME,M04,C03 b,PMEM04C03b,PMEM04C03b,3/6/2012,3/6/2012,1,128,128,1,6,Construct,,,,,,,
P,ME,M04,C03 a,PMEM04C03a,PMEM04C03a,3/12/2012,3/13/2012,2,112.5,113,2,100,Construct,,,,,,,
P,ME,M04,C03 c,PMEM04C03c,PMEM04C03c,6/21/2012,6/21/2012,1,61,36,1,152,Construct,,,,,,,
P,ME,M04,C02,PMEM04C02,PMEM04C02,11/20/2012,11/20/2012,1,210,185,1,8,Construct,,,,,,,
P,ME,M04,C01,PMEM04C01,PMEM04C01,11/28/2012,12/7/2012,10,640,616,2,249,Construct,Code 02.,"Joining ""C01a"" and ""C01b""under the name of ""C01"".",Code 02a.,P-P-S-2763-0002,"Model has no part a or b, joining pours",,
P,ME,M04,W09,PMEM04W09,PMEM04W09,8/13/2013,8/13/2013,1,305,307,1,15,Construct,,,,,,,
P,ME,M04,W08,PMEM04W08,PMEM04W08,8/28/2013,8/28/2013,1,273,262,1,13,Construct,,,,,,,
P,ME,M04,W07,PMEM04W07,PMEM04W07,9/10/2013,9/10/2013,1,221,217,1,14,Construct,,,,,,,
P,ME,M04,W06,PMEM04W06,PMEM04W06,9/24/2013,9/24/2013,1,181,176,1,44,Construct,,,,,,,
P,ME,M04,W05,PMEM04W05,PMEM04W05,11/7/2013,11/8/2013,2,173,179,2,8,Construct,,,,,,,
P,ME,M04,W04,PMEM04W04,PMEM04W04,11/16/2013,11/16/2013,1,177,150,1,10,Construct,,,,,,,
P,ME,M04,W03a,PMEM04W03a,PMEM04W03a,11/26/2013,11/26/2013,1,145,140,1,0,Construct,Code 03.,"Lift ""W03"" will be separated into ""W03a"" and ""W03b"". All quantities will be assigned to ""W03a"".",Code 03a.,P-P-S-2763-0002,,,
P,ME,M04,W03b,PMEM04W03b,PMEM04W03b,11/26/2013,11/26/2013,1,0,0,0,8,Construct,Code 03.,"Lift ""W03"" will be separated into ""W03a"" and ""W03b"". All quantities will be assigned to ""W03a"".",Code 03a.,P-P-S-2763-0002,,,
P,ME,M04,W02,PMEM04W02,PMEM04W02,12/4/2013,12/5/2013,2,103,84,2,319,Construct,,,,,,,
P,ME,M04,W01,PMEM04W01,PMEM04W01,10/20/2014,12/26/2014,68,56,46,2,-840,Construct,,,,,,,
P,ME,M05,F03,PMEM05F03,PMEM05F03,9/7/2012,9/8/2012,2,1051,896,2,4,Construct,,,,,,,
P,ME,M05,F02,PMEM05F02,PMEM05F02,9/12/2012,9/16/2012,5,1117,1097,3,5,Construct,,,,,,,
P,ME,M05,F01,PMEM05F01,PMEM05F01,9/21/2012,10/3/2012,13,1161,1178,3,6,Construct,,,,,,,
P,ME,M05,C04 a,PMEM05C04a,PMEM05C04a,10/9/2012,10/10/2012,2,225,225,2,2,Construct,,,,,,,
P,ME,M05,C04 c,PMEM05C04c,PMEM05C04c,10/12/2012,10/13/2012,2,96,96,2,10,Construct,,,,,,,
P,ME,M05,C03 a,PMEM05C03a,PMEM05C03a,10/23/2012,10/24/2012,2,211,211,2,6,Construct,,,,,,,
P,ME,M05,C03 c,PMEM05C03c,PMEM05C03c,10/30/2012,10/31/2012,2,120.54,121,2,27,Construct,,,,,,,
P,ME,M05,C04 b,PMEM05C04b,PMEM05C04b,11/27/2012,11/28/2012,2,288,241,2,12,Construct,,,,,,,
P,ME,M05,C03 b,PMEM05C03b,PMEM05C03b,12/10/2012,12/11/2012,2,289,281,2,22,Construct,,,,,,,
P,ME,M05,C02,PMEM05C02,PMEM05C02,1/2/2013,1/3/2013,2,484.5,414,2,6,Construct,,,,,,,
P,ME,M05,C01,PMEM05C01,PMEM05C01,1/9/2013,1/19/2013,11,1511,1380,5,90,Construct,Code 02.,"Joining ""C01a"" and ""C01b""under the name of ""C01"".",Code 02a.,P-P-S-2781-0002,"Model has no part a or b, joining pours",,
P,ME,M05,W09,PMEM05W09,PMEM05W09,4/19/2013,4/20/2013,2,657,682,2,54,Construct,Code 02.,"Joining ""W09"" and ""F03->W09"" under the name of ""W09"".",Code 02a.,P-P-S-2781-0002,"removing F03->W09, insignificant quantity, strange lift name","F03-<W09 was not included.  No actual concrete poured, it was only a planned quantity.",
P,ME,M05,W08,PMEM05W08,PMEM05W08,6/13/2013,6/14/2013,2,581,576,2,12,Construct,,,,,,,
P,ME,M05,W07,PMEM05W07,PMEM05W07,6/26/2013,6/27/2013,2,457,471,2,383,Construct,,,,,,,
P,ME,M05,W06,PMEM05W06,PMEM05W06,7/15/2014,7/15/2014,1,412,383,1,13,Construct,,,,,,,
P,ME,M05,W05,PMEM05W05,PMEM05W05,7/28/2014,7/28/2014,1,367,387,1,11,Construct,,,,,,,
P,ME,M05,W04,PMEM05W04,PMEM05W04,8/8/2014,8/8/2014,1,297,317,1,10,Construct,,,,,,,
P,ME,M05,W03a,PMEM05W03a,PMEM05W03a,8/18/2014,8/18/2014,1,278,298,1,0,Construct,Code 03.,"Lift ""W03"" will be separated into ""W03a"" and ""W03b"". All quantities will be assigned to ""W03a"".",Code 03a.,P-P-S-2783-0001,,,
P,ME,M05,W03b,PMEM05W03b,PMEM05W03b,8/18/2014,8/18/2014,1,0,0,0,10,Construct,Code 03.,"Lift ""W03"" will be separated into ""W03a"" and ""W03b"". All quantities will be assigned to ""W03a"".",Code 03a.,P-P-S-2783-0001,,,
P,ME,M05,W02,PMEM05W02,PMEM05W02,8/28/2014,8/29/2014,2,268,247,2,41,Construct,,,,,,,
P,ME,M05,W01,PMEM05W01,PMEM05W01,10/9/2014,1/20/2015,104,104,112,3,-976,Construct,,,,,,,
P,ME,M06,F03,PMEM06F03,PMEM06F03,5/19/2012,6/15/2012,28,316,248,2,38,Construct,,,,,,,
P,ME,M06,F02,PMEM06F02,PMEM06F02,7/23/2012,7/23/2012,1,474,472,1,14,Construct,,,,,,,
P,ME,M06,F01,PMEM06F01,PMEM06F01,8/6/2012,10/23/2012,79,536,512,2,20,Construct,Code 02.,"Joining ""F01a"" and ""F01c""under the name of ""F01"".",Code 02a.,P-P-S-2803-0002,"Model has no a and c, joining a and c to f01",,
P,ME,M06,C04 a,PMEM06C04a,PMEM06C04a,11/12/2012,11/13/2012,2,104,104,2,-1,Construct,,,,,,,
P,ME,M06,C04 c,PMEM06C04c,PMEM06C04c,11/12/2012,11/12/2012,1,45,45,1,8,Construct,,,,,,,
P,ME,M06,C03 a,PMEM06C03a,PMEM06C03a,11/20/2012,11/21/2012,2,97,97,2,7,Construct,,,,,,,
P,ME,M06,C03 c,PMEM06C03c,PMEM06C03c,11/28/2012,11/28/2012,1,49,49,1,111,Construct,,,,,,,
P,ME,M06,C04 b,PMEM06C04b,PMEM06C04b,3/19/2013,3/20/2013,2,141,111,2,16,Construct,,,,,,,
P,ME,M06,C03 b,PMEM06C03b,PMEM06C03b,4/5/2013,4/5/2013,1,145,122,1,38,Construct,,,,,,,
P,ME,M06,C02,PMEM06C02,PMEM06C02,5/13/2013,5/14/2013,2,208,179,2,3,Construct,,,,,,,
P,ME,M06,C01,PMEM06C01,PMEM06C01,5/17/2013,5/24/2013,8,642,602,2,52,Construct,Code 02.,"Joining ""C01a"" and ""C01b""under the name of ""C01"".",Code 02a.,P-P-S-2803-0002,"Model has no part a or b, joining pours",,
P,ME,M06,W09,PMEM06W09,PMEM06W09,7/15/2013,7/15/2013,1,280,293,1,17,Construct,,,,,,,
P,ME,M06,W08,PMEM06W08,PMEM06W08,8/1/2013,8/1/2013,1,264,247,1,21,Construct,,,,,,,
P,ME,M06,W07,PMEM06W07,PMEM06W07,8/22/2013,8/23/2013,2,213,202,2,14,Construct,,,,,,,
P,ME,M06,W06,PMEM06W06,PMEM06W06,9/6/2013,9/6/2013,1,177,162,1,197,Construct,,,,,,,
P,ME,M06,W05,PMEM06W05,PMEM06W05,3/22/2014,3/22/2014,1,141,161,1,16,Construct,,,,,,,
P,ME,M06,W04,PMEM06W04,PMEM06W04,4/7/2014,4/7/2014,1,138,131,1,52,Construct,,,,,,,
P,ME,M06,W03a,PMEM06W03a,PMEM06W03a,5/29/2014,5/29/2014,1,131,129,1,0,Construct,Code 03.,"Lift ""W03"" will be separated into ""W03a"" and ""W03b"". All quantities will be assigned to ""W03a"".",Code 03a.,P-P-S-2803-0002,,,
P,ME,M06,W03b,PMEM06W03b,PMEM06W03b,5/29/2014,5/29/2014,1,0,0,0,13,Construct,Code 03.,"Lift ""W03"" will be separated into ""W03a"" and ""W03b"". All quantities will be assigned to ""W03a"".",Code 03a.,P-P-S-2803-0002,,,
P,ME,M06,W02,PMEM06W02,PMEM06W02,6/11/2014,6/11/2014,1,120,106,1,153,Construct,,,,,,,
P,ME,M06,W01,PMEM06W01,PMEM06W01,11/11/2014,11/11/2014,1,42,39,1,-403,Construct,,,,,,,
P,ME,M07,F02,PMEM07F02,PMEM07F02,10/4/2013,10/5/2013,2,1089,1089,2,16,Construct,,,,,,,
P,ME,M07,F01,PMEM07F01,PMEM07F01,10/21/2013,3/10/2014,141,1129,1085,3,-37,Construct,Code 02.,"Joining ""F01a"" and ""F01c""under the name of ""F01"".",Code 02a.,P-P-S-2821-0002,"Model has no part b, joining pours",,
P,ME,M07,C04 a,PMEM07C04a,PMEM07C04a,2/1/2014,2/1/2014,1,273,223,1,40,Construct,,,,,,,
P,ME,M07,C03 a,PMEM07C03a,PMEM07C03a,3/13/2014,3/13/2014,1,293,235,1,15,Construct,,,,,,,
P,ME,M07,C04 c,PMEM07C04c,PMEM07C04c,3/28/2014,3/28/2014,1,122,124,1,1,Construct,,,,,,,
P,ME,M07,C04 b,PMEM07C04b,PMEM07C04b,3/29/2014,3/29/2014,1,248,240,1,18,Construct,,,,,,,
P,ME,M07,C03 c,PMEM07C03c,PMEM07C03c,4/16/2014,4/16/2014,1,110,120,1,6,Construct,,,,,,,
P,ME,M07,C03 b,PMEM07C03b,PMEM07C03b,4/22/2014,4/22/2014,1,258,270,1,36,Construct,,,,,,,
P,ME,M07,C02,PMEM07C02,PMEM07C02,5/28/2014,5/28/2014,1,439,407,1,3,Construct,,,,,,,
P,ME,M07,C01,PMEM07C01,PMEM07C01,5/31/2014,6/7/2014,8,1406,1404,3,14,Construct,,,,,,,
P,ME,M07,W09,PMEM07W09,PMEM07W09,6/21/2014,6/21/2014,1,630,649,1,12,Construct,,,,,,,
P,ME,M07,W08,PMEM07W08,PMEM07W08,7/3/2014,7/3/2014,1,565,545,1,8,Construct,,,,,,,
P,ME,M07,W07,PMEM07W07,PMEM07W07,7/11/2014,7/11/2014,1,415,441,1,13,Construct,,,,,,,
P,ME,M07,W06,PMEM07W06,PMEM07W06,7/24/2014,7/24/2014,1,353,354,1,9,Construct,,,,,,,
P,ME,M07,W05,PMEM07W05,PMEM07W05,8/2/2014,8/2/2014,1,365,352,1,12,Construct,,,,,,,
P,ME,M07,W04,PMEM07W04,PMEM07W04,8/14/2014,8/14/2014,1,281,287,1,11,Construct,,,,,,,
P,ME,M07,W03a,PMEM07W03a,PMEM07W03a,8/25/2014,8/26/2014,2,296.5,376,2,-1,Construct,Code 03.,"Lift ""W03"" will be separated into ""W03a"" and ""W03b"". All quantities will be assigned to ""W03a"".",Code 03a.,P-P-S-2823-0002,,,
P,ME,M07,W03b,PMEM07W03b,PMEM07W03b,8/25/2014,8/26/2014,2,0,0,0,10,Construct,Code 03.,"Lift ""W03"" will be separated into ""W03a"" and ""W03b"". All quantities will be assigned to ""W03a"".",Code 03a.,P-P-S-2823-0002,,,
P,ME,M07,W02,PMEM07W02,PMEM07W02,9/5/2014,9/5/2014,1,283,247,1,20,Construct,,,,,,,
P,ME,M07,W01,PMEM07W01,PMEM07W01,9/25/2014,9/26/2014,2,126,120,2,-864,Construct,,,,,,,
P,ME,M08,F03,PMEM08F03,PMEM08F03,5/15/2012,5/16/2012,2,530,414,2,10,Construct,,,,,,,
P,ME,M08,F02,PMEM08F02,PMEM08F02,5/26/2012,5/27/2012,2,816,779,2,8,Construct,,,,,,,
P,ME,M08,F01,PMEM08F01,PMEM08F01,6/4/2012,12/10/2012,190,898.51,841,6,-3,Construct,Code 02.,"Joining ""F01"", ""F01 a,c"", F01c"", ""F01a"" and ""F01b"" under the name of ""F01"".",Code 02.,P-P-S-2841-0002,"Model is not well separated at F01, also F01 does not have parts, joining pours",Fixed,
P,ME,M08,C04 a,PMEM08C04a,PMEM08C04a,12/7/2012,12/10/2012,4,230,214,2,0,Construct,,,,,"Model is not well separated, review model",Fixed,
P,ME,M08,C04 c,PMEM08C04c,PMEM08C04c,12/10/2012,12/10/2012,1,81,76,1,10,Construct,,,,,"Model is not well separated, review model",Fixed,
P,ME,M08,C04 b,PMEM08C04b,PMEM08C04b,12/20/2012,12/21/2012,2,210,167,2,0,Construct,,,,,"Model is not well separated, review model",Fixed,
P,ME,M08,C03 a,PMEM08C03a,PMEM08C03a,12/21/2012,12/21/2012,1,168.5,154,1,15,Construct,,,,,"Model is not well separated at F01, also F01 does not have parts, joining pours",Fixed,
P,ME,M08,C03 c,PMEM08C03c,PMEM08C03c,1/5/2013,1/5/2013,1,81,76,1,5,Construct,,,,,"Model is not well separated, review model",Fixed,
P,ME,M08,C03 b,PMEM08C03b,PMEM08C03b,1/10/2013,1/11/2013,2,183,200,2,17,Construct,,,,,"Model is not well separated, review model",Fixed,
P,ME,M08,C02,PMEM08C02,PMEM08C02,1/28/2013,1/29/2013,2,265,294,2,6,Construct,,,,,,,
P,ME,M08,C01,PMEM08C01,PMEM08C01,2/4/2013,2/15/2013,12,1090,999,4,31,Construct,Code 02.,"Joining ""C01a"" and ""C01b""under the name of ""C01"".",Code 02a.,P-P-S-2841-0002,"Model has no part b, joining pours",,
P,ME,M08,W09,PMEM08W09,PMEM08W09,3/18/2013,3/18/2013,1,562,479,1,18,Construct,,,,,,,
P,ME,M08,W08,PMEM08W08,PMEM08W08,4/5/2013,4/6/2013,2,426,404,2,16,Construct,,,,,,,
P,ME,M08,W07,PMEM08W07,PMEM08W07,4/22/2013,4/23/2013,2,336,329,2,111,Construct,,,,,,,
P,ME,M08,W06,PMEM08W06,PMEM08W06,8/12/2013,8/13/2013,2,277,266,2,21,Construct,,,,,,,
P,ME,M08,W05,PMEM08W05,PMEM08W05,9/3/2013,9/3/2013,1,256,266,1,15,Construct,,,,,,,
P,ME,M08,W04,PMEM08W04,PMEM08W04,9/18/2013,9/19/2013,2,224,217,2,18,Construct,,,,,,,
P,ME,M08,W03 b,PMEM08W03b,PMEM08W03b,10/7/2013,10/7/2013,1,137,140,1,30,Construct,,,,,"Model has no part b, joining pours",,
P,ME,M08,W03 a,PMEM08W03a,PMEM08W03a,11/6/2013,11/7/2013,2,161,144,2,9,Construct,,,,,,,
P,ME,M08,W02,PMEM08W02,PMEM08W02,11/16/2013,11/16/2013,1,119,114,1,370,Construct,,,,,,,
P,ME,M08,W01,PMEM08W01,PMEM08W01,11/21/2014,11/21/2014,1,72,76,1,-1127,Construct,,,,,,,
P,ME,M09,F03,PMEM09F03,PMEM09F03,10/21/2011,10/21/2011,1,475,429,1,42,Construct,,,,,,,
P,ME,M09,F02,PMEM09F02,PMEM09F02,12/2/2011,12/3/2011,2,816,787,2,7,Construct,,,,,,,
P,ME,M09,F01,PMEM09F01,PMEM09F01,12/10/2011,12/20/2011,11,896,851,3,50,Construct,,,,,,,
P,ME,M09,C04 a,PMEM09C04a,PMEM09C04a,2/8/2012,2/8/2012,1,314,314,1,3,Construct,,,,,"Model is not well separated at F01, also F01 does not have parts, joining pours",fixed,
P,ME,M09,C04 c,PMEM09C04c,PMEM09C04c,2/11/2012,2/11/2012,1,96,96,1,20,Construct,,,,,"Model is not well separated, review model",fixed,
P,ME,M09,C04 b,PMEM09C04b,PMEM09C04b,3/2/2012,3/2/2012,1,242,6,1,10,Construct,,,,,"Model is not well separated, review model",fixed,
P,ME,M09,C03 a,PMEM09C03a,PMEM09C03a,3/12/2012,3/13/2012,2,160.6,161,2,1,Construct,,,,,,,
P,ME,M09,C03 c,PMEM09C03c,PMEM09C03c,3/14/2012,3/14/2012,1,81,81,1,7,Construct,,,,,,,
P,ME,M09,C03 b,PMEM09C03b,PMEM09C03b,3/21/2012,3/22/2012,2,211,202,2,250,Construct,,,,,,,
P,ME,M09,C02,PMEM09C02,PMEM09C02,11/27/2012,11/28/2012,2,289,299,2,7,Construct,,,,,,,
P,ME,M09,C01,PMEM09C01,PMEM09C01,12/5/2012,12/15/2012,11,1012,999,1,151,Construct,Code 02.,"Joining ""C01a"" and ""C01b""under the name of ""C01"".",Code 02a.,P-P-S-2861-0002,"Model has no part b, joining pours",,
P,ME,M09,W09,PMEM09W09,PMEM09W09,5/15/2013,5/16/2013,2,486,494,2,11,Construct,,,,,,,
P,ME,M09,W08,PMEM09W08,PMEM09W08,5/27/2013,5/27/2013,1,468,419,1,9,Construct,,,,,,,
P,ME,M09,W07,PMEM09W07,PMEM09W07,6/5/2013,6/5/2013,1,400,350,1,174,Construct,,,,,,,
P,ME,M09,W06,PMEM09W06,PMEM09W06,11/26/2013,11/27/2013,2,277,280,2,15,Construct,,,,,,,
P,ME,M09,W05,PMEM09W05,PMEM09W05,12/12/2013,12/12/2013,1,280,282,1,8,Construct,,,,,,,
P,ME,M09,W04,PMEM09W04,PMEM09W04,12/20/2013,12/20/2013,1,219,233,1,28,Construct,,,,,,,
P,ME,M09,W03a,PMEM09W03a,PMEM09W03a,1/17/2014,1/17/2014,1,233,211,1,0,Construct,Code 03.,"Lift ""W03"" will be separated into ""W03a"" and ""W03b"". All quantities will be assigned to ""W03a"".",Code 03a.,P-P-S-2863-0002,,,
P,ME,M09,W03b,PMEM09W03b,PMEM09W03b,1/17/2014,1/17/2014,1,0,0,0,18,Construct,Code 03.,"Lift ""W03"" will be separated into ""W03a"" and ""W03b"". All quantities will be assigned to ""W03a"".",Code 03a.,P-P-S-2863-0002,,,
P,ME,M09,W02,PMEM09W02,PMEM09W02,2/4/2014,2/4/2014,1,204,175,1,301,Construct,,,,,,,
P,ME,M09,W01,PMEM09W01,PMEM09W01,12/2/2014,12/2/2014,1,70,79,1,-1145,Construct,,,,,,,
P,ME,M10,F03,PMEM10F03,PMEM10F03,10/14/2011,10/14/2011,1,464,429,1,74,Construct,,,,,,,
P,ME,M10,F02,PMEM10F02,PMEM10F02,12/27/2011,12/28/2011,2,784.04,787,2,353,Construct,,,,,,,
P,ME,M10,F01,PMEM10F01,PMEM10F01,12/15/2012,12/15/2012,1,952,851,4,-171,Construct,Code 02.,"Joining ""F01"" and ""F01""under the name of ""F01"".",Code 02a.,P-P-S-2880-0002,"Model has no part a, joining pours",,
P,ME,M10,C04 c,PMEM10C04c,PMEM10C04c,6/27/2012,12/14/2012,171,107,95,2,0,Construct,,,,,,,
P,ME,M10,C04 a,PMEM10C04a,PMEM10C04a,12/14/2012,12/14/2012,1,337,156,1,8,Construct,,,,,,,
P,ME,M10,C03 a,PMEM10C03a,PMEM10C03a,12/22/2012,12/23/2012,2,167,154,2,11,Construct,,,,,,,
P,ME,M10,C03 c,PMEM10C03c,PMEM10C03c,1/3/2013,1/3/2013,1,89,80,1,5,Construct,,,,,,,
P,ME,M10,C04 b,PMEM10C04b,PMEM10C04b,1/8/2013,1/9/2013,2,186,210,2,6,Construct,,,,,,,
P,ME,M10,C03 b,PMEM10C03b,PMEM10C03b,1/15/2013,1/16/2013,2,212,210,2,37,Construct,,,,,,,
P,ME,M10,C02,PMEM10C02,PMEM10C02,2/22/2013,2/22/2013,1,337,299,1,7,Construct,,,,,,,
P,ME,M10,C01,PMEM10C01,PMEM10C01,3/1/2013,3/10/2013,10,1107,999,3,36,Construct,Code 02.,"Joining ""C01a"" and ""C01b""under the name of ""C01"".",Code 02a.,P-P-S-2880-0002,"Model has no part b, joining pours",,
P,ME,M10,W09,PMEM10W09,PMEM10W09,4/15/2013,4/16/2013,2,496,494,2,15,Construct,,,,,,,
P,ME,M10,W08,PMEM10W08,PMEM10W08,5/1/2013,5/2/2013,2,428,419,2,8,Construct,,,,,,,
P,ME,M10,W07,PMEM10W07,PMEM10W07,5/10/2013,5/11/2013,2,352,344,2,165,Construct,,,,,,,
P,ME,M10,W06,PMEM10W06,PMEM10W06,10/23/2013,10/24/2013,2,305,280,2,16,Construct,,,,,,,
P,ME,M10,W05,PMEM10W05,PMEM10W05,11/9/2013,11/9/2013,1,285,283,1,12,Construct,,,,,,,
P,ME,M10,W04,PMEM10W04,PMEM10W04,11/21/2013,11/22/2013,2,240,233,2,12,Construct,,,,,,,
P,ME,M10,W03a,PMEM10W03a,PMEM10W03a,12/4/2013,12/5/2013,2,240,211,2,-1,Construct,Code 03.,"Lift ""W03"" will be separated into ""W03a"" and ""W03b"". All quantities will be assigned to ""W03a"".",Code 03a.,P-P-S-2883-0002,,,
P,ME,M10,W03b,PMEM10W03b,PMEM10W03b,12/4/2013,12/5/2013,2,0,0,0,13,Construct,Code 03.,"Lift ""W03"" will be separated into ""W03a"" and ""W03b"". All quantities will be assigned to ""W03a"".",Code 03a.,P-P-S-2883-0002,,,
P,ME,M10,W02,PMEM10W02,PMEM10W02,12/18/2013,12/18/2013,1,173,175,1,360,Construct,,,,,,,
P,ME,M10,W01,PMEM10W01,PMEM10W01,12/13/2014,12/13/2014,1,72,64,1,-1148,Construct,,,,,,,
P,ME,M11,F03,PMEM11F03,PMEM11F03,10/22/2011,10/22/2011,1,208,179,1,24,Construct,,,,,,,
P,ME,M11,F02,PMEM11F02,PMEM11F02,11/15/2011,11/15/2011,1,337,328,1,8,Construct,,,,,,,
P,ME,M11,F01,PMEM11F01,PMEM11F01,11/23/2011,11/24/2011,2,348,358,2,74,Construct,,,,,,,
P,ME,M11,C04 a,PMEM11C04a,PMEM11C04a,2/6/2012,2/7/2012,2,160,139,2,-1,Construct,,,,,,,
P,ME,M11,C04 c,PMEM11C04c,PMEM11C04c,2/6/2012,2/6/2012,1,43.5,44,1,5,Construct,,,,,,,
P,ME,M11,C04 b,PMEM11C04b,PMEM11C04b,2/11/2012,2/11/2012,1,102,0,1,13,Construct,,,,,,,
P,ME,M11,C03 a,PMEM11C03a,PMEM11C03a,2/24/2012,2/24/2012,1,81,81,1,6,Construct,,,,,,,
P,ME,M11,C03 b,PMEM11C03b,PMEM11C03b,3/1/2012,3/1/2012,1,113,69,1,2,Construct,,,,,,,
P,ME,M11,C03 c,PMEM11C03c,PMEM11C03c,3/3/2012,3/3/2012,1,35,39,1,320,Construct,,,,,,,
P,ME,M11,C02,PMEM11C02,PMEM11C02,1/17/2013,1/18/2013,2,128,127,2,4,Construct,,,,,,,
P,ME,M11,C01,PMEM11C01,PMEM11C01,1/22/2013,1/29/2013,8,477,420,2,125,Construct,Code 02.,"Joining ""C01a"" and ""C01b""under the name of ""C01"".",Code 02a.,P-P-S-2902-0001,"Model has no part b, joining pours",,
P,ME,M11,W09,PMEM11W09,PMEM11W09,6/3/2013,6/3/2013,1,232,210,1,9,Construct,,,,,,,
P,ME,M11,W08,PMEM11W08,PMEM11W08,6/12/2013,6/13/2013,2,200,179,2,8,Construct,,,,,,,
P,ME,M11,W07,PMEM11W07,PMEM11W07,6/21/2013,6/22/2013,2,160,148,2,188,Construct,,,,,,,
P,ME,M11,W06,PMEM11W06,PMEM11W06,12/27/2013,12/28/2013,2,128,120,2,13,Construct,,,,,,,
P,ME,M11,W05,PMEM11W05,PMEM11W05,1/10/2014,1/10/2014,1,128,122,1,17,Construct,,,,,,,
P,ME,M11,W04,PMEM11W04,PMEM11W04,1/27/2014,1/27/2014,1,112,102,1,30,Construct,,,,,,,
P,ME,M11,W03a,PMEM11W03a,PMEM11W03a,2/26/2014,2/26/2014,1,97,88,1,0,Construct,Code 03.,"Lift ""W03"" will be separated into ""W03a"" and ""W03b"". All quantities will be assigned to ""W03a"".",Code 03a.,P-P-S-2903-0002,,,
P,ME,M11,W03b,PMEM11W03b,PMEM11W03b,2/26/2014,2/26/2014,1,0,0,0,12,Construct,Code 03.,"Lift ""W03"" will be separated into ""W03a"" and ""W03b"". All quantities will be assigned to ""W03a"".",Code 03a.,P-P-S-2903-0002,,,
P,ME,M11,W02,PMEM11W02,PMEM11W02,3/10/2014,3/10/2014,1,68,69,1,281,Construct,,,,,,,
P,ME,M11,W01,PMEM11W01,PMEM11W01,12/16/2014,12/16/2014,1,22,22,1,-1016,Construct,,,,,,,
P,ME,M12,F03,PMEM12F03,PMEM12F03,3/5/2012,3/6/2012,2,750,675,2,7,Construct,,,,,,,
P,ME,M12,F02 ,PMEM12F02,PMEM12F02,3/13/2012,3/14/2012,2,857,810,2,13,Construct,,,,,,,
P,ME,M12,F01a,PMEM12F01a,PMEM12F01a,3/27/2012,3/28/2012,2,708,708,2,275,Construct,Code 05.,"Lift ""F01"" will be renamed as ""F01a"".",Code 05a.,P-P-S-2921-0002,"F01 only has a and b in the model, chaning F01 as F01 a and joining the other parrts a, b and c due to date consistency",,
P,ME,M12,F01 b,PMEM12F01b,PMEM12F01b,12/28/2012,1/3/2013,7,203.06,87,3,13,Construct,Code 02.,"Joining ""F01a"", ""F01b"" and ""F01c"" as ""F01b"".""",Code 02a.,P-P-S-2921-0002,,,
P,ME,M12,C04 a,PMEM12C04a,PMEM12C04a,1/16/2013,1/17/2013,2,197,165,2,0,Construct,,,,,,,
P,ME,M12,C04 b,PMEM12C04b,PMEM12C04b,1/17/2013,1/17/2013,1,198,182,1,16,Construct,,,,,,,
P,ME,M12,C03 b,PMEM12C03b,PMEM12C03b,2/2/2013,2/2/2013,1,204,210,1,11,Construct,,,,,,,
P,ME,M12,C03 a,PMEM12C03a,PMEM12C03a,2/13/2013,2/13/2013,1,177,165,1,0,Construct,,,,,,,
P,ME,M12,C04 c,PMEM12C04c,PMEM12C04c,2/13/2013,2/14/2013,2,144,156,2,11,Construct,,,,,,,
P,ME,M12,C03 c,PMEM12C03c,PMEM12C03c,2/25/2013,2/26/2013,2,177,156,2,17,Construct,,,,,,,
P,ME,M12,C02,PMEM12C02,PMEM12C02,3/15/2013,3/15/2013,1,304,325,1,7,Construct,,,,,,,
P,ME,M12,C01,PMEM12C01,PMEM12C01,3/22/2013,7/12/2013,113,1033,1050,4,-10,Construct,Code 02.,"Joining ""C01a"" and ""C01b""under the name of ""C01"".",Code 02a.,P-P-S-2921-0002,"Model has no part b, joining pours",,
P,ME,M12,W09,PMEM12W09,PMEM12W09,7/2/2013,7/3/2013,2,496,495,2,7,Construct,,,,,,,
P,ME,M12,W08,PMEM12W08,PMEM12W08,7/10/2013,7/11/2013,2,408,420,2,51,Construct,,,,,,,
P,ME,M12,W07,PMEM12W07,PMEM12W07,8/31/2013,8/31/2013,1,432,415,3,12,Construct,Code 02.,"Joining ""W07"" and ""W07a"" under tha name of ""W07"".",Code 02a.,P-P-S-2923-0002,,,
P,ME,M12,W06,PMEM12W06,PMEM12W06,9/12/2013,9/13/2013,2,288,280,2,10,Construct,,,,,,,
P,ME,M12,W05,PMEM12W05,PMEM12W05,9/23/2013,9/23/2013,1,280,282,1,22,Construct,,,,,,,
P,ME,M12,W04,PMEM12W04,PMEM12W04,10/15/2013,10/15/2013,1,240,231,1,18,Construct,,,,,,,
P,ME,M12,W03a,PMEM12W03a,PMEM12W03a,11/2/2013,11/2/2013,1,209,211,1,0,Construct,Code 03.,"Lift ""W03"" will be separated into ""W03a"" and ""W03b"". All quantities will be assigned to ""W03a"".",Code 03a.,P-P-S-2923-0002,,,
P,ME,M12,W03b,PMEM12W03b,PMEM12W03b,11/2/2013,11/2/2013,1,0,0,0,21,Construct,Code 03.,"Lift ""W03"" will be separated into ""W03a"" and ""W03b"". All quantities will be assigned to ""W03a"".",Code 03a.,P-P-S-2923-0002,,,
P,ME,M12,W02,PMEM12W02,PMEM12W02,11/23/2013,11/23/2013,1,193,175,1,1,Construct,,,,,,,
P,ME,M12,W01,PMEM12W01,PMEM12W01,11/24/2013,11/24/2013,1,0,0,0,-660,Construct,Code 01.,"A new row was created under the name of ""W01"", with 0 quantities and with the dates of the previous lift plus one day.",Code 01a.,P-P-S-2921-0002,,,
P,ME,M13,F03,PMEM13F03,PMEM13F03,2/3/2012,2/4/2012,2,1237.1,1105,2,11,Construct,Code 02.,"Joining ""F03"" and ""F03->C01"" under the name of ""F03""",Code 02a.,P-P-S-2943-0002,,,
P,ME,M13,F02,PMEM13F02,PMEM13F02,2/15/2012,2/16/2012,2,1004.08,1110,2,128,Construct,,,,,,,
P,ME,M13,F01 b,PMEM13F01b,PMEM13F01b,6/23/2012,11/22/2012,153,412,235,3,0,Construct,Code 02.,"Joining ""F01b"" and ""F01b (Chamfer)"" as ""F01b"".",Code 02a.,P-P-S-2943-0002,"model has parts a, b and c, joining pours.",,
P,ME,M13,F01 c,PMEM13F01c,PMEM13F01c,11/22/2012,12/3/2012,12,85,88,2,-165,Construct,Code 02.,"Joining ""F01c"" and ""F01c (Chamfer)"" as ""F01c"".",Code 02a.,P-P-S-2943-0002,,,
P,ME,M13,F01 a,PMEM13F01a,PMEM13F01a,6/21/2012,11/24/2012,157,235,122,2,26,Construct,Code 02.,"Joining ""F01a"" and ""F01a&b (Chamfer)"" as ""F01a"".",Code 02a.,P-P-S-2943-0002,,,
P,ME,M13,C04 a,PMEM13C04a,PMEM13C04a,12/20/2012,12/20/2012,1,265,225,1,25,Construct,,,,,"model has parts a, b and c, joining pours.",,
P,ME,M13,C04 c,PMEM13C04c,PMEM13C04c,1/14/2013,1/18/2013,5,117,144,3,6,Construct,,,,,,,
P,ME,M13,C04 b,PMEM13C04b,PMEM13C04b,1/24/2013,1/25/2013,2,328,300,2,6,Construct,,,,,,,
P,ME,M13,C03 a,PMEM13C03a,PMEM13C03a,1/31/2013,2/1/2013,2,267,225,2,12,Construct,,,,,"model has parts a, b and c, joining pours.",,
P,ME,M13,C03 b,PMEM13C03b,PMEM13C03b,2/13/2013,2/13/2013,1,304,300,1,48,Construct,,,,,,,
P,ME,M13,C03 c,PMEM13C03c,PMEM13C03c,4/2/2013,4/10/2013,9,140,144,3,23,Construct,Code 02.,"Joining ""C03c(S)"" and ""C03c(N)"" as ""C03c"".",Code 02a.,P-P-S-2943-0002,"changing name to reflect model, removing the ""(S)"" part.",,
P,ME,M13,C02,PMEM13C02,PMEM13C02,5/3/2013,5/3/2013,1,432,400,1,6,Construct,,,,,,,
P,ME,M13,C01,PMEM13C01,PMEM13C01,5/9/2013,5/29/2013,21,1308,1292,4,2,Construct,Code 02.,"Joining ""C01a"", ""C01b"" and ""F03->C01"" under the name of ""C01"".",Code 02a.,P-P-S-2943-0002,"Model has no part b, joining pours, and removing Fo3->C01, it is a very small quantity.","Fo3->C01 was removed, and it was only a planned quantity, not an actual poored concrete.",
P,ME,M13,W09,PMEM13W09,PMEM13W09,5/31/2013,5/31/2013,1,528,499,1,12,Construct,,,,,,,
P,ME,M13,W08,PMEM13W08,PMEM13W08,6/12/2013,6/13/2013,2,440,424,2,11,Construct,,,,,,,
P,ME,M13,W07,PMEM13W07,PMEM13W07,6/24/2013,6/24/2013,1,368,350,1,10,Construct,,,,,,,
P,ME,M13,W06,PMEM13W06,PMEM13W06,7/4/2013,7/5/2013,2,268,286,2,15,Construct,,,,,,,
P,ME,M13,W05,PMEM13W05,PMEM13W05,7/20/2013,7/20/2013,1,296,290,1,130,Construct,,,,,,,
P,ME,M13,W04,PMEM13W04,PMEM13W04,11/27/2013,11/28/2013,2,241,240,2,13,Construct,,,,,,,
P,ME,M13,W03a,PMEM13W03a,PMEM13W03a,12/11/2013,12/11/2013,1,235,211,1,0,Construct,Code 03.,"Lift ""W03"" will be separated into ""W03a"" and ""W03b"". All quantities will be assigned to ""W03a"".",Code 03a.,P-P-S-2943-0002,,,
P,ME,M13,W03b,PMEM13W03b,PMEM13W03b,12/11/2013,12/11/2013,1,0,0,0,16,Construct,Code 03.,"Lift ""W03"" will be separated into ""W03a"" and ""W03b"". All quantities will be assigned to ""W03a"".",Code 03a.,P-P-S-2943-0002,,,
P,ME,M13,W02,PMEM13W02,PMEM13W02,12/27/2013,12/27/2013,1,169,89,1,333,Construct,,,,,,,
P,ME,M13,W01,PMEM13W01,PMEM13W01,11/25/2014,11/25/2014,1,51,56,1,-993,Construct,,,,,,,
P,ME,M14,F03,PMEM14F03,PMEM14F03,3/7/2012,3/8/2012,2,716,675,2,7,Construct,,,,,,,
P,ME,M14,F02,PMEM14F02,PMEM14F02,3/15/2012,3/16/2012,2,840,800,2,13,Construct,,,,,,,
P,ME,M14,F01a,PMEM14F01a,PMEM14F01a,3/29/2012,3/30/2012,2,712,712,2,85,Construct,Code 05.,"Lift ""F01a"" will be renamed as ""F01"".",Code 05a.,P-P-S-2961-0002,"model appears to have only parts a and b, no partc, renaming pours for practicability","Lifts F01 are accounted as ""F01a""",
P,ME,M14,F01b,PMEM14F01b,PMEM14F01b,6/23/2012,6/23/2012,1,186,103,1,9,Construct,Code 02.,"Joining ""F01b"" and ""F01 a&c"" under the name of ""F01b"".",Code 02a.,P-P-S-2961-0002,,,
P,ME,M14,C04 a,PMEM14C04a,PMEM14C04a,7/2/2012,7/3/2012,2,177,177,2,4,Construct,,,,,,,
P,ME,M14,C04 c,PMEM14C04c,PMEM14C04c,7/7/2012,7/7/2012,1,161,161,1,16,Construct,,,,,,,
P,ME,M14,C04 b,PMEM14C04b,PMEM14C04b,7/23/2012,7/9/2012,-13,216,162,2,47,Construct,,,,,,"Lifts ""F01 a&b"" and ""F01b"" are accounted as ""F01b"".",
P,ME,M14,C03 b,PMEM14C03b,PMEM14C03b,8/25/2012,8/26/2012,2,208,208,2,13,Construct,,,,,,,
P,ME,M14,C03 c,PMEM14C03c,PMEM14C03c,9/8/2012,9/20/2012,13,318,225,2,-8,Construct,,,,,,,
P,ME,M14,C03 a,PMEM14C03a,PMEM14C03a,9/12/2012,9/12/2012,1,97,97,1,175,Construct,,,,,,,
P,ME,M14,C02,PMEM14C02,PMEM14C02,3/6/2013,3/6/2013,1,288,325,1,5,Construct,,,,,,,
P,ME,M14,C01,PMEM14C01,PMEM14C01,3/11/2013,3/21/2013,11,956,1050,3,132,Construct,Code 02.,"Joining ""C01a"" and ""C01b""under the name of ""C01"".",Code 02a.,P-P-S-2961-0002,"Model has no part b, joining pours, and removing Fo3->C01, it is a very small quantity.",,
P,ME,M14,W09,PMEM14W09,PMEM14W09,7/31/2013,8/1/2013,2,520,495,2,8,Construct,,,,,,,
P,ME,M14,W08,PMEM14W08,PMEM14W08,8/9/2013,8/10/2013,2,440,420,2,18,Construct,,,,,,,
P,ME,M14,W07,PMEM14W07,PMEM14W07,8/28/2013,8/29/2013,2,338,345,2,8,Construct,,,,,,,
P,ME,M14,W06,PMEM14W06,PMEM14W06,9/6/2013,9/6/2013,1,288,280,1,11,Construct,,,,,,,
P,ME,M14,W05,PMEM14W05,PMEM14W05,9/17/2013,9/17/2013,1,280,283,1,23,Construct,,,,,,,
P,ME,M14,W04,PMEM14W04,PMEM14W04,10/10/2013,10/11/2013,2,246,233,2,17,Construct,,,,,,,
P,ME,M14,W03a,PMEM14W03a,PMEM14W03a,10/28/2013,10/29/2013,2,235,282,2,-1,Construct,Code 03.,"Lift ""W03 a+b"" will be separated into ""W03a"" and ""W03b"". All quantities will be assigned to ""W03a2.",Code 03a.,P-P-S-2963-0002,"model has no parts a and b, renaming pour",,
P,ME,M14,W03a,PMEM14W03b,PMEM14W03b,10/28/2013,10/29/2013,2,0,0,0,15,Construct,Code 03.,"Lift ""W03 a+b"" will be separated into ""W03a"" and ""W03b"". All quantities will be assigned to ""W03a2.",Code 03a.,P-P-S-2963-0002,"model has no parts a and b, renaming pour",,
P,ME,M14,W02,PMEM14W02,PMEM14W02,11/13/2013,11/14/2013,2,161,175,2,366,Construct,,,,,,,
P,ME,M14,W01,PMEM14W01,PMEM14W01,11/15/2014,11/15/2014,1,56,61,1,-1100,Construct,,,,,,,
P,ME,M15,F03,PMEM15F03,PMEM15F03,11/11/2011,11/11/2011,1,384,346,1,48,Construct,,,,,,,
P,ME,M15,F02,PMEM15F02,PMEM15F02,12/29/2011,12/29/2011,1,709.1,635,1,13,Construct,,,,,,,
P,ME,M15,F01,PMEM15F01,PMEM15F01,1/11/2012,1/12/2012,2,720.63,685,2,71,Construct,,,,,,,
P,ME,M15,C04 a,PMEM15C04a,PMEM15C04a,3/23/2012,3/24/2012,2,161,161,2,5,Construct,,,,,,,
P,ME,M15,C04 c,PMEM15C04c,PMEM15C04c,3/29/2012,3/29/2012,1,77,77,1,13,Construct,,,,,,,
P,ME,M15,C03 a,PMEM15C03a,PMEM15C03a,4/11/2012,4/11/2012,1,139,139,1,1,Construct,,,,,,,
P,ME,M15,C04 b,PMEM15C04b,PMEM15C04b,4/12/2012,4/17/2012,6,167,93,3,2,Construct,,,,,,,
P,ME,M15,C03 c,PMEM15C03c,PMEM15C03c,4/19/2012,4/19/2012,1,68,68,1,7,Construct,,,,,,,
P,ME,M15,C03 b,PMEM15C03b,PMEM15C03b,4/26/2012,4/26/2012,1,176,150,1,168,Construct,,,,,,,
P,ME,M15,C02,PMEM15C02,PMEM15C02,10/11/2012,10/11/2012,1,248,240,1,6,Construct,Code 05.,"Lift ""C02a"" will be renamed as ""C02"".",Code 05a.,P-P-S-2981-0002,"model has no part a, changing name",,
P,ME,M15,C01,PMEM15C01,PMEM15C01,10/17/2012,10/24/2012,8,801,803,3,233,Construct,Code 02.,"Joining ""C01a"" and ""C01b""under the name of ""C01"".",Code 02a.,P-P-S-2981-0002,"model has no parts a and b, joining pour",,
P,ME,M15,W09,PMEM15W09,PMEM15W09,6/14/2013,6/15/2013,2,416,396,2,23,Construct,,,,,,,
P,ME,M15,W08,PMEM15W08,PMEM15W08,7/8/2013,7/9/2013,2,339,336,2,15,Construct,,,,,,,
P,ME,M15,W07,PMEM15W07,PMEM15W07,7/24/2013,7/24/2013,1,256,275,1,370,Construct,,,,,,,
P,ME,M15,W06,PMEM15W06,PMEM15W06,7/29/2014,7/29/2014,1,223,224,1,8,Construct,,,,,,,
P,ME,M15,W05,PMEM15W05,PMEM15W05,8/6/2014,8/6/2014,1,224,226,1,9,Construct,,,,,,,
P,ME,M15,W04,PMEM15W04,PMEM15W04,8/15/2014,8/15/2014,1,168,186,1,13,Construct,,,,,,,
P,ME,M15,W03a,PMEM15W03a,PMEM15W03a,8/28/2014,8/28/2014,1,172.5,175,1,0,Construct,Code 03.,"Lift ""W03"" will be separated into ""W03a"" and ""W03b"". All quantities will be assigned to ""W03a2.",Code 03a.,P-P-S-2983-0002,,,
P,ME,M15,W03b,PMEM15W03b,PMEM15W03b,8/28/2014,8/28/2014,1,0,0,0,9,Construct,Code 03.,"Lift ""W03"" will be separated into ""W03a"" and ""W03b"". All quantities will be assigned to ""W03a2.",Code 03a.,P-P-S-2983-0002,,,
P,ME,M15,W02,PMEM15W02,PMEM15W02,9/6/2014,9/6/2014,1,165,146,1,52,Construct,,,,,,,
P,ME,M15,W01,PMEM15W01,PMEM15W01,10/28/2014,10/28/2014,1,34,57,1,-1043,Construct,,,,,,,
P,ME,M16,F03,PMEM16F03,PMEM16F03,12/20/2011,12/20/2011,1,288,262,1,37,Construct,,,,,,,
P,ME,M16,F02,PMEM16F02,PMEM16F02,1/26/2012,1/27/2012,2,519,482,2,8,Construct,,,,,,,
P,ME,M16,F01,PMEM16F01,PMEM16F01,2/4/2012,2/5/2012,2,504,524,2,22,Construct,,,,,,,
P,ME,M16,C04 a,PMEM16C04a,PMEM16C04a,2/27/2012,2/27/2012,1,112,112,1,1,Construct,,,,,,,
P,ME,M16,C04 c,PMEM16C04c,PMEM16C04c,2/28/2012,2/28/2012,1,60,60,1,7,Construct,,,,,,,
P,ME,M16,C04 b,PMEM16C04b,PMEM16C04b,3/6/2012,3/7/2012,2,141,96,2,8,Construct,,,,,,,
P,ME,M16,C03 c,PMEM16C03c,PMEM16C03c,3/15/2012,3/15/2012,1,49,49,1,2,Construct,,,,,,,
P,ME,M16,C03 a,PMEM16C03a,PMEM16C03a,3/17/2012,3/17/2012,1,100.5,101,1,5,Construct,,,,,,,
P,ME,M16,C03 b,PMEM16C03b,PMEM16C03b,3/22/2012,3/22/2012,1,129,127,1,90,Construct,,,,,,,
P,ME,M16,C02,PMEM16C02,PMEM16C02,6/20/2012,6/20/2012,1,188,185,1,7,Construct,,,,,,,
P,ME,M16,C01,PMEM16C01,PMEM16C01,6/27/2012,7/5/2012,9,595,616,3,7,Construct,Code 02.,"Joining ""C01a"" and ""C01b""under the name of ""C01"".",Code 02a.,P-P-S-3003-0001,"model has no parts a and b, joining pour",,
P,ME,M16,W09,PMEM16W09,PMEM16W09,7/12/2012,7/13/2012,2,320,308,2,8,Construct,,,,,,,
P,ME,M16,W08,PMEM16W08,PMEM16W08,7/21/2012,7/21/2012,1,272,262,1,6,Construct,,,,,,,
P,ME,M16,W07,PMEM16W07,PMEM16W07,7/27/2012,7/28/2012,2,216,217,2,9,Construct,,,,,,,
P,ME,M16,W06,PMEM16W06,PMEM16W06,8/6/2012,8/7/2012,2,188,176,2,6,Construct,,,,,,,
P,ME,M16,W05,PMEM16W05,PMEM16W05,8/13/2012,8/13/2012,1,184,180,1,16,Construct,,,,,,,
P,ME,M16,W04,PMEM16W04,PMEM16W04,8/29/2012,8/29/2012,1,144,149,1,5,Construct,,,,,,,
P,ME,M16,W03 b,PMEM16W03b,PMEM16W03b,9/3/2012,9/3/2012,1,96,92,1,19,Construct,,,,,"model has no parts a and b,joining pour",,
P,ME,M16,W03 a,PMEM16W03a,PMEM16W03a,9/22/2012,9/22/2012,1,89,82,1,17,Construct,,,,,,,
P,ME,M16,W02,PMEM16W02,PMEM16W02,10/9/2012,10/10/2012,2,64,55,2,794,Construct,,,,,,,
P,ME,M16,W01,PMEM16W01,PMEM16W01,12/13/2014,12/13/2014,1,32,46,1,-514,Construct,,,,,,,
P,ME,M17,F03,PMEM17F03,PMEM17F03,7/17/2013,7/18/2013,2,1032,896,2,7,Construct,,,,,,,
P,ME,M17,F02,PMEM17F02,PMEM17F02,7/25/2013,7/26/2013,2,1112,1097,2,14,Construct,,,,,,,
P,ME,M17,F01,PMEM17F01,PMEM17F01,8/9/2013,8/27/2013,19,1087,1178,4,0,Construct,Code 02.,"Joining ""F01"" and ""F01b""under the name of ""F01"".",Code 02a.,P-P-S-3021-0002,"model has no parts a and b, joining pour",,
P,ME,M17,C04 b,PMEM17C04b,PMEM17C04b,8/27/2013,9/25/2013,30,289,293,3,155,Construct,,,,,,,
P,ME,M17,C04 a,PMEM17C04a,PMEM17C04a,2/27/2014,2/27/2014,1,225,248,1,15,Construct,,,,,,,
P,ME,M17,C04 c,PMEM17C04c,PMEM17C04c,3/14/2014,3/14/2014,1,125,125,1,10,Construct,,,,,,,
P,ME,M17,C03 b,PMEM17C03b,PMEM17C03b,3/24/2014,3/24/2014,1,272,280,1,8,Construct,,,,,,,
P,ME,M17,C03 a,PMEM17C03a,PMEM17C03a,4/1/2014,4/1/2014,1,209,260,1,10,Construct,,,,,,,
P,ME,M17,C03 c,PMEM17C03c,PMEM17C03c,4/11/2014,4/11/2014,1,116,106,1,33,Construct,,,,,,,
P,ME,M17,C02,PMEM17C02,PMEM17C02,5/14/2014,5/14/2014,1,485,500,1,3,Construct,,,,,,,
P,ME,M17,C01,PMEM17C01,PMEM17C01,5/17/2014,5/24/2014,8,1328,1326,2,11,Construct,Code 02.,"Joining ""C01a"" and ""C01b""under the name of ""C01"".",Code 02a.,P-P-S-3021-0002,"model has no parts a and b, joining pour",,
P,ME,M17,W09,PMEM17W09,PMEM17W09,6/4/2014,6/4/2014,1,646,680,1,10,Construct,,,,,,,
P,ME,M17,W08,PMEM17W08,PMEM17W08,6/14/2014,6/14/2014,1,551,545,1,13,Construct,,,,,,,
P,ME,M17,W07,PMEM17W07,PMEM17W07,6/27/2014,6/28/2014,2,483,471,2,11,Construct,,,,,,,
P,ME,M17,W06,PMEM17W06,PMEM17W06,7/9/2014,7/10/2014,2,360,266,2,8,Construct,,,,,,,
P,ME,M17,W05,PMEM17W05,PMEM17W05,7/18/2014,7/18/2014,1,363,386,1,14,Construct,,,,,,,
P,ME,M17,W04,PMEM17W04,PMEM17W04,8/1/2014,8/2/2014,2,320,315,2,10,Construct,,,,,,,
P,ME,M17,W03a,PMEM17W03a,PMEM17W03a,8/12/2014,8/12/2014,1,301,311,1,0,Construct,Code 03.,"Lift ""W03"" will be separated into ""W03a"" and ""W03b"". All quantities will be assigned to ""W03a2.",Code 03a.,P-P-S-3023-0002,,,
P,ME,M17,W03b,PMEM17W03b,PMEM17W03b,8/12/2014,8/12/2014,1,0,0,0,13,Construct,Code 03.,"Lift ""W03"" will be separated into ""W03a"" and ""W03b"". All quantities will be assigned to ""W03a2.",Code 03a.,P-P-S-3023-0002,,,
P,ME,M17,W02,PMEM17W02,PMEM17W02,8/25/2014,8/25/2014,1,247.5,274,1,100,Construct,,,,,,,
P,ME,M17,W01,PMEM17W01,PMEM17W01,12/3/2014,12/3/2014,1,101,76,1,-449,Construct,,,,,,,
P,ME,M18,F03,PMEM18F03,PMEM18F03,9/10/2013,9/11/2013,2,308,248,2,5,Construct,,,,,,,
P,ME,M18,F02,PMEM18F02,PMEM18F02,9/16/2013,9/17/2013,2,480,473,2,13,Construct,,,,,,,
P,ME,M18,F01,PMEM18F01,PMEM18F01,9/30/2013,10/1/2013,2,468,513,2,162,Construct,,,,,,,
P,ME,M18,C04 b,PMEM18C04b,PMEM18C04b,3/12/2014,3/12/2014,1,125,125,1,5,Construct,,,,,,,
P,ME,M18,C04 a,PMEM18C04a,PMEM18C04a,3/17/2014,3/17/2014,1,105,110,1,12,Construct,,,,,,,
P,ME,M18,C04 c,PMEM18C04c,PMEM18C04c,3/29/2014,3/29/2014,1,57,55,1,11,Construct,,,,,,,
P,ME,M18,C03 a,PMEM18C03a,PMEM18C03a,4/9/2014,4/9/2014,1,103,98,1,12,Construct,,,,,,,
P,ME,M18,C03 b,PMEM18C03b,PMEM18C03b,4/21/2014,4/21/2014,1,107,110,1,59,Construct,,,,,,,
P,ME,M18,C03 c,PMEM18C03c,PMEM18C03c,6/19/2014,6/19/2014,1,52,55,1,21,Construct,,,,,"Mdoel has wrong name, correct model",fixed,
P,ME,M18,C02,PMEM18C02,PMEM18C02,7/10/2014,7/11/2014,2,196,179,2,3,Construct,,,,,,,
P,ME,M18,C01,PMEM18C01,PMEM18C01,7/14/2014,7/17/2014,4,578,562,2,12,Construct,Code 02.,"Joining ""C01a"" and ""C01b""under the name of ""C01"".",Code 02a.,P-P-S-3040-0001,"model has no parts a and b,joining pour",,
P,ME,M18,W09,PMEM18W09,PMEM18W09,7/29/2014,7/30/2014,2,272,294,2,14,Construct,,,,,,,
P,ME,M18,W08,PMEM18W08,PMEM18W08,8/13/2014,8/13/2014,1,144,144,1,1,Construct,,,,,,,
P,ME,M18,W03a,PMEM18W03a,PMEM18W03a,8/14/2014,9/29/2014,47,271,225,2,-46,Construct,Code 03.,"Lift ""W03"" will be separated into ""W03a"" and ""W03b"". All quantities will be assigned to ""W03a"".",Code 03a.,P-P-S-3043-0002,,,
P,ME,M18,W03b,PMEM18W03b,PMEM18W03b,8/14/2014,9/29/2014,47,0,0,0,-37,Construct,Code 03.,"Lift ""W03"" will be separated into ""W03a"" and ""W03b"". All quantities will be assigned to ""W03a"".",Code 03a.,P-P-S-3043-0002,,,
P,ME,M18,W07,PMEM18W07,PMEM18W07,8/23/2014,8/23/2014,1,194,202,1,12,Construct,,,,,,,
P,ME,M18,W06,PMEM18W06,PMEM18W06,9/4/2014,9/4/2014,1,162,162,1,12,Construct,,,,,,,
P,ME,M18,W05,PMEM18W05,PMEM18W05,9/16/2014,9/16/2014,1,164,163,1,7,Construct,,,,,,,
P,ME,M18,W04,PMEM18W04,PMEM18W04,9/23/2014,9/23/2014,1,125,132,1,11,Construct,,,,,,,
P,ME,M18,W02,PMEM18W02,PMEM18W02,10/4/2014,10/4/2014,1,86,97,1,41,Construct,,,,,,,
P,ME,M18,W01,PMEM18W01,PMEM18W01,11/14/2014,1/3/2015,51,47,55,2,-501,Construct,,,,,,,
P,ME,M19,F02,PMEM19F02,PMEM19F02,8/20/2013,8/21/2013,2,1085,1005,2,13,Construct,,,,,,,
P,ME,M19,F01,PMEM19F01,PMEM19F01,9/3/2013,11/9/2013,68,1033,1075,3,12,Construct,Code 02.,"Joining ""F01"" and ""F01b""under the name of ""F01"".",Code 02a.,P-P-S-3061-0002,"model has no part  b, joining pour",,
P,ME,M19,C04 a,PMEM19C04a,PMEM19C04a,11/21/2013,11/22/2013,2,289,289,2,11,Construct,,,,,,,
P,ME,M19,C04 b,PMEM19C04b,PMEM19C04b,12/3/2013,12/3/2013,1,227,217,1,14,Construct,,,,,,,
P,ME,M19,C03 a,PMEM19C03a,PMEM19C03a,12/17/2013,12/17/2013,1,248,213,1,22,Construct,,,,,,,
P,ME,M19,C04 c,PMEM19C04c,PMEM19C04c,1/8/2014,1/8/2014,1,119,107,1,82,Construct,,,,,,,
P,ME,M19,C03 b,PMEM19C03b,PMEM19C03b,3/31/2014,3/31/2014,1,249,280,1,3,Construct,,,,,,,
P,ME,M19,C03 c,PMEM19C03c,PMEM19C03c,4/3/2014,4/3/2014,1,109,106,1,62,Construct,,,,,,,
P,ME,M19,C02,PMEM19C02,PMEM19C02,6/4/2014,6/4/2014,1,464,407,1,3,Construct,,,,,,,
P,ME,M19,C01,PMEM19C01,PMEM19C01,6/7/2014,6/14/2014,8,1295,1334,2,13,Construct,Code 02.,"Joining ""C01a"" and ""C01b""under the name of ""C01"".",Code 02a.,P-P-S-3061-0002,"model has no part  b, joining pours",,
P,ME,M19,W09,PMEM19W09,PMEM19W09,6/27/2014,6/28/2014,2,652,649,2,16,Construct,,,,,,,
P,ME,M19,W08,PMEM19W08,PMEM19W08,7/14/2014,7/14/2014,1,526,545,1,11,Construct,,,,,,,
P,ME,M19,W07,PMEM19W07,PMEM19W07,7/25/2014,7/25/2014,1,416,441,1,12,Construct,,,,,,,
P,ME,M19,W06,PMEM19W06,PMEM19W06,8/6/2014,8/7/2014,2,354,354,2,14,Construct,,,,,,,
P,ME,M19,W05,PMEM19W05,PMEM19W05,8/21/2014,8/21/2014,1,326,352,1,12,Construct,,,,,,,
P,ME,M19,W04,PMEM19W04,PMEM19W04,9/2/2014,9/3/2014,2,286,283,2,10,Construct,,,,,,,
P,ME,M19,W03a,PMEM19W03a,PMEM19W03a,9/13/2014,9/13/2014,1,286,300,1,0,Construct,Code 03.,"Lift ""W03"" will be separated into ""W03a"" and ""W03b"". All quantities will be assigned to ""W03a2.",Code 03a.,P-P-S-3063-0002,,,
P,ME,M19,W03b,PMEM19W03b,PMEM19W03b,9/13/2014,9/13/2014,1,0,0,0,9,Construct,Code 03.,"Lift ""W03"" will be separated into ""W03a"" and ""W03b"". All quantities will be assigned to ""W03a2.",Code 03a.,P-P-S-3063-0002,,,
P,ME,M19,W02,PMEM19W02,PMEM19W02,9/22/2014,9/23/2014,2,305,247,2,38,Construct,,,,,,,
P,ME,M19,W01,PMEM19W01,PMEM19W01,10/31/2014,10/31/2014,1,120,120,1,-800,Construct,,,,,,,
P,ME,M20,F03,PMEM20F03,PMEM20F03,8/22/2012,8/23/2012,2,484,414,2,14,Construct,,,,,,,
P,ME,M20,F02,PMEM20F02,PMEM20F02,9/6/2012,9/7/2012,2,790,779,2,7,Construct,,,,,,,
P,ME,M20,F01,PMEM20F01,PMEM20F01,9/14/2012,1/29/2013,138,829,840,5,315,Construct,Code 02.,"Joining ""F01"", ""F01a"", ""F01b"" and ""F01c""under the name of ""F01"".",Code 02a.,P-P-S-3081-0002,"model has no parts a,  b, or c, joining pours",,
P,ME,M20,C04 a,PMEM20C04a,PMEM20C04a,12/10/2013,12/10/2013,1,173,178,1,16,Construct,,,,,,,
P,ME,M20,C04 b,PMEM20C04b,PMEM20C04b,12/26/2013,12/27/2013,2,176,184,2,0,Construct,,,,,,,
P,ME,M20,C03a,PMEM20C03a,PMEM20C03a,12/27/2013,12/27/2013,1,153,154,1,27,Construct,,,,,,,
P,ME,M20,C04 c,PMEM20C04c,PMEM20C04c,1/23/2014,1/23/2014,1,81,78,1,1,Construct,,,,,,,
P,ME,M20,C03 b,PMEM20C03b,PMEM20C03b,1/24/2014,1/24/2014,1,188,200,1,54,Construct,,,,,,,
P,ME,M20,C03 c,PMEM20C03c,PMEM20C03c,3/19/2014,3/19/2014,1,80,87,1,22,Construct,,,,,,,
P,ME,M20,C02,PMEM20C02,PMEM20C02,4/10/2014,4/10/2014,1,318,294,1,5,Construct,,,,,,,
P,ME,M20,C01,PMEM20C01,PMEM20C01,4/15/2014,5/10/2014,26,952,986,2,9,Construct,Code 02.,"Joining ""C01a"" and ""C01b""under the name of ""C01"".",Code 02a.,P-P-S-3081-0002,,,
P,ME,M20,W09,PMEM20W09,PMEM20W09,5/19/2014,5/19/2014,1,489,479,1,11,Construct,,,,,,,
P,ME,M20,W08,PMEM20W08,PMEM20W08,5/30/2014,5/30/2014,1,377,404,1,11,Construct,,,,,,,
P,ME,M20,W07,PMEM20W07,PMEM20W07,6/10/2014,6/11/2014,2,291,329,2,13,Construct,,,,,,,
P,ME,M20,W06,PMEM20W06,PMEM20W06,6/24/2014,6/24/2014,1,261,266,1,14,Construct,,,,,,,
P,ME,M20,W05,PMEM20W05,PMEM20W05,7/8/2014,7/9/2014,2,273,266,2,10,Construct,,,,,,,
P,ME,M20,W04,PMEM20W04,PMEM20W04,7/19/2014,7/19/2014,1,237,217,1,9,Construct,,,,,,,
P,ME,M20,W03a,PMEM20W03a,PMEM20W03a,7/28/2014,7/28/2014,1,204,203,1,0,Construct,Code 03.,"Lift ""W03"" will be separated into ""W03a"" and ""W03b"". All quantities will be assigned to ""W03a.",Code 03a.,P-P-S-3063-0002,,,
P,ME,M20,W03b,PMEM20W03b,PMEM20W03b,7/28/2014,7/28/2014,1,0,0,0,11,Construct,Code 03.,"Lift ""W03"" will be separated into ""W03a"" and ""W03b"". All quantities will be assigned to ""W03a.",Code 03a.,P-P-S-3063-0002,,,
P,ME,M20,W02,PMEM20W02,PMEM20W02,8/8/2014,8/9/2014,2,196,195,2,67,Construct,,,,,,,
P,ME,M20,W01,PMEM20W01,PMEM20W01,10/15/2014,10/15/2014,1,85,76,1,-903,Construct,,,,,,,
P,ME,M21,F03,PMEM21F03,PMEM21F03,4/25/2012,4/26/2012,2,552,480,2,21,Construct,,,,,,,
P,ME,M21,F02 a,PMEM21F02a,PMEM21F02a,5/17/2012,5/17/2012,1,376,365,1,13,Construct,,,,,,,
P,ME,M21,F02 b,PMEM21F02b,PMEM21F02b,5/30/2012,5/31/2012,2,464,440,2,12,Construct,,,,,,,
P,ME,M21,F01 a,PMEM21F01a,PMEM21F01a,6/12/2012,6/13/2012,2,332,400,2,7,Construct,,,,,,,
P,ME,M21,F01 b,PMEM21F01b,PMEM21F01b,6/20/2012,8/14/2013,421,548,465,3,70,Construct,,,,,,,
P,ME,M21,C05,PMEM21C05,PMEM21C05,10/23/2013,10/23/2013,1,109,106,2,17,Construct,,,,,"Model is not separated in parts, review model",Model is correct acording to drawing P-P-S-3101-0002 and P-P-S-3101-0001,"c03, C04 and C05 are not separated into more divisions, joining pours.  Also separating a poured that was done on both, C04 and C05."
P,ME,M21,C04,PMEM21C04,PMEM21C04,11/9/2013,11/19/2013,11,416,425,4,2,Construct,Code 02.,"Joining ""C04a"", ""C04b"" and ""C05c+C04c"" under the name of ""C04"".",Code 02a.,P-P-S-3102-0001,"Model is not separated in parts, review model",Model is correct acording to drawing P-P-S-3101-0002 and P-P-S-3101-0001,
P,ME,M21,C03,PMEM21C03,PMEM21C03,11/21/2013,12/6/2013,16,383,379,4,57,Construct,Code 02.,"Joining ""C03a"", ""C03b"" and ""C03c"" under the name of ""C03"".",Code 02a.,P-P-S-3102-0001,"Model is not separated in parts, review model",Model is correct acording to drawing P-P-S-3101-0002 and P-P-S-3101-0001,
P,ME,M21,C02,PMEM21C02,PMEM21C02,2/1/2014,3/8/2014,36,442,425,2,11,Construct,Code 02.,"Joining ""C02.1"" and ""C02.2"" under the name of ""C02"".",Code 02a.,P-P-S-3102-0001,"model has no parts 1 or 2, joining pours",,
P,ME,M21,C01,PMEM21C01,PMEM21C01,3/19/2014,3/28/2014,10,981,1000,2,76,Construct,Code 02.,"Joining ""C01a"" and ""C01b""under the name of ""C01"".",Code 02a.,P-P-S-3102-0001,"model has no parts a or b, joining pours",,
P,ME,M21,W09,PMEM21W09,PMEM21W09,6/12/2014,6/13/2014,2,476,500,2,19,Construct,,,,,,,
P,ME,M21,W08,PMEM21W08,PMEM21W08,7/2/2014,7/2/2014,1,393,425,1,8,Construct,,,,,,,
P,ME,M21,W07,PMEM21W07,PMEM21W07,7/10/2014,7/10/2014,1,288,350,1,9,Construct,,,,,,,
P,ME,M21,W06,PMEM21W06,PMEM21W06,7/19/2014,7/19/2014,1,284,280,1,11,Construct,,,,,,,
P,ME,M21,W05,PMEM21W05,PMEM21W05,7/30/2014,7/31/2014,2,271,282,2,9,Construct,,,,,,,
P,ME,M21,W04,PMEM21W04,PMEM21W04,8/9/2014,8/9/2014,1,248,232,1,5,Construct,,,,,,,
P,ME,M21,W03a,PMEM21W03a,PMEM21W03a,8/14/2014,8/15/2014,2,223,200,2,-1,Construct,Code 03.,"Lift ""W03"" will be separated into ""W03a"" and ""W03b"". All quantities will be assigned to ""W03a2.",Code 03a.,P-P-S-3103-0002,,,
P,ME,M21,W03b,PMEM21W03b,PMEM21W03b,8/14/2014,8/15/2014,2,0,0,0,14,Construct,Code 03.,"Lift ""W03"" will be separated into ""W03a"" and ""W03b"". All quantities will be assigned to ""W03a2.",Code 03a.,P-P-S-3103-0002,,,
P,ME,M21,W02,PMEM21W02,PMEM21W02,8/29/2014,8/30/2014,2,173,174,2,33,Construct,,,,,,,
P,ME,M21,W01,PMEM21W01,PMEM21W01,10/2/2014,12/31/2014,91,74,75,2,-887,Construct,,,,,,,
P,ME,M22,F05,PMEM22F05,PMEM22F05,7/27/2012,7/27/2012,1,440,428,1,10,Construct,,,,,,,
P,ME,M22,F04,PMEM22F04,PMEM22F04,8/6/2012,8/6/2012,1,397,479,1,359,Construct,,,,,,,
P,ME,M22,F03.1a,PMEM22F03.1a,PMEM22F03.1a,7/31/2013,7/31/2013,1,49,33,2,-344,Construct,,,,,"Review names, use point",,
P,ME,M22,F03 b,PMEM22F03b,PMEM22F03b,8/21/2012,8/22/2012,2,641,580,2,-15,Construct,,,,P-P-S-3120-0001,,,
P,ME,M22,F03a,PMEM22F03a,PMEM22F03a,8/7/2012,8/7/2012,1,0,0,1,23,Construct,Code 01.,"A new row was created under the name of ""F03a"", with 0 quantities and with the dates of the previous lift plus one day.",Code 01a.,P-P-S-3120-0002,,Lift is in the RFC but the Summary of Lifts and Pours does not mention it,
P,ME,M22,F02 b,PMEM22F02b,PMEM22F02b,8/30/2012,8/23/2013,359,398,374,2,-22,Construct,,,,,,,
P,ME,M22,F02.1a,PMEM22F02.1a,PMEM22F02.1a,8/1/2013,8/1/2013,1,0,0,0,-50,Construct,Code 01.,"A new row was created under the name of ""F02.1a"", with 0 quantities and with the dates of the previous lift plus one day.",Code 01a.,P-P-S-3120-0002,,,
P,ME,M22,F02 a,PMEM22F02a,PMEM22F02a,6/12/2013,8/24/2013,74,262,279,2,-348,Construct,Code 02.,"Joining ""F03 a + F02a"", ""F02a"" and ""F02.1a"" under the name of ""F02a""",Code 02a.,P-P-S-3120-0002,,F02.1a is accounted together with F02a,
P,ME,M22,F01.2b,PMEM22F01.2b,PMEM22F01.2b,9/10/2012,9/10/2012,1,232,227,1,304,Construct,Code 05.,"Lift ""F01 (2b)"" will be renamed as ""F01.2b"" .",Code 05a.,P-P-S-3120-0002,"Review names, use point",,
P,ME,M22,F01 a,PMEM22F01a,PMEM22F01a,7/11/2013,7/11/2013,1,125,117,1,-57,Construct,,,,,,,
P,ME,M22,F01.1b,PMEM22F01.1b,PMEM22F01.1b,5/15/2013,10/1/2013,140,214,255,2,-54,Construct,Code 02.,"Joining ""F01.1b (1st stage)"", ""F01.1b"" and ""F01 b (chamfer)"" under the name of ""F01.1b"".",Code 02a.,P-P-S-3120-0002,"Review names, use point",,
P,ME,M22,F01.1a,PMEM22F01.1a,PMEM22F01.1a,8/8/2013,8/9/2013,2,108,87,2,28,Construct,,,,,"Review names, use point",,
P,ME,M22,C09 a,PMEM22C09a,PMEM22C09a,9/6/2013,9/7/2013,2,94,89,2,2,Construct,,,,,"model is not separated, review model",fixed,
P,ME,M22,C09 c,PMEM22C09c,PMEM22C09c,9/9/2013,9/9/2013,1,41,45,1,8,Construct,,,,,,,
P,ME,M22,C08 a,PMEM22C08a,PMEM22C08a,9/17/2013,9/17/2013,1,56,45,1,2,Construct,,,,,"model is not separated, review model",fixed,
P,ME,M22,C08 c,PMEM22C08c,PMEM22C08c,9/19/2013,9/19/2013,1,25,26,1,2,Construct,,,,,,,
P,ME,M22,C07 a,PMEM22C07a,PMEM22C07a,9/21/2013,9/21/2013,1,15,15,1,3,Construct,,,,,,,
P,ME,M22,C06 c,PMEM22C06c,PMEM22C06c,9/24/2013,9/24/2013,1,8,8,1,15,Construct,Code 05.,"Lift ""C07c"" will be renamed as ""C06c"".",Code 05a.,P-P-S-3121-0002,"not found in model, review model",fixed,
P,ME,M22,C06,PMEM22C06,PMEM22C06,10/9/2013,10/9/2013,1,200,184,1,8,Construct,,,,,,,
P,ME,M22,C05,PMEM22C05,PMEM22C05,10/17/2013,10/18/2013,2,186,181,2,11,Construct,,,,,,,
P,ME,M22,C04,PMEM22C04,PMEM22C04,10/29/2013,10/30/2013,2,305,328,2,3,Construct,,,,,,,
P,ME,M22,C03.1,PMEM22C03.1,PMEM22C03.1,11/2/2013,11/2/2013,1,179,182,1,17,Construct,,,,,"Review names, use point",fixed,
P,ME,M22,C02.1,PMEM22C02.1,PMEM22C02.1,11/19/2013,11/20/2013,2,200,200,2,5,Construct,,,,,"Review names, use point",fixed,
P,ME,M22,C03,PMEM22C03,PMEM22C03,11/25/2013,12/17/2013,23,539,560,2,16,Construct,Code 02.,"Joining ""C03a"" and ""C03b""under the name of ""C03"".",Code 02a.,P-P-S-3120-0002,"model has no parts a or b, joining pours",,
P,ME,M22,C02,PMEM22C02,PMEM22C02,1/2/2014,1/2/2014,1,413,417,1,20,Construct,,,,,,,
P,ME,M22,C01,PMEM22C01,PMEM22C01,1/22/2014,1/22/2014,1,437,451,1,57,Construct,,,,,,,
P,ME,M22,W09,PMEM22W09,PMEM22W09,3/20/2014,3/20/2014,1,465,474,1,14,Construct,,,,,,,
P,ME,M22,W08,PMEM22W08,PMEM22W08,4/3/2014,4/3/2014,1,423,419,1,11,Construct,,,,,,,
P,ME,M22,W07,PMEM22W07,PMEM22W07,4/14/2014,4/14/2014,1,343,344,1,29,Construct,,,,,,,
P,ME,M22,W06,PMEM22W06,PMEM22W06,5/13/2014,5/13/2014,1,265,280,1,9,Construct,,,,,,,
P,ME,M22,W05,PMEM22W05,PMEM22W05,5/22/2014,5/22/2014,1,256,287,1,14,Construct,,,,,,,
P,ME,M22,W04,PMEM22W04,PMEM22W04,6/5/2014,6/5/2014,1,246,233,1,15,Construct,,,,,,,
P,ME,M22,W03a,PMEM22W03a,PMEM22W03a,6/20/2014,6/20/2014,1,231,211,1,0,Construct,Code 03.,"Lift ""W03"" will be separated into ""W03a"" and ""W03b"". All quantities will be assigned to ""W03a2.",Code 03a.,P-P-S-3122-0002,,,
P,ME,M22,W03b,PMEM22W03b,PMEM22W03b,6/20/2014,6/20/2014,1,0,0,0,15,Construct,Code 03.,"Lift ""W03"" will be separated into ""W03a"" and ""W03b"". All quantities will be assigned to ""W03a2.",Code 03a.,P-P-S-3122-0002,,,
P,ME,M22,W02,PMEM22W02,PMEM22W02,7/5/2014,7/5/2014,1,191,175,1,76,Construct,,,,,,,
P,ME,M22,W01,PMEM22W01,PMEM22W01,9/19/2014,1/16/2015,120,89,102,3,-966,Construct,,,,,,,
P,ME,M23,F09,PMEM23F09,PMEM23F09,5/25/2012,5/25/2012,1,579,487,1,33,Construct,,,,,,,
P,ME,M23,F08,PMEM23F08,PMEM23F08,6/27/2012,6/28/2012,2,536,548,2,21,Construct,,,,,,,
P,ME,M23,F07 a,PMEM23F07a,PMEM23F07a,7/19/2012,7/20/2012,2,180,152,2,11,Construct,,,,,,,
P,ME,M23,F07 b,PMEM23F07b,PMEM23F07b,7/31/2012,7/31/2012,1,120,152,1,326,Construct,,,,,,,
P,ME,M23,F06 b,PMEM23F06b,PMEM23F06b,6/22/2013,6/22/2013,1,232,232,1,6,Construct,,,,,,,
P,ME,M23,F03 b,PMEM23F03b,PMEM23F03b,6/28/2013,6/28/2013,1,740,781,1,3,Construct,,,,,,,
P,ME,M23,F06 a,PMEM23F06a,PMEM23F06a,7/1/2013,7/2/2013,2,192,131,2,0,Construct,,,,,,,
P,ME,M23,F02 b,PMEM23F02b,PMEM23F02b,7/2/2013,7/3/2013,2,443,408,2,8,Construct,,,,,,,
P,ME,M23,F05b,PMEM23F05b,PMEM23F05b,7/11/2013,7/12/2013,2,66,48,2,4,Construct,Code 05.,"Lift ""C05c"" will be renamed as ""C05b"".",Code 05a.,P-P-S-3141-0002,"Model has no F05b, but it has F05c, chaning name",,
P,ME,M23,F04a,PMEM23F04a,PMEM23F04a,7/16/2013,7/17/2013,2,125,150,1,-1,Construct,Code 03.,"Lift ""F04/F05a"" will be divided into ""F04a"" and ""F05a"".   All quantities will be assigned to F04a.",Code 03a.,P-P-S-3140-0001,"Model has F02a in between this lifts, review model",Model is correct according to drawing P-P-S-3141-0001,dividing this poured together registry in 2
P,ME,M23,F05 a,PMEM23F05a,PMEM23F05a,7/16/2013,7/17/2013,2,0,0,0,5,Construct,Code 03.,"Lift ""F04/F05a"" will be divided into ""F04a"" and ""F05a"".   All quantities will be assigned to F04a.",Code 03a.,P-P-S-3140-0001,,,
P,ME,M23,F01 b,PMEM23F01b,PMEM23F01b,7/22/2013,9/21/2013,62,634,592,3,-53,Construct,,,,,,,
P,ME,M23,F04b,PMEM23F04b,PMEM23F04b,7/30/2013,7/30/2013,1,32,37,1,18,Construct,Code 05.,"Lift ""C04c"" will be renamed as ""C04b"".",Code 05a.,P-P-S-3141-0002,"Model not separated, review model",fixed,"Model has no F04b, bu thas F04c, changing name"
P,ME,M23,F03 a,PMEM23F03a,PMEM23F03a,8/17/2013,8/17/2013,1,228,274,1,6,Construct,,,,,"Model has not this part, review model separation",fixed,
P,ME,M23,F02 a,PMEM23F02a,PMEM23F02a,8/23/2013,8/23/2013,1,279,264,1,11,Construct,,,,,,,
P,ME,M23,F01 a,PMEM23F01a,PMEM23F01a,9/3/2013,9/4/2013,2,584,563,2,9,Construct,,,,,,,
P,ME,M23,C04 a,PMEM23C04a,PMEM23C04a,9/13/2013,9/14/2013,2,553,572,2,25,Construct,,,,,,,
P,ME,M23,C03 a,PMEM23C03a,PMEM23C03a,10/9/2013,10/10/2013,2,322,356,2,6,Construct,,,,,"Model not separated, review model",Drawing P-P-S-3143-0002 has naming convention problems. It has been FIXED,
P,ME,M23,C04 b,PMEM23C04b,PMEM23C04b,10/16/2013,10/17/2013,2,274,268,2,20,Construct,,,,,,,
P,ME,M23,C03 b,PMEM23C03b,PMEM23C03b,11/6/2013,11/7/2013,2,256,282,2,21,Construct,,,,,"Model not separated, review model",Drawing P-P-S-3143-0002 has naming convention problems. It has been FIXED,
P,ME,M23,C02,PMEM23C02,PMEM23C02,11/28/2013,11/28/2013,1,325,325,1,5,Construct,,,,,"model has no parts 1 or 2, joining pours",,
P,ME,M23,C01,PMEM23C01,PMEM23C01,12/3/2013,12/14/2013,12,827,831,4,34,Construct,Code 02.,"Joining ""C01a"" and ""C01b""under the name of ""C01"".",Code 02a.,P-P-S-3140-0001,,,
P,ME,M23,W09,PMEM23W09,PMEM23W09,1/17/2014,1/17/2014,1,608,570,1,122,Construct,,,,,,,
P,ME,M23,W08,PMEM23W08,PMEM23W08,5/19/2014,5/19/2014,1,471,483,1,9,Construct,,,,,,,
P,ME,M23,W07,PMEM23W07,PMEM23W07,5/28/2014,5/28/2014,1,371,397,1,13,Construct,,,,,,,
P,ME,M23,W06,PMEM23W06,PMEM23W06,6/10/2014,6/10/2014,1,316,323,1,15,Construct,,,,,,,
P,ME,M23,W05,PMEM23W05,PMEM23W05,6/25/2014,6/25/2014,1,343,325,1,12,Construct,,,,,,,
P,ME,M23,W04,PMEM23W04,PMEM23W04,7/7/2014,7/7/2014,1,259,267,1,9,Construct,,,,,,,
P,ME,M23,W03a,PMEM23W03a,PMEM23W03a,7/16/2014,7/17/2014,2,258,234,2,-1,Construct,Code 03.,"Lift ""W03"" will be separated into ""W03a"" and ""W03b"". All quantities will be assigned to ""W03a2.",Code 03a.,P-P-S-3143-0001,,,
P,ME,M23,W03b,PMEM23W03b,PMEM23W03b,7/16/2014,7/17/2014,2,0,0,0,9,Construct,Code 03.,"Lift ""W03"" will be separated into ""W03a"" and ""W03b"". All quantities will be assigned to ""W03a2.",Code 03a.,P-P-S-3143-0001,,,
P,ME,M23,W02,PMEM23W02,PMEM23W02,7/26/2014,7/26/2014,1,202,175,1,117,Construct,,,,,,,
P,ME,M23,W01,PMEM23W01,PMEM23W01,11/20/2014,1/20/2015,62,78,82,2,,Construct,Code 02.,"Joining ""W01 (1st stage)"" and ""W01"" under the name of ""W01"".",Code 02a.,P-P-S-3140-0001,"model has no parts, joining pours",,
