Side,Structure,Monolith,Lift,Collated,Name,Actual Start,Actual End,Duration in days,Actual Quantity,Design Quantity,Number of Pours,Days before next lift,Activity Type,Revision Process,,,RFC,Note,Corrections
P,MW,M01,F03,PMWM01F03,PMWM01F03,11/26/2011,11/26/2011,1,460,450,1,73,Construct,.,,,,,
P,MW,M01,F02,PMWM01F02,PMWM01F02,02/07/2012,02/08/2012,2,606,515,2,5,Construct,,,,,,
P,MW,M01,F01,PMWM01F01,PMWM01F01,02/13/2012,02/13/2012,1,784.18,845,1,9,Construct,,,,,,
P,MW,M01,C10,PMWM01C10,PMWM01C10,02/22/2012,02/23/2012,2,1056,1056,2,6,Construct,,,,,,
P,MW,M01,C09,PMWM01C09,PMWM01C09,02/29/2012,03/01/2012,2,708,708,2,8,Construct,,,,,,
P,MW,M01,C08,PMWM01C08,PMWM01C08,03/09/2012,03/10/2012,2,226,226,2,6,Construct,,,,,,
P,MW,M01,C07,PMWM01C07,PMWM01C07,03/16/2012,03/19/2012,4,318,318,2,1,Construct,,,,,,
P,MW,M01,C06 a,PMWM01C06a,PMWM01C06a,03/20/2012,03/20/2012,1,0,0,0,-3,Construct,Code 01.,"A new row was  created under the name of ""C06a"" with 0 quantities and the date of the previous lift plus one day.",Code 01.,P-P-S-2201-0001,,
P,MW,M01,C06 b,PMWM01C06b,PMWM01C06b,03/17/2012,03/17/2012,1,0,0,0,13,Construct,Code 01.,"A new row was  created under the name of ""C06b"" with 0 quantities and the date of the previous lift plus one day.",Code 01.,P-P-S-2201-0001,,
P,MW,M01,C05 b,PMWM01C05b,PMWM01C05b,03/30/2012,03/31/2012,2,696,696,2,4,Construct,,,,,,
P,MW,M01,C05 a,PMWM01C05a,PMWM01C05a,04/04/2012,04/04/2012,1,180,180,1,34,Construct,,,,,,
P,MW,M01,C04 a,PMWM01C04a,PMWM01C04a,05/08/2012,05/08/2012,1,172,172,1,52,Construct,,,,,,
P,MW,M01,C04 b,PMWM01C04b,PMWM01C04b,06/29/2012,06/30/2012,2,664,457,2,-52,Construct,,,,,,
P,MW,M01,C03 a,PMWM01C03a,PMWM01C03a,05/09/2012,05/09/2012,1,0,0,0,52,Construct,Code 01.,"A new row was  created under the name of ""C03a"" with 0 quantities and the date of the previous lift plus one day.",Code 01.,P-P-S-2201-0001,,
P,MW,M01,C03 b,PMWM01C03b,PMWM01C03b,06/30/2012,06/30/2012,1,0,0,0,223,Construct,Code 01.,"A new row was  created under the name of ""C03b"" with 0 quantities and the date of the previous lift plus one day.",Code 01.,P-P-S-2201-0001,,
P,MW,M01,C02,PMWM01C02,PMWM01C02,02/08/2013,02/08/2013,1,385.18,360,1,6,Construct,,,,,,
P,MW,M01,C01,PMWM01C01,PMWM01C01,02/14/2013,03/01/2013,16,1227,1084,5,127,Construct,Code 02.,"Joining ""C01a"" and ""C01b"" under the name of ""C01""",Code 02.,P-P-S-2201-0001,"entry has no part a or b, joining pours",
P,MW,M01,W08,PMWM01W08,PMWM01W08,07/06/2013,07/06/2013,1,117,115,1,17,Construct,,,,,,
P,MW,M01,W07,PMWM01W07,PMWM01W07,07/23/2013,07/23/2013,1,205,185,1,59,Construct,,,,,,
P,MW,M01,W06,PMWM01W06,PMWM01W06,09/20/2013,09/21/2013,2,305,280,2,12,Construct,,,,,,
P,MW,M01,W05,PMWM01W05,PMWM01W05,10/03/2013,10/03/2013,1,281,282,1,8,Construct,,,,,,
P,MW,M01,W04,PMWM01W04,PMWM01W04,10/11/2013,10/11/2013,1,249,232,1,12,Construct,,,,,,
P,MW,M01,W03 b,PMWM01W03b,PMWM01W03b,10/23/2013,10/23/2013,1,141,143,1,10,Construct,,,,,,
P,MW,M01,W03 a,PMWM01W03a,PMWM01W03a,11/02/2013,11/02/2013,1,152,134,1,10,Construct,,,,,,
P,MW,M01,W02,PMWM01W02,PMWM01W02,11/12/2013,11/13/2013,2,121,104,2,367,Construct,,,,,,
P,MW,M01,W01,PMWM01W01,PMWM01W01,11/15/2014,11/15/2014,1,64,60,1,-1122,Construct,,,,,,
P,MW,M02,F03,PMWM02F03,PMWM02F03,10/20/2011,10/20/2011,1,480,427,1,55,Construct,,,,,,
P,MW,M02,F02,PMWM02F02,PMWM02F02,12/14/2011,12/15/2011,2,600,547,2,21,Construct,,,,,,
P,MW,M02,F01,PMWM02F01,PMWM02F01,01/05/2012,01/06/2012,2,1000.02,982,2,180,Construct,,,,,,
P,MW,M02,C06,PMWM02C06,PMWM02C06,07/04/2012,09/04/2012,63,403,329,4,-31,Construct,Code 02.,"Joining ""C06"" and ""C06-3"" under the name of ""C06""",Code 02a.,P-P-S-2223-0002,"C06 has only one entry in model, joining pours",
P,MW,M02,C04 a,PMWM02C04a,PMWM02C04a,08/04/2012,08/04/2012,1,160,160,1,35,Construct,,,,,,
P,MW,M02,C03 a,PMWM02C03a,PMWM02C03a,09/08/2012,09/08/2012,1,169,160,1,16,Construct,,,,,,
P,MW,M02,C05,PMWM02C05a,PMWM02C05a,09/24/2012,09/25/2012,2,397,354,2,-1,Construct,Code 03.,"Lift ""C05"" will be divided into ""C05a"" and ""C05b"".  All quantities will be assigned to ""C05a"".",Code 03a.,P-P-S-2223-0002,"model has 2 parts, duplicating pours.",
P,MW,M02,C05,PMWM02C05b,PMWM02C05b,09/24/2012,09/25/2012,2,0,0,0,3,Construct,Code 03.,"Lift ""C05"" will be divided into ""C05a"" and ""C05b"".  All quantities will be assigned to ""C05a"".",Code 03a.,P-P-S-2223-0002,,
P,MW,M02,C04 b,PMWM02C04b,PMWM02C04b,09/28/2012,09/29/2012,2,224,225,2,0,Construct,,,,,,
P,MW,M02,C03 a,PMWM02C03a,PMWM02C03a,09/29/2012,09/29/2012,1,0,0,0,9,Construct,Code 01.,"A new row was  created under the name of ""C03a"" with 0 quantities and the date of the previous lift plus one day.",Code 01a.,P-P-S-2223-0002,,
P,MW,M02,C03 b,PMWM02C03b,PMWM02C03b,10/08/2012,10/09/2012,2,504,475,2,66,Construct,,,,,,
P,MW,M02,C02a,PMWM02C02a,PMWM02C02a,12/14/2012,12/15/2012,2,321,330,2,-1,Construct,Code 03.,"Lift ""C02"" will be divided into ""C02a"" and ""C02b"".  All quantities will be assigned to ""C02a"".",Code 03a.,P-P-S-2223-0002,"lift has part a and b, duplicating pour",
P,MW,M02,C02b,PMWM02C02b,PMWM02C02b,12/14/2012,12/15/2012,2,0,0,0,4,Construct,Code 03.,"Lift ""C02"" will be divided into ""C02a"" and ""C02b"".  All quantities will be assigned to ""C02a"".",Code 03a.,P-P-S-2223-0002,,
P,MW,M02,C01,PMWM02C01,PMWM02C01,12/19/2012,01/09/2013,22,1112,1117,4,113,Construct,Code 02.,"Joining ""C01a"" and ""C01b"" under the name of ""C01""",Code 02a.,P-P-S-2223-0002,"entry has no part a or b, joining pours",
P,MW,M02,W09,PMWM02W09,PMWM02W09,05/02/2013,05/02/2013,1,257,260,1,32,Construct,,,,,,
P,MW,M02,W08,PMWM02W08,PMWM02W08,06/03/2013,06/04/2013,2,411,420,2,15,Construct,,,,,,
P,MW,M02,W07,PMWM02W07,PMWM02W07,06/19/2013,06/19/2013,1,345,350,1,43,Construct,,,,,,
P,MW,M02,W06,PMWM02W06,PMWM02W06,08/01/2013,08/02/2013,2,285,280,2,11,Construct,,,,,,
P,MW,M02,W05,PMWM02W05,PMWM02W05,08/13/2013,08/14/2013,2,314,283,2,12,Construct,,,,,,
P,MW,M02,W04,PMWM02W04,PMWM02W04,08/26/2013,08/26/2013,1,253,232,1,14,Construct,,,,,,
P,MW,M02,W03 b,PMWM02W03b,PMWM02W03b,09/09/2013,09/10/2013,2,150,143,2,73,Construct,,,,,,
P,MW,M02,W03 a,PMWM02W03a,PMWM02W03a,11/22/2013,11/23/2013,2,162,134,2,5,Construct,,,,,,
P,MW,M02,W02,PMWM02W02,PMWM02W02,11/28/2013,11/29/2013,2,105,97,2,334,Construct,,,,,,
P,MW,M02,W01,PMWM02W01,PMWM02W01,10/29/2014,10/29/2014,1,71,75,1,-1124,Construct,,,,,,
P,MW,M03,F03,PMWM03F03,PMWM03F03,10/01/2011,10/01/2011,1,416,429,1,122,Construct,,,,,,
P,MW,M03,F02,PMWM03F02,PMWM03F02,01/31/2012,02/01/2012,2,616,787,2,9,Construct,,,,,,
P,MW,M03,F01,PMWM03F01,PMWM03F01,02/10/2012,02/11/2012,2,1120.28,851,2,20,Construct,,,,,,
P,MW,M03,C04 a,PMWM03C04a,PMWM03C04a,03/02/2012,03/03/2012,2,183,183,2,4,Construct,,,,,,
P,MW,M03,C04 c,PMWM03C04c,PMWM03C04c,03/07/2012,03/07/2012,1,94,94,1,6,Construct,,,,,,
P,MW,M03,C03 a,PMWM03C03a,PMWM03C03a,03/13/2012,03/14/2012,2,161,161,2,9,Construct,,,,,,
P,MW,M03,C03 c,PMWM03C03c,PMWM03C03c,03/23/2012,03/23/2012,1,89,89,1,4,Construct,,,,,,
P,MW,M03,C04 b,PMWM03C04b,PMWM03C04b,03/27/2012,04/02/2012,7,212,139,2,17,Construct,,,,,,
P,MW,M03,C03 b,PMWM03C03b,PMWM03C03b,04/19/2012,04/20/2012,2,204,194,2,41,Construct,,,,,,
P,MW,M03,C02,PMWM03C02,PMWM03C02,05/31/2012,06/01/2012,2,336,299,2,10,Construct,,,,,,
P,MW,M03,C01,PMWM03C01,PMWM03C01,06/11/2012,06/25/2012,15,1088,999,3,12,Construct,Code 02.,"Joining ""C01a"" and ""C01b"" under the name of ""C01""",Code 02a.,P-P-S-2243-0002,"entry has no part a or b, joining pours",
P,MW,M03,W09,PMWM03W09,PMWM03W09,07/07/2012,07/07/2012,1,496,494,1,10,Construct,,,,,,
P,MW,M03,W08,PMWM03W08,PMWM03W08,07/17/2012,07/17/2012,1,424,419,1,7,Construct,,,,,,
P,MW,M03,W07,PMWM03W07,PMWM03W07,07/24/2012,07/25/2012,2,323,344,2,9,Construct,,,,,,
P,MW,M03,W06,PMWM03W06,PMWM03W06,08/03/2012,08/04/2012,2,288,279,2,6,Construct,,,,,,
P,MW,M03,W05,PMWM03W05,PMWM03W05,08/10/2012,08/10/2012,1,283,273,1,7,Construct,,,,,,
P,MW,M03,W04,PMWM03W04,PMWM03W04,08/17/2012,08/18/2012,2,237,233,2,9,Construct,,,,,,
P,MW,M03,W03 b,PMWM03W03b,PMWM03W03b,08/27/2012,08/28/2012,2,152,134,2,230,Construct,,,,,,
P,MW,M03,W03 a,PMWM03W03a,PMWM03W03a,04/15/2013,04/16/2013,2,193,143,2,247,Construct,,,,,,
P,MW,M03,W02,PMWM03W02,PMWM03W02,12/19/2013,12/19/2013,1,109,97,1,308,Construct,,,,,,
P,MW,M03,W01,PMWM03W01,PMWM03W01,10/23/2014,10/23/2014,1,75,75,1,-1092,Construct,,,,,,
P,MW,M04,F03,PMWM04F03,PMWM04F03,10/27/2011,10/28/2011,2,464,429,2,40,Construct,,,,,,
P,MW,M04,F02,PMWM04F02,PMWM04F02,12/07/2011,12/07/2011,1,812,787,1,13,Construct,,,,,,
P,MW,M04,F01,PMWM04F01,PMWM04F01,12/20/2011,12/21/2011,2,868,851,2,96,Construct,,,,,,
P,MW,M04,C04 a,PMWM04C04a,PMWM04C04a,03/26/2012,03/26/2012,1,202,202,1,14,Construct,,,,,,
P,MW,M04,C04 c,PMWM04C04c,PMWM04C04c,04/09/2012,04/09/2012,1,96,96,1,12,Construct,,,,,,
P,MW,M04,C03 a,PMWM04C03a,PMWM04C03a,04/21/2012,04/22/2012,2,200,200,2,9,Construct,,,,,,
P,MW,M04,C03 c,PMWM04C03c,PMWM04C03c,05/01/2012,05/01/2012,1,84,84,1,115,Construct,,,,,,
P,MW,M04,C04 b,PMWM04C04b,PMWM04C04b,08/24/2012,08/25/2012,2,233,118,2,34,Construct,,,,,,
P,MW,M04,C03 b,PMWM04C03b,PMWM04C03b,09/28/2012,09/29/2012,2,212,160,2,23,Construct,,,,,,
P,MW,M04,C02,PMWM04C02,PMWM04C02,10/22/2012,10/22/2012,1,329,299,1,7,Construct,,,,,,
P,MW,M04,C01,PMWM04C01,PMWM04C01,10/29/2012,11/14/2012,17,1025.48,999,4,240,Construct,Code 02.,"Joining ""C01a"" and ""C01b"" under the name of ""C01""",Code 02a.,P-P-S-2263-0002,"entry has no part a or b, joining pours",
P,MW,M04,W09,PMWM04W09,PMWM04W09,07/12/2013,07/13/2013,2,569,494,2,17,Construct,,,,,,
P,MW,M04,W08,PMWM04W08,PMWM04W08,07/30/2013,07/31/2013,2,419,419,2,20,Construct,,,,,,
P,MW,M04,W07,PMWM04W07,PMWM04W07,08/20/2013,08/21/2013,2,348,344,2,15,Construct,,,,,,
P,MW,M04,W06,PMWM04W06,PMWM04W06,09/05/2013,09/06/2013,2,293,279,2,32,Construct,,,,,,
P,MW,M04,W05,PMWM04W05,PMWM04W05,10/08/2013,10/08/2013,1,273,281,1,31,Construct,,,,,,
P,MW,M04,W04,PMWM04W04,PMWM04W04,11/08/2013,11/08/2013,1,225,233,1,15,Construct,,,,,,
P,MW,M04,W03,PMWM04W03b,PMWM04W03b,11/23/2013,11/23/2013,1,208,240,1,1,Construct,Code 03.,"Lift ""W03"" will be divided into ""W03a"" and ""W03b"".  All quantities will be assigned to ""W03b"".",Code 03a.,P-P-S-2263-0002,,
P,MW,M04,W03,PMWM04W03a,PMWM04W03a,11/24/2013,11/24/2013,1,0,0,0,20,Construct,Code 03.,"Lift ""W03"" will be divided into ""W03a"" and ""W03b"".  All quantities will be assigned to ""W03b"".",Code 03a.,P-P-S-2263-0002,,
P,MW,M04,W02,PMWM04W02,PMWM04W02,12/14/2013,12/14/2013,1,181,175,1,300,Construct,,,,,,
P,MW,M04,W01,PMWM04W01,PMWM04W01,10/10/2014,10/10/2014,1,72,69,1,-967,Construct,,,,,,
P,MW,M05,F03,PMWM05F03,PMWM05F03,02/16/2012,02/17/2012,2,484,429,2,11,Construct,,,,,,
P,MW,M05,F02,PMWM05F02,PMWM05F02,02/28/2012,02/29/2012,2,840,787,2,40,Construct,,,,,,
P,MW,M05,F01,PMWM05F01,PMWM05F01,04/09/2012,04/10/2012,2,905,851,2,39,Construct,,,,,,
P,MW,M05,C04 a,PMWM05C04a,PMWM05C04a,05/19/2012,05/22/2012,4,192,192,2,16,Construct,,,,,,
P,MW,M05,C03 a,PMWM05C03a,PMWM05C03a,06/07/2012,06/07/2012,1,169,169,1,0,Construct,,,,,,
P,MW,M05,C04 c,PMWM05C04c,PMWM05C04c,06/07/2012,06/07/2012,1,88,88,1,23,Construct,,,,,,
P,MW,M05,C03 c,PMWM05C03c,PMWM05C03c,06/30/2012,06/30/2012,1,81,81,1,14,Construct,,,,,,
P,MW,M05,C04 b,PMWM05C04b,PMWM05C04b,07/14/2012,07/14/2012,1,216,136,1,10,Construct,,,,,,
P,MW,M05,C03 b,PMWM05C03b,PMWM05C03b,07/24/2012,07/24/2012,1,204,194,1,93,Construct,,,,,,
P,MW,M05,C02,PMWM05C02,PMWM05C02,10/25/2012,10/25/2012,1,313,299,1,12,Construct,,,,,,
P,MW,M05,C01,PMWM05C01,PMWM05C01,11/06/2012,11/17/2012,12,975,999,3,312,Construct,,,,,,
P,MW,M05,W09,PMWM05W09,PMWM05W09,09/25/2013,09/26/2013,2,481,494,2,19,Construct,,,,,,
P,MW,M05,W08,PMWM05W08,PMWM05W08,10/15/2013,10/15/2013,1,425,419,1,8,Construct,,,,,,
P,MW,M05,W07,PMWM05W07,PMWM05W07,10/23/2013,10/23/2013,1,344,344,1,82,Construct,,,,,,
P,MW,M05,W06,PMWM05W06,PMWM05W06,01/13/2014,01/13/2014,1,313,280,1,17,Construct,,,,,,
P,MW,M05,W05,PMWM05W05,PMWM05W05,01/30/2014,01/30/2014,1,296,282,1,50,Construct,,,,,,
P,MW,M05,W04,PMWM05W04,PMWM05W04,03/21/2014,03/21/2014,1,257,233,1,15,Construct,,,,,,
P,MW,M05,W03b,PMWM05W03b,PMWM05W03b,04/05/2014,04/05/2014,1,211,211,1,1,Construct,Code 03.,"Lift ""W03"" will be divided into ""W03a"" and ""W03b"".  All quantities will be assigned to ""W03b"".",Code 03a.,P-P-S-2283-0002,,
P,MW,M05,W03a,PMWM05W03a,PMWM05W03a,04/06/2014,04/06/2014,1,0,0,0,36,Construct,Code 03.,"Lift ""W03"" will be divided into ""W03a"" and ""W03b"".  All quantities will be assigned to ""W03b"".",Code 03a.,P-P-S-2283-0002,,
P,MW,M05,W02,PMWM05W02,PMWM05W02,05/12/2014,05/12/2014,1,189,170,1,144,Construct,,,,,,
P,MW,M05,W01,PMWM05W01,PMWM05W01,10/03/2014,10/03/2014,1,70,102,1,-833,Construct,,,,,,
P,MW,M06,F03,PMWM06F03,PMWM06F03,06/22/2012,06/22/2012,1,290,248,1,26,Construct,,,,,,
P,MW,M06,F02,PMWM06F02,PMWM06F02,07/18/2012,07/19/2012,2,488,472,2,9,Construct,,,,,,
P,MW,M06,F01,PMWM06F01,PMWM06F01,07/28/2012,03/05/2013,221,549,512,3,1,Construct,Code 02.,"Joining ""F01"", ""F01b"" and ""F01c"" under the name of ""F01""",Code 02a.,P-P-S-2302-0001,"entry has no subdivisions in model, joining pours",
P,MW,M06,C04 b,PMWM06C04b,PMWM06C04b,03/06/2013,03/06/2013,1,125,111,1,14,Construct,,,,,,
P,MW,M06,C04 c,PMWM06C04c,PMWM06C04c,03/20/2013,03/20/2013,1,49,46,1,57,Construct,,,,,,
P,MW,M06,C03 b,PMWM06C03b,PMWM06C03b,05/16/2013,05/16/2013,1,112,122,1,4,Construct,,,,,,
P,MW,M06,C04 a,PMWM06C04a,PMWM06C04a,05/20/2013,05/20/2013,1,145,94,1,3,Construct,,,,,,
P,MW,M06,C03 c,PMWM06C03c,PMWM06C03c,05/23/2013,05/24/2013,2,57,46,2,4,Construct,,,,,,
P,MW,M06,C03 a,PMWM06C03a,PMWM06C03a,05/28/2013,05/28/2013,1,129,94,1,29,Construct,,,,,,
P,MW,M06,C02,PMWM06C02,PMWM06C02,06/26/2013,06/26/2013,1,193,193,1,7,Construct,,,,,,
P,MW,M06,C01,PMWM06C01,PMWM06C01,07/03/2013,07/19/2013,17,622,602,3,19,Construct,Code 02.,"Joining ""C01a"" and ""C01b"" under the name of ""C01""",Code 02a.,P-P-S-2302-0001,"entry has no subdivisions in model, joining pours",
P,MW,M06,W09,PMWM06W09,PMWM06W09,08/07/2013,08/07/2013,1,301,296,1,20,Construct,,,,,,
P,MW,M06,W08,PMWM06W08,PMWM06W08,08/27/2013,08/28/2013,2,294,247,2,16,Construct,,,,,,
P,MW,M06,W07,PMWM06W07,PMWM06W07,09/13/2013,09/13/2013,1,197,202,1,256,Construct,,,,,,
P,MW,M06,W06,PMWM06W06,PMWM06W06,05/27/2014,05/27/2014,1,160,160,1,11,Construct,,,,,,
P,MW,M06,W05,PMWM06W05,PMWM06W05,06/07/2014,06/07/2014,1,144,159,1,16,Construct,,,,,,
P,MW,M06,W04,PMWM06W04,PMWM06W04,06/23/2014,06/23/2014,1,135,129,1,15,Construct,,,,,,
P,MW,M06,W03b,PMWM06W03b,PMWM06W03b,07/08/2014,07/08/2014,1,128,120,1,1,Construct,Code 03.,"Lift ""W03"" will be divided into ""W03a"" and ""W03b"".  All quantities will be assigned to ""W03b"".",Code 03a.,P-P-S-2303-0001,,
P,MW,M06,W03a,PMWM06W03a,PMWM06W03a,07/09/2014,07/09/2014,1,0,0,0,13,Construct,Code 03.,"Lift ""W03"" will be divided into ""W03a"" and ""W03b"".  All quantities will be assigned to ""W03b"".",Code 03a.,P-P-S-2303-0001,,
P,MW,M06,W02,PMWM06W02,PMWM06W02,07/22/2014,07/22/2014,1,108,105,1,112,Construct,,,,,,
P,MW,M06,W01,PMWM06W01,PMWM06W01,11/11/2014,11/11/2014,1,40,40,1,-477,Construct,,,,,,
P,MW,M07,F02,PMWM07F02,PMWM07F02,07/22/2013,07/23/2013,2,1061,1005,2,23,Construct,,,,,,
P,MW,M07,F01,PMWM07F01,PMWM07F01,08/15/2013,09/06/2013,23,1044,1075,3,4,Construct,Code 02.,"Joining ""F01"" and ""F01b"" under the name of ""F01""",Code 02a.,P-P-S-2323-0002,"entry has no subdivisions in model, joining pours",
P,MW,M07,C04 a,PMWM07C04a,PMWM07C04a,09/10/2013,09/11/2013,2,275,213,2,26,Construct,,,,,"model is not separated,review model",Fixed
P,MW,M07,C04 c,PMWM07C04c,PMWM07C04c,10/07/2013,10/08/2013,2,125,106,2,1,Construct,,,,,,
P,MW,M07,C03 a,PMWM07C03a,PMWM07C03a,10/09/2013,10/10/2013,2,209,213,2,20,Construct,,,,,"model is not separated,review model",Fixed
P,MW,M07,C03 c,PMWM07C03c,PMWM07C03c,10/30/2013,10/31/2013,2,109,106,2,0,Construct,,,,,,
P,MW,M07,C04b,PMWM07C04b,PMWM07C04b,10/31/2013,11/01/2013,2,238,217,2,18,Construct,,,,,,
P,MW,M07,C03 b,PMWM07C03b,PMWM07C03b,11/19/2013,11/20/2013,2,249,257,2,22,Construct,,,,,,
P,MW,M07,C02,PMWM07C02,PMWM07C02,12/12/2013,12/13/2013,2,490,490,2,7,Construct,,,,,,
P,MW,M07,C01,PMWM07C01,PMWM07C01,12/20/2013,01/14/2014,26,1379,1354,3,56,Construct,Code 02.,"Joining ""C01a"" and ""C01b"" under the name of ""C01""",Code 02a.,P-P-S-2323-0002,"entry has no subdivisions in model, joining pours",
P,MW,M07,W09,PMWM07W09,PMWM07W09,03/11/2014,03/11/2014,1,649,649,1,14,Construct,,,,,,
P,MW,M07,W08,PMWM07W08,PMWM07W08,03/25/2014,03/25/2014,1,549,545,1,17,Construct,,,,,,
P,MW,M07,W07,PMWM07W07,PMWM07W07,04/11/2014,04/11/2014,1,423,441,1,36,Construct,,,,,,
P,MW,M07,W06,PMWM07W06,PMWM07W06,05/17/2014,05/17/2014,1,352,350,1,17,Construct,,,,,,
P,MW,M07,W05,PMWM07W05,PMWM07W05,06/03/2014,06/03/2014,1,308,349,1,14,Construct,,,,,,
P,MW,M07,W04,PMWM07W04,PMWM07W04,06/17/2014,06/17/2014,1,272,280,1,15,Construct,,,,,,
P,MW,M07,W03,PMWM07W03,PMWM07W03,07/02/2014,07/02/2014,1,244,292,1,13,Construct,,,,,,
P,MW,M07,W02,PMWM07W02,PMWM07W02,07/15/2014,07/15/2014,1,256,248,1,48,Construct,,,,,,
P,MW,M07,W01,PMWM07W01,PMWM07W01,09/01/2014,09/01/2014,1,128,117,1,-859,Construct,,,,,,
P,MW,M08,F03,PMWM08F03,PMWM08F03,04/25/2012,04/26/2012,2,462,414,2,16,Construct,,,,,,
P,MW,M08,F02,PMWM08F02,PMWM08F02,05/12/2012,05/13/2012,2,820,779,2,11,Construct,,,,,,
P,MW,M08,F01,PMWM08F01,PMWM08F01,05/24/2012,12/19/2012,210,885,841,4,7,Construct,Code 02.,"Joining ""F01"", ""F01a"" ""F01b"" and ""F01c"" under the name of ""F01""",Code 02a.,P-P-S-2341-0002,"entry has no subdivisions in model, joining pours",
P,MW,M08,C04 a,PMWM08C04a,PMWM08C04a,12/26/2012,12/27/2012,2,185,154,2,8,Construct,,,,,,
P,MW,M08,C04 c,PMWM08C04c,PMWM08C04c,01/04/2013,01/04/2013,1,72,0,1,17,Construct,,,,,,
P,MW,M08,C03 a,PMWM08C03a,PMWM08C03a,01/21/2013,01/24/2013,4,185,182,2,-2,Construct,,,,,,
P,MW,M08,C03 c,PMWM08C03c,PMWM08C03c,01/22/2013,01/22/2013,1,92,76,1,0,Construct,,,,,,
P,MW,M08,C04 b,PMWM08C04b,PMWM08C04b,01/22/2013,01/22/2013,1,166,182,1,8,Construct,,,,,,
P,MW,M08,C03 b,PMWM08C03b,PMWM08C03b,01/30/2013,01/31/2013,2,192,200,2,9,Construct,,,,,,
P,MW,M08,C02,PMWM08C02,PMWM08C02,02/09/2013,02/09/2013,1,293,299,1,6,Construct,,,,,,
P,MW,M08,C01,PMWM08C01,PMWM08C01,02/15/2013,02/27/2013,13,1077,999,4,49,Construct,Code 02.,"Joining ""C01a"" and ""C01b"" under the name of ""C01""",Code 02a.,P-P-S-2341-0002,"entry has no subdivisions in model, joining pours",
P,MW,M08,W09,PMWM08W09,PMWM08W09,04/17/2013,04/18/2013,2,593,479,2,23,Construct,,,,,,
P,MW,M08,W08,PMWM08W08,PMWM08W08,05/11/2013,05/11/2013,1,401,404,1,13,Construct,,,,,,
P,MW,M08,W07,PMWM08W07,PMWM08W07,05/24/2013,05/25/2013,2,339,392,2,193,Construct,,,,,,
P,MW,M08,W06,PMWM08W06,PMWM08W06,12/04/2013,12/04/2013,1,284,264,1,15,Construct,,,,,,
P,MW,M08,W05,PMWM08W05,PMWM08W05,12/19/2013,12/19/2013,1,272,217,1,35,Construct,,,,,,
P,MW,M08,W04,PMWM08W04,PMWM08W04,01/23/2014,01/23/2014,1,222,217,1,51,Construct,,,,,,
P,MW,M08,W03,PMWM08W03,PMWM08W03,03/15/2014,03/15/2014,1,214,211,1,20,Construct,,,,,,
P,MW,M08,W02,PMWM08W02,PMWM08W02,04/04/2014,04/04/2014,1,200,175,1,130,Construct,,,,,,
P,MW,M08,W01,PMWM08W01,PMWM08W01,08/12/2014,08/12/2014,1,67,76,1,-1035,Construct,,,,,,
P,MW,M09,F03,PMWM09F03,PMWM09F03,10/12/2011,10/12/2011,1,461,429,1,45,Construct,,,,,,
P,MW,M09,F02,PMWM09F02,PMWM09F02,11/26/2011,11/26/2011,1,808,787,1,9,Construct,,,,,,
P,MW,M09,F01,PMWM09F01,PMWM09F01,12/05/2011,12/06/2011,2,846,851,2,69,Construct,,,,,,
P,MW,M09,C04 c,PMWM09C04c,PMWM09C04c,02/13/2012,02/14/2012,2,88,88,2,-1,Construct,,,,,,
P,MW,M09,C04 a,PMWM09C04a,PMWM09C04a,02/13/2012,02/13/2012,1,218,218,1,12,Construct,,,,,,
P,MW,M09,C03 a,PMWM09C03a,PMWM09C03a,02/25/2012,02/25/2012,1,176.98,176.98,1,7,Construct,,,,,,
P,MW,M09,C03 c,PMWM09C03c,PMWM09C03c,03/03/2012,03/03/2012,1,81,81,1,5,Construct,,,,,,
P,MW,M09,C04 b,PMWM09C04b,PMWM09C04b,03/08/2012,10/16/2012,223,200,213,3,35,Construct,,,,,,
P,MW,M09,C03 b,PMWM09C03b,PMWM09C03b,11/20/2012,11/21/2012,2,200,186,2,27,Construct,,,,,,
P,MW,M09,C02,PMWM09C02,PMWM09C02,12/18/2012,12/19/2012,2,394,299,2,8,Construct,,,,,,
P,MW,M09,C01,PMWM09C01,PMWM09C01,12/27/2012,01/14/2013,19,1094,999,3,56,Construct,Code 02.,"Joining ""C01a"" and ""C01b"" under the name of ""C01""",Code 02a.,P-P-S-2363-0002,"entry has no subdivisions in model, joining pours",
P,MW,M09,W09,PMWM09W09,PMWM09W09,03/11/2013,03/12/2013,2,494,494,2,92,Construct,,,,,,
P,MW,M09,W08,PMWM09W08,PMWM09W08,06/12/2013,06/12/2013,1,409,419,1,8,Construct,,,,,,
P,MW,M09,W07,PMWM09W07,PMWM09W07,06/20/2013,06/20/2013,1,337,344,1,274,Construct,,,,,,
P,MW,M09,W06,PMWM09W06,PMWM09W06,03/21/2014,03/21/2014,1,248,279,1,14,Construct,,,,,,
P,MW,M09,W05,PMWM09W05,PMWM09W05,04/04/2014,04/04/2014,1,272,282,1,17,Construct,,,,,,
P,MW,M09,W04,PMWM09W04,PMWM09W04,04/21/2014,04/21/2014,1,242,232,1,24,Construct,,,,,,
P,MW,M09,W03b,PMWM09W03b,PMWM09W03b,05/15/2014,05/15/2014,1,200,211,1,1,Construct,Code 03.,"Lift ""W03"" will be divided into ""W03a"" and ""W03b"".  All quantities will be assigned to ""W03b"".",Code 03a.,P-P-S-2363-0002,,
P,MW,M09,W03a,PMWM09W03a,PMWM09W03a,05/16/2014,05/16/2014,1,0,0,0,7,Construct,Code 03.,"Lift ""W03"" will be divided into ""W03a"" and ""W03b"".  All quantities will be assigned to ""W03b"".",Code 03a.,P-P-S-2363-0002,,
P,MW,M09,W02,PMWM09W02,PMWM09W02,05/23/2014,05/23/2014,1,165,182,1,49,Construct,,,,,,
P,MW,M09,W01,PMWM09W01,PMWM09W01,07/11/2014,11/01/2014,114,80,77,2,-1104,Construct,,,,,,
P,MW,M10,F03,PMWM10F03,PMWM10F03,10/24/2011,10/24/2011,1,464,429,1,56,Construct,,,,,,
P,MW,M10,F02,PMWM10F02,PMWM10F02,12/19/2011,12/20/2011,2,778,787,2,349,Construct,,,,,,
P,MW,M10,F01,PMWM10F01,PMWM10F01,12/03/2012,01/13/2012,-324,912.14,851,3,60,Construct,Code 02.,"Joining ""F01"" and ""F01b"" under the name of ""F01""",Code 02a.,P-P-S-2382-0001,"entry has no subdivisions in model, joining pours",
P,MW,M10,C04 a,PMWM10C04a,PMWM10C04a,03/13/2012,03/13/2012,1,216.54,155,1,7,Construct,,,,,,
P,MW,M10,C04 c,PMWM10C04c,PMWM10C04c,03/20/2012,03/20/2012,1,97,80,1,2,Construct,,,,,,
P,MW,M10,C03 a,PMWM10C03a,PMWM10C03a,03/22/2012,03/23/2012,2,240.5,240.5,2,89,Construct,,,,,,
P,MW,M10,C03 c,PMWM10C03c,PMWM10C03c,06/20/2012,06/20/2012,1,82,82,1,175,Construct,,,,,,
P,MW,M10,C04 b,PMWM10C04b,PMWM10C04b,12/12/2012,12/13/2012,2,183,181,2,9,Construct,,,,,,
P,MW,M10,C03 b,PMWM10C03b,PMWM10C03b,12/22/2012,12/22/2012,1,210,121.5,1,32,Construct,,,,,,
P,MW,M10,C02,PMWM10C02,PMWM10C02,01/23/2013,01/23/2013,1,321,299,1,3,Construct,,,,,,
P,MW,M10,C01,PMWM10C01,PMWM10C01,01/26/2013,02/07/2013,13,1105,999,3,77,Construct,Code 02.,"Joining ""C01a"" and ""C01b"" under the name of ""C01""",Code 02a.,P-P-S-2382-0001,"entry has no subdivisions in model, joining pours",
P,MW,M10,W09,PMWM10W09,PMWM10W09,04/25/2013,04/25/2013,1,518,494,1,20,Construct,,,,,,
P,MW,M10,W08,PMWM10W08,PMWM10W08,05/15/2013,05/16/2013,2,470,419,2,18,Construct,,,,,,
P,MW,M10,W07,PMWM10W07,PMWM10W07,06/03/2013,06/04/2013,2,377,344,2,167,Construct,,,,,,
P,MW,M10,W06,PMWM10W06,PMWM10W06,11/18/2013,11/18/2013,1,261,279,1,11,Construct,,,,,,
P,MW,M10,W05,PMWM10W05,PMWM10W05,11/29/2013,11/29/2013,1,309,283,1,17,Construct,,,,,,
P,MW,M10,W04,PMWM10W04,PMWM10W04,12/16/2013,12/16/2013,1,240,233,1,30,Construct,,,,,,
P,MW,M10,W03b,PMWM10W03b,PMWM10W03b,01/15/2014,01/15/2014,1,200,211,1,1,Construct,Code 03.,"Lift ""W03"" will be divided into ""W03a"" and ""W03b"".  All quantities will be assigned to ""W03b"".",Code 03a.,P-P-S-2383-0002,,
P,MW,M10,W03a,PMWM10W03a,PMWM10W03a,01/16/2014,01/16/2014,1,0,0,0,15,Construct,Code 03.,"Lift ""W03"" will be divided into ""W03a"" and ""W03b"".  All quantities will be assigned to ""W03b"".",Code 03a.,P-P-S-2383-0002,,
P,MW,M10,W02,PMWM10W02,PMWM10W02,01/31/2014,01/31/2014,1,185,184,1,173,Construct,,,,,,
P,MW,M10,W01,PMWM10W01,PMWM10W01,07/23/2014,07/23/2014,1,68,69,1,-1009,Construct,,,,,,
P,MW,M11,F03,PMWM11F03,PMWM11F03,10/18/2011,10/18/2011,1,196,179,1,42,Construct,,,,,,
P,MW,M11,F02,PMWM11F02,PMWM11F02,11/29/2011,11/30/2011,2,368,328,2,6,Construct,,,,,,
P,MW,M11,F01,PMWM11F01,PMWM11F01,12/06/2011,12/07/2011,2,344,358,2,56,Construct,,,,,,
P,MW,M11,C04 a,PMWM11C04a,PMWM11C04a,02/01/2012,02/01/2012,1,90,90,1,1,Construct,,,,,,
P,MW,M11,C04 c,PMWM11C04c,PMWM11C04c,02/02/2012,02/02/2012,1,40,40,1,11,Construct,,,,,,
P,MW,M11,C04 b,PMWM11C04b,PMWM11C04b,02/13/2012,02/13/2012,1,101,53,1,3,Construct,,,,,,
P,MW,M11,C03 a,PMWM11C03a,PMWM11C03a,02/16/2012,02/16/2012,1,64,64,1,2,Construct,,,,,,
P,MW,M11,C03 c,PMWM11C03c,PMWM11C03c,02/18/2012,02/18/2012,1,37,37,1,5,Construct,,,,,,
P,MW,M11,C03 b,PMWM11C03b,PMWM11C03b,02/23/2012,02/23/2012,1,92,88,1,371,Construct,,,,,,
P,MW,M11,C02,PMWM11C02,PMWM11C02,02/28/2013,02/28/2013,1,145,127,1,8,Construct,,,,,,
P,MW,M11,C01,PMWM11C01,PMWM11C01,03/08/2013,03/16/2013,9,438,418,2,115,Construct,Code 02.,"Joining ""C01a"" and ""C01b"" under the name of ""C01""",Code 02a.,P-P-S-2401-0001,"entry has no subdivisions in model, joining pours",
P,MW,M11,W09,PMWM11W09,PMWM11W09,07/09/2013,07/10/2013,2,216,210,2,7,Construct,,,,,,
P,MW,M11,W08,PMWM11W08,PMWM11W08,07/17/2013,07/17/2013,1,176,179,1,10,Construct,,,,,,
P,MW,M11,W07,PMWM11W07,PMWM11W07,07/27/2013,07/27/2013,1,152,148,1,233,Construct,,,,,,
P,MW,M11,W06,PMWM11W06,PMWM11W06,03/17/2014,03/17/2014,1,108,120,1,15,Construct,,,,,,
P,MW,M11,W05,PMWM11W05,PMWM11W05,04/01/2014,04/01/2014,1,120,122,1,14,Construct,,,,,,
P,MW,M11,W04,PMWM11W04,PMWM11W04,04/15/2014,04/15/2014,1,112,110,1,31,Construct,,,,,,
P,MW,M11,W03b,PMWM11W03b,PMWM11W03b,05/16/2014,05/16/2014,1,88,88,1,1,Construct,Code 03.,"Lift ""W03"" will be divided into ""W03a"" and ""W03b"".  All quantities will be assigned to ""W03b"".",Code 03a.,P-P-S-2403-0001,,
P,MW,M11,W03a,PMWM11W03a,PMWM11W03a,05/17/2014,05/17/2014,1,0,0,0,16,Construct,Code 03.,"Lift ""W03"" will be divided into ""W03a"" and ""W03b"".  All quantities will be assigned to ""W03b"".",Code 03a.,P-P-S-2403-0001,,
P,MW,M11,W02,PMWM11W02,PMWM11W02,06/02/2014,06/02/2014,1,72,74,1,59,Construct,,,,,,
P,MW,M11,W01,PMWM11W01,PMWM11W01,07/31/2014,07/31/2014,1,25,22,1,-873,Construct,,,,,,
P,MW,M12,F03,PMWM12F03,PMWM12F03,03/10/2012,03/11/2012,2,736,675,2,8,Construct,,,,,,
P,MW,M12,F02,PMWM12F02,PMWM12F02,03/19/2012,03/20/2012,2,803,810,2,22,Construct,,,,,,
P,MW,M12,F01a,PMWM12F01a,PMWM12F01a,04/11/2012,04/11/2012,1,704,704,1,273,Construct,Code 05.,"Lift ""F01"" will be renamed as F01a to match the drawing.",Code 05a.,P-P-S-2421-0002,"model has only part a and b, joining pours",
P,MW,M12,F01 b,PMWM12F01b,PMWM12F01b,01/09/2013,01/17/2013,9,198,163,3,8,Construct,Code 02.,"Joining ""F01a"", ""F01b"" and ""F01c"" under the name of ""F01b""",Code 02a.,P-P-S-2421-0002,,
P,MW,M12,C04 b,PMWM12C04b,PMWM12C04b,01/25/2013,01/25/2013,1,183,182,1,5,Construct,,,,,,
P,MW,M12,C04 a,PMWM12C04a,PMWM12C04a,01/30/2013,01/30/2013,1,198,165,1,2,Construct,,,,,,
P,MW,M12,C04 c,PMWM12C04c,PMWM12C04c,02/01/2013,02/02/2013,2,173,156,2,6,Construct,,,,,,
P,MW,M12,C03 b,PMWM12C03b,PMWM12C03b,02/08/2013,02/08/2013,1,216,200,1,7,Construct,,,,,,
P,MW,M12,C03 a,PMWM12C03a,PMWM12C03a,02/15/2013,02/16/2013,2,176,165,2,2,Construct,,,,,,
P,MW,M12,C03 c,PMWM12C03c,PMWM12C03c,02/18/2013,02/19/2013,2,152,156,2,43,Construct,,,,,,
P,MW,M12,C02,PMWM12C02,PMWM12C02,04/03/2013,04/04/2013,2,416,325,2,6,Construct,,,,,,
P,MW,M12,C01,PMWM12C01,PMWM12C01,04/10/2013,04/27/2013,18,1040,1050,2,38,Construct,Code 02.,"Joining ""C01a"" and ""C01b"" under the name of ""C01""",Code 02a.,P-P-S-2421-0002,"entry has no subdivisions in model, joining pours",
P,MW,M12,W09,PMWM12W09,PMWM12W09,06/04/2013,06/05/2013,2,506,495,2,16,Construct,,,,,,
P,MW,M12,W08,PMWM12W08,PMWM12W08,06/21/2013,06/21/2013,1,426,420,1,12,Construct,,,,,,
P,MW,M12,W07,PMWM12W07,PMWM12W07,07/03/2013,07/04/2013,2,352,345,2,244,Construct,,,,,,
P,MW,M12,W06,PMWM12W06,PMWM12W06,03/05/2014,03/05/2014,1,276,280,1,22,Construct,,,,,,
P,MW,M12,W05,PMWM12W05,PMWM12W05,03/27/2014,03/27/2014,1,268,282,1,13,Construct,,,,,,
P,MW,M12,W04,PMWM12W04,PMWM12W04,04/09/2014,04/09/2014,1,248,232,1,30,Construct,,,,,"Model has wrong name, correct model",Fixed
P,MW,M12,W03b,PMWM12W03b,PMWM12W03b,05/09/2014,05/09/2014,1,216,211,1,1,Construct,Code 03.,"Lift ""W03"" will be divided into ""W03a"" and ""W03b"".  All quantities will be assigned to ""W03b"".",Code 03a.,P-P-S-2423-0002,,
P,MW,M12,W03a,PMWM12W03a,PMWM12W03a,05/10/2014,05/10/2014,1,0,0,0,16,Construct,Code 03.,"Lift ""W03"" will be divided into ""W03a"" and ""W03b"".  All quantities will be assigned to ""W03b"".",Code 03a.,P-P-S-2423-0002,,
P,MW,M12,W02,PMWM12W02,PMWM12W02,05/26/2014,05/26/2014,1,159,175,1,77,Construct,,,,,,
P,MW,M12,W01,PMWM12W01,PMWM12W01,08/11/2014,11/08/2014,90,73,96,2,-1012,Construct,,,,,,
P,MW,M13,F03,PMWM13F03,PMWM13F03,01/31/2012,02/01/2012,2,1219,1105,2,23,Construct,,,,,,
P,MW,M13,F02,PMWM13F02,PMWM13F02,02/24/2012,09/07/2012,197,1053,1110,4,-3,Construct,Code 02.,"Joining ""F02"", ""F02b"" and ""F02a"" under the name of ""F02""",Code 02a.,P-P-S-2443-0002,"entry has no subdivisions in model, joining pours",
P,MW,M13,F01 a,PMWM13F01a,PMWM13F01a,09/04/2012,12/11/2012,99,235,110,3,-6,Construct,,,,,"Model is not divided in more parts, review model",Model is correct
P,MW,M13,F01 b,PMWM13F01b,PMWM13F01b,12/05/2012,12/06/2012,2,317,298,2,5,Construct,,,,,"Model is not divided in more parts, review model",Model is correct
P,MW,M13,F01 c,PMWM13F01c,PMWM13F01c,12/11/2012,12/18/2012,8,75,37,3,8,Construct,Code 02.,"Joining ""F01 c-S"" and ""F01 c-N"" under the name of ""F01c""",Code 02a.,P-P-S-2440-0001,"model has no N or S, joining pours",In the drawing P-P-S-2440-0001 there is no South nor North nomeclature it is just C
P,MW,M13,F01 c,PMWM13F01c,PMWM13F01c,12/26/2012,12/26/2012,1,40,0,1,17,Construct,,,,,,
P,MW,M13,C04 b,PMWM13C04b,PMWM13C04b,01/12/2013,01/12/2013,1,304,300,1,2,Construct,,,,,,
P,MW,M13,C04 a,PMWM13C04a,PMWM13C04a,01/14/2013,02/19/2013,37,296,265,2,-14,Construct,,,,,,
P,MW,M13,C04c,PMWM13C04c,PMWM13C04c,02/05/2013,02/28/2013,24,174,144,3,-1,Construct,Code 02.,"Joining ""C04 c-S"" and ""C04 c-N"" under the name of ""C04c""",Code 02a.,P-P-S-2440-0001,"Model has only C04c with no more subdivisions, joining pours",
P,MW,M13,C03 b,PMWM13C03b,PMWM13C03b,02/27/2013,03/09/2013,11,256,300,3,-1,Construct,,,,,,
P,MW,M13,C03 a,PMWM13C03a,PMWM13C03a,03/08/2013,03/09/2013,2,324,225,2,-1,Construct,,,,,,
P,MW,M13,C03 c,PMWM13C03c,PMWM13C03c,03/08/2013,03/09/2013,2,141,144,4,91,Construct,,,,,,
P,MW,M13,C02,PMWM13C02,PMWM13C02,06/08/2013,06/08/2013,1,441,441,1,3,Construct,,,,,,
P,MW,M13,C01,PMWM13C01,PMWM13C01,06/11/2013,06/26/2013,16,1320,1290,4,15,Construct,Code 02.,"Joining ""C01a"" and ""C01b"" under the name of ""C01""",Code 02a.,P-P-S-2440-0001,"entry has no subdivisions in model, joining pours",
P,MW,M13,W09,PMWM13W09,PMWM13W09,07/11/2013,07/12/2013,2,512,499,2,20,Construct,,,,,,
P,MW,M13,W08,PMWM13W08,PMWM13W08,08/01/2013,08/02/2013,2,424,424,2,31,Construct,,,,,,
P,MW,M13,W07,PMWM13W07,PMWM13W07,09/02/2013,09/03/2013,2,336,350,2,13,Construct,,,,,,
P,MW,M13,W06,PMWM13W06,PMWM13W06,09/16/2013,09/16/2013,1,276,286,1,53,Construct,,,,,,
P,MW,M13,W05,PMWM13W05,PMWM13W05,11/08/2013,11/09/2013,2,293,288,2,16,Construct,,,,,,
P,MW,M13,W04,PMWM13W04,PMWM13W04,11/25/2013,11/26/2013,2,233,238,2,14,Construct,,,,,"model has wrong name, correct model",Fixed
P,MW,M13,W03b,PMWM13W03b,PMWM13W03b,12/10/2013,12/10/2013,1,216,211,1,1,Construct,Code 03.,"Lift ""W03"" will be divided into ""W03a"" and ""W03b"".  All quantities will be assigned to ""W03b"".",Code 03a.,P-P-S-2443-0001,,
P,MW,M13,W03a,PMWM13W03a,PMWM13W03a,12/11/2013,12/11/2013,1,0,0,0,10,Construct,Code 03.,"Lift ""W03"" will be divided into ""W03a"" and ""W03b"".  All quantities will be assigned to ""W03b"".",Code 03a.,P-P-S-2443-0001,,
P,MW,M13,W02,PMWM13W02,PMWM13W02,12/21/2013,12/21/2013,1,161,175,1,245,Construct,,,,,,
P,MW,M13,W01,PMWM13W01,PMWM13W01,08/23/2014,11/06/2014,76,58,65,2,-973,Construct,,,,,,
P,MW,M14,F03,PMWM14F03,PMWM14F03,03/08/2012,03/09/2012,2,744,675,2,8,Construct,,,,,,
P,MW,M14,F02,PMWM14F02,PMWM14F02,03/17/2012,03/18/2012,2,856,800,2,17,Construct,,,,,,
P,MW,M14,F01,PMWM14F01,PMWM14F01,04/04/2012,09/07/2012,157,827,815,5,24,Construct,,,,,,
P,MW,M14,C04 a,PMWM14C04a,PMWM14C04a,10/01/2012,10/01/2012,1,161,161,1,7,Construct,,,,,"model is not separated,review model",Fixed
P,MW,M14,C04 b,PMWM14C04b,PMWM14C04b,10/08/2012,10/09/2012,2,192,192,2,1,Construct,,,,,"model is not separated,review model",Fixed
P,MW,M14,C04 c,PMWM14C04c,PMWM14C04c,10/10/2012,10/10/2012,1,152,147,1,13,Construct,,,,,"model is not separated,review model",Fixed
P,MW,M14,C03 b,PMWM14C03b,PMWM14C03b,10/23/2012,10/24/2012,2,205,205,2,15,Construct,,,,,,
P,MW,M14,C03 c,PMWM14C03c,PMWM14C03c,11/08/2012,11/08/2012,1,160,160,1,28,Construct,,,,,,
P,MW,M14,C03 a,PMWM14C03a,PMWM14C03a,12/06/2012,12/06/2012,1,169,165,1,132,Construct,,,,,,
P,MW,M14,C02,PMWM14C02,PMWM14C02,04/17/2013,04/18/2013,2,312,325,2,6,Construct,,,,,,
P,MW,M14,C01,PMWM14C01,PMWM14C01,04/24/2013,05/08/2013,15,1012,1050,4,30,Construct,Code 02.,"Joining ""C01a"" and ""C01b"" under the name of ""C01""",Code 02a.,P-P-S-2461-0002,"entry has no subdivisions in model, joining pours",
P,MW,M14,W09,PMWM14W09,PMWM14W09,06/07/2013,06/08/2013,2,520,495,2,10,Construct,,,,,,
P,MW,M14,W08,PMWM14W08,PMWM14W08,06/18/2013,06/19/2013,2,430,420,2,20,Construct,,,,,,
P,MW,M14,W07,PMWM14W07,PMWM14W07,07/09/2013,07/09/2013,1,328,345,1,270,Construct,,,,,,
P,MW,M14,W06,PMWM14W06,PMWM14W06,04/05/2014,04/05/2014,1,260,278,1,12,Construct,,,,,,
P,MW,M14,W05,PMWM14W05,PMWM14W05,04/17/2014,04/17/2014,1,282,280,1,27,Construct,,,,,,
P,MW,M14,W04,PMWM14W04,PMWM14W04,05/14/2014,05/14/2014,1,236,232,1,15,Construct,,,,,"model has wrong name, correct model",Fixed
P,MW,M14,W03b,PMWM14W03b,PMWM14W03b,05/29/2014,05/29/2014,1,192,211,1,1,Construct,Code 03.,"Lift ""W03"" will be divided into ""W03a"" and ""W03b"".  All quantities will be assigned to ""W03b"".",Code 03a.,P-P-S-2463-0002,,
P,MW,M14,W03a,PMWM14W03a,PMWM14W03a,05/30/2014,05/30/2014,1,0,0,0,6,Construct,Code 03.,"Lift ""W03"" will be divided into ""W03a"" and ""W03b"".  All quantities will be assigned to ""W03b"".",Code 03a.,P-P-S-2463-0002,,
P,MW,M14,W02,PMWM14W02,PMWM14W02,06/05/2014,06/05/2014,1,166,175,1,90,Construct,,,,,,
P,MW,M14,W01,PMWM14W01,PMWM14W01,09/03/2014,09/03/2014,1,56,69,1,-1030,Construct,,,,,,
P,MW,M15,F03,PMWM15F03,PMWM15F03,11/08/2011,11/08/2011,1,374,346,1,35,Construct,,,,,,
P,MW,M15,F02,PMWM15F02,PMWM15F02,12/13/2011,12/14/2011,2,669,635,2,20,Construct,,,,,,
P,MW,M15,F01,PMWM15F01,PMWM15F01,01/03/2012,01/03/2012,1,680.08,685,1,84,Construct,,,,,,
P,MW,M15,C04 a,PMWM15C04a,PMWM15C04a,03/27/2012,03/27/2012,1,161,161,1,4,Construct,,,,,,
P,MW,M15,C04 c,PMWM15C04c,PMWM15C04c,03/31/2012,03/31/2012,1,77,77,1,9,Construct,,,,,,
P,MW,M15,C04 b,PMWM15C04b,PMWM15C04b,04/09/2012,04/10/2012,2,166,93,2,10,Construct,,,,,,
P,MW,M15,C03 a,PMWM15C03a,PMWM15C03a,04/20/2012,04/20/2012,1,152,152,1,11,Construct,,,,,,
P,MW,M15,C03 b,PMWM15C03b,PMWM15C03b,05/01/2012,05/02/2012,2,183,183,2,12,Construct,,,,,,
P,MW,M15,C03 c,PMWM15C03c,PMWM15C03c,05/14/2012,05/14/2012,1,76,22,1,107,Construct,,,,,,
P,MW,M15,C02,PMWM15C02,PMWM15C02,08/29/2012,08/30/2012,2,261,240,2,4,Construct,,,,,,
P,MW,M15,C01,PMWM15C01,PMWM15C01,09/03/2012,09/12/2012,10,775,803,3,16,Construct,Code 02.,"Joining ""C01a"" and ""C01b"" under the name of ""C01""",Code 02a.,P-P-S-2481-0002,"entry has no subdivisions in model, joining pours",
P,MW,M15,W09,PMWM15W09,PMWM15W09,09/28/2012,09/29/2012,2,395,396,2,32,Construct,,,,,,
P,MW,M15,W08,PMWM15W08,PMWM15W08,10/31/2012,11/01/2012,2,340,336,2,382,Construct,,,,,,
P,MW,M15,W07,PMWM15W07,PMWM15W07,11/18/2013,11/19/2013,2,284,275,2,16,Construct,,,,,,
P,MW,M15,W06,PMWM15W06,PMWM15W06,12/05/2013,12/06/2013,2,224,279,2,12,Construct,,,,,,
P,MW,M15,W05,PMWM15W05,PMWM15W05,12/18/2013,12/18/2013,1,214,263,1,34,Construct,,,,,,
P,MW,M15,W04,PMWM15W04,PMWM15W04,01/21/2014,01/21/2014,1,208,232,1,34,Construct,,,,,,
P,MW,M15,W03b,PMWM15W03b,PMWM15W03b,02/24/2014,02/24/2014,1,177,211,1,1,Construct,Code 03.,"Lift ""W03"" will be divided into ""W03a"" and ""W03b"".  All quantities will be assigned to ""W03b"".",Code 03a.,P-P-S-2483-0002,,
P,MW,M15,W03a,PMWM15W03a,PMWM15W03a,02/25/2014,02/25/2014,1,0,0,0,29,Construct,Code 03.,"Lift ""W03"" will be divided into ""W03a"" and ""W03b"".  All quantities will be assigned to ""W03b"".",Code 03a.,P-P-S-2483-0002,,
P,MW,M15,W02,PMWM15W02,PMWM15W02,03/26/2014,03/26/2014,1,153,140,1,127,Construct,,,,,,
P,MW,M15,W01,PMWM15W01,PMWM15W01,07/31/2014,07/31/2014,1,55,69,1,-982,Construct,,,,,,
P,MW,M16,F03,PMWM16F03,PMWM16F03,11/22/2011,11/22/2011,1,464,429,1,69,Construct,,,,,,
P,MW,M16,F02,PMWM16F02,PMWM16F02,01/30/2012,01/31/2012,2,848,787,2,9,Construct,,,,,,
P,MW,M16,F01,PMWM16F01,PMWM16F01,02/09/2012,02/10/2012,2,832,851,2,89,Construct,,,,,,
P,MW,M16,C04 a,PMWM16C04a,PMWM16C04a,05/09/2012,05/09/2012,1,192,192,1,7,Construct,,,,,,
P,MW,M16,C04 c,PMWM16C04c,PMWM16C04c,05/16/2012,09/13/2012,121,97,90,3,-119,Construct,,,,,,
P,MW,M16,C03 a,PMWM16C03a,PMWM16C03a,05/17/2012,05/18/2012,2,160,160,2,28,Construct,,,,,,
P,MW,M16,C04 b,PMWM16C04b,PMWM16C04b,06/15/2012,06/15/2012,1,214,134,1,13,Construct,,,,,,
P,MW,M16,C03 b,PMWM16C03b,PMWM16C03b,06/28/2012,06/28/2012,1,216,216,1,96,Construct,,,,,,
P,MW,M16,C03 c,PMWM16C03c,PMWM16C03c,10/02/2012,10/02/2012,1,97,68,1,72,Construct,,,,,,
P,MW,M16,C02,PMWM16C02,PMWM16C02,12/13/2012,12/13/2012,1,329,299,1,6,Construct,,,,,,
P,MW,M16,C01,PMWM16C01,PMWM16C01,12/19/2012,01/04/2013,17,955,999,3,193,Construct,Code 02.,"Joining ""C01a"" and ""C01b"" under the name of ""C01""",Code 02a.,P-P-S-2501-0002,"entry has no subdivisions in model, joining pours",
P,MW,M16,W09,PMWM16W09,PMWM16W09,07/16/2013,07/17/2013,2,529,494,2,17,Construct,,,,,,
P,MW,M16,W08,PMWM16W08,PMWM16W08,08/03/2013,08/03/2013,1,424,419,1,19,Construct,,,,,,
P,MW,M16,W07,PMWM16W07,PMWM16W07,08/22/2013,08/23/2013,2,356,344,2,12,Construct,,,,,,
P,MW,M16,W06,PMWM16W06,PMWM16W06,09/04/2013,09/05/2013,2,273,279,2,268,Construct,,,,,,
P,MW,M16,W05,PMWM16W05,PMWM16W05,05/31/2014,05/31/2014,1,286,273,1,1,Construct,,,,,,
P,MW,M16,W04,PMWM16W04,PMWM16W04,06/01/2014,06/01/2014,1,0,0,0,8,Construct,Code 01.,"A new row was  created under the name of ""W04"" with 0 quantities and the date of the previous lift plus one day.",Code 01a.,P-P-S-2501-0002,,
P,MW,M16,W03b,PMWM16W03b,PMWM16W03b,06/09/2014,06/16/2014,8,416,444,2,1,Construct,Code 03.,"Lift ""W03"" will be divided into ""W03a"" and ""W03b"".  All quantities will be assigned to ""W03b"".",Code 03a.,P-P-S-2503-0002,,
P,MW,M16,W03a,PMWM16W03a,PMWM16W03a,06/17/2014,06/17/2014,1,0,0,0,9,Construct,Code 03.,"Lift ""W03"" will be divided into ""W03a"" and ""W03b"".  All quantities will be assigned to ""W03b"".",Code 03a.,P-P-S-2503-0002,,
P,MW,M16,W02,PMWM16W02,PMWM16W02,06/26/2014,06/26/2014,1,168,175,1,49,Construct,,,,,,
P,MW,M16,W01,PMWM16W01,PMWM16W01,08/14/2014,10/29/2014,77,93,95,2,-1069,Construct,,,,,,
P,MW,M17,F03,PMWM17F03,PMWM17F03,11/25/2011,11/25/2011,1,467,429,1,27,Construct,,,,,,
P,MW,M17,F02,PMWM17F02,PMWM17F02,12/22/2011,12/22/2011,1,824,787,1,16,Construct,,,,,,
P,MW,M17,F01,PMWM17F01,PMWM17F01,01/07/2012,01/08/2012,2,848.16,851,2,74,Construct,,,,,,
P,MW,M17,C04 a,PMWM17C04a,PMWM17C04a,03/22/2012,03/23/2012,2,192,192,2,6,Construct,,,,,,
P,MW,M17,C04 c,PMWM17C04c,PMWM17C04c,03/29/2012,03/29/2012,1,97,97,1,19,Construct,,,,,,
P,MW,M17,C03 a,PMWM17C03a,PMWM17C03a,04/17/2012,04/17/2012,1,201,201,1,10,Construct,,,,,,
P,MW,M17,C04 b,PMWM17C04b,PMWM17C04b,04/27/2012,04/28/2012,2,222,127,2,0,Construct,,,,,,
P,MW,M17,C03 c,PMWM17C03c,PMWM17C03c,04/28/2012,04/28/2012,1,88,88,1,30,Construct,,,,,,
P,MW,M17,C03 b,PMWM17C03b,PMWM17C03b,05/28/2012,05/28/2012,1,250,155,1,152,Construct,,,,,,
P,MW,M17,C02,PMWM17C02,PMWM17C02,10/27/2012,10/27/2012,1,292,299,1,11,Construct,,,,,"entry has no subdivisions in model, joining pours",
P,MW,M17,C01,PMWM17C01,PMWM17C01,11/07/2012,11/20/2012,14,1043,999,3,311,Construct,Code 02.,"Joining ""C01a"" and ""C01b"" under the name of ""C01""",Code 02a.,P-P-S-2521-0002,,
P,MW,M17,W09,PMWM17W09,PMWM17W09,09/27/2013,09/28/2013,2,504,494,2,13,Construct,,,,,,
P,MW,M17,W08,PMWM17W08,PMWM17W08,10/11/2013,10/12/2013,2,488,419,2,10,Construct,,,,,,
P,MW,M17,W07,PMWM17W07,PMWM17W07,10/22/2013,10/23/2013,2,401,350,2,16,Construct,,,,,,
P,MW,M17,W06,PMWM17W06,PMWM17W06,11/08/2013,11/08/2013,1,285,279,1,132,Construct,,,,,,
P,MW,M17,W05,PMWM17W05,PMWM17W05,03/20/2014,03/20/2014,1,256,281,1,12,Construct,,,,,,
P,MW,M17,W04,PMWM17W04,PMWM17W04,04/01/2014,04/01/2014,1,236,233,1,11,Construct,,,,,,
P,MW,M17,W03b,PMWM17W03b,PMWM17W03b,04/12/2014,04/12/2014,1,189,211,1,1,Construct,Code 03.,"Lift ""W03"" will be divided into ""W03a"" and ""W03b"".  All quantities will be assigned to ""W03b"".",Code 03a.,P-P-S-2523-0002,,
P,MW,M17,W03a,PMWM17W03a,PMWM17W03a,04/13/2014,04/13/2014,1,0,0,0,32,Construct,Code 03.,"Lift ""W03"" will be divided into ""W03a"" and ""W03b"".  All quantities will be assigned to ""W03b"".",Code 03a.,P-P-S-2523-0002,,
P,MW,M17,W02,PMWM17W02,PMWM17W02,05/15/2014,05/15/2014,1,184,175,1,106,Construct,,,,,,
P,MW,M17,W01,PMWM17W01,PMWM17W01,08/29/2014,10/23/2014,56,69,79,2,-860,Construct,,,,,,
P,MW,M18,F03,PMWM18F03,PMWM18F03,06/15/2012,06/16/2012,2,376,248,2,25,Construct,,,,,,
P,MW,M18,F02,PMWM18F02,PMWM18F02,07/11/2012,07/12/2012,2,445,473,2,6,Construct,,,,,"entry has no subdivisions in model, joining pours",
P,MW,M18,F01,PMWM18F01,PMWM18F01,07/18/2012,01/17/2013,184,602,513,5,14,Construct,Code 02.,"Joining ""F01"", ""F01a"", ""F01b"" and ""F01c"" under the name of ""F01""",Code 02a.,P-P-S-2540-0001,,
P,MW,M18,C04 b,PMWM18C04b,PMWM18C04b,01/31/2013,01/31/2013,1,125,111,1,9,Construct,,,,,,
P,MW,M18,C04 c,PMWM18C04c,PMWM18C04c,02/09/2013,02/09/2013,1,53,46,1,12,Construct,,,,,,
P,MW,M18,C03 b,PMWM18C03b,PMWM18C03b,02/21/2013,02/22/2013,2,100,94,2,6,Construct,,,,,,
P,MW,M18,C04 a,PMWM18C04a,PMWM18C04a,02/28/2013,02/28/2013,1,97,94,1,0,Construct,,,,,,
P,MW,M18,C03 c,PMWM18C03c,PMWM18C03c,02/28/2013,02/28/2013,1,56,46,1,7,Construct,,,,,,
P,MW,M18,C03 a,PMWM18C03a,PMWM18C03a,03/07/2013,03/07/2013,1,120,94,1,16,Construct,,,,,,
P,MW,M18,C02,PMWM18C02,PMWM18C02,03/23/2013,03/23/2013,1,204,179,1,13,Construct,,,,,"entry has no subdivisions in model, joining pours",
P,MW,M18,C01,PMWM18C01,PMWM18C01,04/05/2013,04/20/2013,16,658,642,3,91,Construct,Code 02.,"Joining ""C01a"" and ""C01b"" under the name of ""C01""",Code 02a.,P-P-S-2540-0001,,
P,MW,M18,W09,PMWM18W09,PMWM18W09,07/20/2013,07/20/2013,1,329,293,1,16,Construct,,,,,,
P,MW,M18,W08,PMWM18W08,PMWM18W08,08/05/2013,08/06/2013,2,264,247,2,18,Construct,,,,,,
P,MW,M18,W07,PMWM18W07,PMWM18W07,08/24/2013,08/24/2013,1,208,202,1,275,Construct,,,,,,
P,MW,M18,W06,PMWM18W06,PMWM18W06,05/26/2014,05/26/2014,1,170,160,1,8,Construct,,,,,,
P,MW,M18,W05,PMWM18W05,PMWM18W05,06/03/2014,06/03/2014,1,160,161,1,8,Construct,,,,,,
P,MW,M18,W04,PMWM18W04,PMWM18W04,06/11/2014,06/11/2014,1,120,130,1,21,Construct,,,,,,
P,MW,M18,W03b,PMWM18W03b,PMWM18W03b,07/02/2014,07/02/2014,1,136,132,1,1,Construct,Code 03.,"Lift ""W03"" will be divided into ""W03a"" and ""W03b"".  All quantities will be assigned to ""W03b"".",Code 03a.,P-P-S-2543-0001,,
P,MW,M18,W03a,PMWM18W03a,PMWM18W03a,07/03/2014,07/03/2014,1,0,0,0,6,Construct,Code 03.,"Lift ""W03"" will be divided into ""W03a"" and ""W03b"".  All quantities will be assigned to ""W03b"".",Code 03a.,P-P-S-2543-0001,,
P,MW,M18,W02,PMWM18W02,PMWM18W02,07/09/2014,07/09/2014,1,112,121,1,69,Construct,,,,,,
P,MW,M18,W01,PMWM18W01,PMWM18W01,09/16/2014,10/24/2014,39,47,54,2,-472,Construct,,,,,,
P,MW,M19,F02,PMWM19F02,PMWM19F02,07/09/2013,07/10/2013,2,932,1005,2,16,Construct,,,,,,
P,MW,M19,F01,PMWM19F01,PMWM19F01,07/26/2013,07/27/2013,2,1084,1075,2,11,Construct,,,,,,
P,MW,M19,C04 a,PMWM19C04a,PMWM19C04a,08/07/2013,08/07/2013,1,311,213,1,0,Construct,,,,,,
P,MW,M19,C04 b,PMWM19C04b,PMWM19C04b,08/07/2013,08/29/2013,23,265,217,2,-1,Construct,,,,,,
P,MW,M19,C03 a,PMWM19C03a,PMWM19C03a,08/28/2013,08/29/2013,2,324,213,2,20,Construct,,,,,,
P,MW,M19,C03 b,PMWM19C03b,PMWM19C03b,09/18/2013,09/19/2013,2,273,257,2,-1,Construct,,,,,,
P,MW,M19,C04 c,PMWM19C04c,PMWM19C04c,09/18/2013,09/18/2013,1,108,106,1,14,Construct,,,,,,
P,MW,M19,C03 c,PMWM19C03c,PMWM19C03c,10/02/2013,10/02/2013,1,113,106,1,26,Construct,,,,,,
P,MW,M19,C02,PMWM19C02,PMWM19C02,10/28/2013,10/29/2013,2,519,519,2,2,Construct,,,,,"entry has no subdivisions in model, joining pours",
P,MW,M19,C01,PMWM19C01,PMWM19C01,10/31/2013,11/13/2013,14,1334,1354,4,13,Construct,Code 02.,"Joining ""C01B"" and ""C01 a+b"" under the name of ""C01""",Code 02a.,P-P-S-2561-0002,,
P,MW,M19,W09,PMWM19W09,PMWM19W09,11/26/2013,11/26/2013,1,610,649,1,10,Construct,,,,,,
P,MW,M19,W08,PMWM19W08,PMWM19W08,12/06/2013,12/07/2013,2,530,545,2,19,Construct,,,,,,
P,MW,M19,W07,PMWM19W07,PMWM19W07,12/26/2013,12/27/2013,2,432.06,441,2,33,Construct,,,,,,
P,MW,M19,W06,PMWM19W06,PMWM19W06,01/29/2014,01/29/2014,1,356,353,1,63,Construct,,,,,,
P,MW,M19,W05,PMWM19W05,PMWM19W05,04/02/2014,04/02/2014,1,336,350,1,36,Construct,,,,,,
P,MW,M19,W04,PMWM19W04,PMWM19W04,05/08/2014,05/08/2014,1,293,281,1,18,Construct,,,,,,
P,MW,M19,W03b,PMWM19W03b,PMWM19W03b,05/26/2014,05/26/2014,1,280,293,1,1,Construct,Code 03.,"Lift ""W03"" will be divided into ""W03a"" and ""W03b"".  All quantities will be assigned to ""W03b"".",Code 03a.,P-P-S-2563-0002,,
P,MW,M19,W03a,PMWM19W03a,PMWM19W03a,05/27/2014,05/27/2014,1,0,0,0,28,Construct,Code 03.,"Lift ""W03"" will be divided into ""W03a"" and ""W03b"".  All quantities will be assigned to ""W03b"".",Code 03a.,P-P-S-2563-0002,,
P,MW,M19,W02,PMWM19W02,PMWM19W02,06/24/2014,06/25/2014,2,250,273,2,98,Construct,,,,,,
P,MW,M19,W01,PMWM19W01,PMWM19W01,10/01/2014,10/01/2014,1,113,97,1,-847,Construct,,,,,,
P,MW,M20,F03,PMWM20F03,PMWM20F03,06/06/2012,06/07/2012,2,488,414,2,11,Construct,,,,,,
P,MW,M20,F02,PMWM20F02,PMWM20F02,06/18/2012,06/19/2012,2,816,779,2,10,Construct,,,,,,
P,MW,M20,F01,PMWM20F01,PMWM20F01,06/29/2012,06/30/2012,2,852,840,2,94,Construct,,,,,,
P,MW,M20,C04 a,PMWM20C04a,PMWM20C04a,10/02/2012,10/02/2012,1,173,173,1,4,Construct,,,,,,
P,MW,M20,C04 c,PMWM20C04c,PMWM20C04c,10/06/2012,10/06/2012,1,105,105,1,11,Construct,,,,,,
P,MW,M20,C03 a,PMWM20C03a,PMWM20C03a,10/17/2012,10/17/2012,1,161,161,1,12,Construct,,,,,,
P,MW,M20,C03 c,PMWM20C03c,PMWM20C03c,10/29/2012,10/29/2012,1,73,73,1,18,Construct,,,,,,
P,MW,M20,C04 b,PMWM20C04b,PMWM20C04b,11/16/2012,11/17/2012,2,188.16,119,2,31,Construct,,,,,,
P,MW,M20,C03 b,PMWM20C03b,PMWM20C03b,12/18/2012,12/18/2012,1,192,193,1,34,Construct,,,,,,
P,MW,M20,C02,PMWM20C02,PMWM20C02,01/21/2013,01/21/2013,1,320,294,1,3,Construct,,,,,"entry has no subdivisions in model, joining pours",
P,MW,M20,C01,PMWM20C01,PMWM20C01,01/24/2013,02/04/2013,12,974,999,3,51,Construct,Code 02.,"Joining ""C01a"" and ""C01b"" under the name of ""C01""",Code 02a.,P-P-S-2581-0002,,
P,MW,M20,W09,PMWM20W09,PMWM20W09,03/27/2013,03/28/2013,2,526,479,2,33,Construct,,,,,,
P,MW,M20,W08,PMWM20W08,PMWM20W08,04/30/2013,05/01/2013,2,408,404,2,12,Construct,,,,,,
P,MW,M20,W07,PMWM20W07,PMWM20W07,05/13/2013,05/13/2013,1,337,329,1,16,Construct,,,,,,
P,MW,M20,W06,PMWM20W06,PMWM20W06,05/29/2013,05/30/2013,2,310,265,2,11,Construct,,,,,,
P,MW,M20,W05,PMWM20W05,PMWM20W05,06/10/2013,06/11/2013,2,305,266,2,11,Construct,,,,,,
P,MW,M20,W04,PMWM20W04,PMWM20W04,06/22/2013,06/22/2013,1,229,216,1,17,Construct,,,,,"entry has no subdivisions in model, joining pours",
P,MW,M20,W03 b,PMWM20W03b,PMWM20W03b,07/09/2013,07/10/2013,2,157,139,2,388,Construct,,,,,,
P,MW,M20,W03 a,PMWM20W03a,PMWM20W03a,08/02/2014,08/02/2014,1,136,139,1,16,Construct,,,,,,
P,MW,M20,W02,PMWM20W02,PMWM20W02,08/18/2014,08/18/2014,1,120,195,1,54,Construct,,,,,,
P,MW,M20,W01,PMWM20W01,PMWM20W01,10/11/2014,10/11/2014,1,74,79,1,-1034,Construct,,,,,,
P,MW,M21,F03,PMWM21F03,PMWM21F03,12/12/2011,12/13/2011,2,522,429,2,43,Construct,,,,,,
P,MW,M21,F02,PMWM21F02,PMWM21F02,01/25/2012,01/26/2012,2,875,787,2,8,Construct,,,,,,
P,MW,M21,F01,PMWM21F01,PMWM21F01,02/03/2012,02/03/2012,1,865.54,851,1,60,Construct,,,,,,
P,MW,M21,C04 a,PMWM21C04a,PMWM21C04a,04/03/2012,04/03/2012,1,219,219,1,9,Construct,,,,,,
P,MW,M21,C04 c,PMWM21C04c,PMWM21C04c,04/12/2012,04/12/2012,1,99,99,1,28,Construct,,,,,,
P,MW,M21,C04 b,PMWM21C04b,PMWM21C04b,05/10/2012,05/11/2012,2,240,98,2,7,Construct,,,,,"model has wrong name, correct model",Fixed
P,MW,M21,C03 a,PMWM21C03a,PMWM21C03a,05/18/2012,05/19/2012,2,161,161,2,7,Construct,,,,,,
P,MW,M21,C03 c,PMWM21C03c,PMWM21C03c,05/26/2012,05/26/2012,1,84,84,1,9,Construct,,,,,,
P,MW,M21,C03 b,PMWM21C03b,PMWM21C03b,06/04/2012,06/04/2012,1,289,199,1,42,Construct,,,,,,
P,MW,M21,C02,PMWM21C02,PMWM21C02,07/16/2012,07/17/2012,2,327,299,2,6,Construct,,,,,"entry has no subdivisions in model, joining pours",
P,MW,M21,C01,PMWM21C01,PMWM21C01,07/23/2012,07/29/2012,7,1032,999,3,10,Construct,Code 02.,"Joining ""C01a"" and ""C01b"" under the name of ""C01""",Code 02a.,P-P-S-2601-0002,,
P,MW,M21,W09,PMWM21W09,PMWM21W09,08/08/2012,08/09/2012,2,529,494,2,9,Construct,,,,,,
P,MW,M21,W08,PMWM21W08,PMWM21W08,08/18/2012,08/18/2012,1,445,419,1,14,Construct,,,,,,
P,MW,M21,W07,PMWM21W07,PMWM21W07,09/01/2012,09/01/2012,1,349,344,1,16,Construct,,,,,,
P,MW,M21,W06,PMWM21W06,PMWM21W06,09/17/2012,09/17/2012,1,281,279,1,21,Construct,,,,,,
P,MW,M21,W05,PMWM21W05,PMWM21W05,10/08/2012,10/08/2012,1,325,281,1,14,Construct,,,,,,
P,MW,M21,W04,PMWM21W04,PMWM21W04,10/22/2012,10/23/2012,2,241,233,2,119,Construct,,,,,"entry has no subdivisions in model, joining pours",
P,MW,M21,W03 b,PMWM21W03b,PMWM21W03b,02/19/2013,02/19/2013,1,152,139,1,534,Construct,,,,,,
P,MW,M21,W03 a,PMWM21W03a,PMWM21W03a,08/07/2014,08/07/2014,1,136,139,1,7,Construct,,,,,,
P,MW,M21,W02,PMWM21W02,PMWM21W02,08/14/2014,08/15/2014,2,103,97,2,90,Construct,,,,,,
P,MW,M21,W01,PMWM21W01,PMWM21W01,11/13/2014,11/13/2014,1,68,69,1,-1035,Construct,,,,,,
P,MW,M22,F03,PMWM22F03,PMWM22F03,01/13/2012,01/14/2012,2,528,429,2,31,Construct,,,,,,
P,MW,M22,F02,PMWM22F02,PMWM22F02,02/14/2012,02/14/2012,1,877.1,787,1,13,Construct,,,,,,
P,MW,M22,F01,PMWM22F01,PMWM22F01,02/27/2012,02/27/2012,1,808.22,851,1,58,Construct,,,,,,
P,MW,M22,C04 a,PMWM22C04a,PMWM22C04a,04/25/2012,04/25/2012,1,201,201,1,27,Construct,,,,,,
P,MW,M22,C04 c,PMWM22C04c,PMWM22C04c,05/22/2012,05/22/2012,1,98,98,1,13,Construct,,,,,,
P,MW,M22,C03 a,PMWM22C03a,PMWM22C03a,06/04/2012,06/05/2012,2,161,161,2,7,Construct,,,,,,
P,MW,M22,C04 b,PMWM22C04b,PMWM22C04b,06/12/2012,06/12/2012,1,216,117,1,3,Construct,,,,,,
P,MW,M22,C03 c,PMWM22C03c,PMWM22C03c,06/15/2012,06/16/2012,2,89,89,2,9,Construct,,,,,,
P,MW,M22,C03 b,PMWM22C03b,PMWM22C03b,06/25/2012,06/26/2012,2,214,194,2,57,Construct,,,,,,
P,MW,M22,C02,PMWM22C02,PMWM22C02,08/22/2012,08/23/2012,2,302,299,2,4,Construct,,,,,"entry has no subdivisions in model, joining pours",
P,MW,M22,C01,PMWM22C01,PMWM22C01,08/27/2012,09/07/2012,12,966,999,3,15,Construct,Code 02.,"Joining ""C01a"" and ""C01b"" under the name of ""C01""",Code 02a.,P-P-S-2621-0002,,
P,MW,M22,W09,PMWM22W09,PMWM22W09,09/22/2012,09/22/2012,1,506,494,1,12,Construct,,,,,,
P,MW,M22,W08,PMWM22W08,PMWM22W08,10/04/2012,10/05/2012,2,443,419,2,10,Construct,,,,,,
P,MW,M22,W07,PMWM22W07,PMWM22W07,10/15/2012,10/15/2012,1,382,344,1,142,Construct,,,,,,
P,MW,M22,W06,PMWM22W06,PMWM22W06,03/06/2013,03/06/2013,1,264,280,1,465,Construct,,,,,,
P,MW,M22,W05,PMWM22W05,PMWM22W05,06/14/2014,06/14/2014,1,248,282,1,7,Construct,,,,,,
P,MW,M22,W04,PMWM22W04,PMWM22W04,06/21/2014,06/21/2014,1,224,232,1,14,Construct,,,,,,
P,MW,M22,W03b,PMWM22W03b,PMWM22W03b,07/05/2014,07/05/2014,1,190,277,1,1,Construct,Code 03.,"Lift ""W03"" will be divided into ""W03a"" and ""W03b"".  All quantities will be assigned to ""W03b"".",Code 03a.,P-P-S-2623-0002,,
P,MW,M22,W03a,PMWM22W03a,PMWM22W03a,07/06/2014,07/06/2014,1,0,0,0,10,Construct,Code 03.,"Lift ""W03"" will be divided into ""W03a"" and ""W03b"".  All quantities will be assigned to ""W03b"".",Code 03a.,P-P-S-2623-0002,,
P,MW,M22,W02,PMWM22W02,PMWM22W02,07/16/2014,07/17/2014,2,168,174,2,105,Construct,,,,,,
P,MW,M22,W01,PMWM22W01,PMWM22W01,10/30/2014,10/30/2014,1,64,69,1,-904,Construct,,,,,,
P,MW,M23,F03 b,PMWM23F03b,PMWM23F03b,05/09/2012,05/10/2012,2,636,570,2,5,Construct,,,,,,
P,MW,M23,F03 a,PMWM23F03a,PMWM23F03a,05/15/2012,05/15/2012,1,440,411,1,25,Construct,,,,,,
P,MW,M23,F02 a,PMWM23F02a,PMWM23F02a,06/09/2012,06/09/2012,1,416,450,1,9,Construct,,,,,,
P,MW,M23,F02 b,PMWM23F02b,PMWM23F02b,06/18/2012,06/18/2012,1,480,403,1,15,Construct,,,,,"model has also F01c, duplicating F01b and changing the duplicate to F01c",
P,MW,M23,F01 b,PMWM23F01b,PMWM23F01b,07/03/2012,07/04/2012,2,574,619,2,-24,Construct,,,,,,
P,MW,M23,F01 c,PMWM23F01c,PMWM23F01c,06/10/2012,06/10/2012,1,0,0,0,34,Construct,Code 01.,"A new row was  created under the name of ""F01c"" with 0 quantities and the date of the previous lift plus one day.",Code 01a.,P-P-S-2640-0002,,
P,MW,M23,F01 a,PMWM23F01a,PMWM23F01a,07/14/2012,05/29/2013,320,164,248,2,-295,Construct,,,,,"these entry has 2 entries poured together, dividing pour.  ""C04 b & C05 b"" is divided, all quantities are accounted in C04b.",
P,MW,M23,C04 b,PMWM23C04b,PMWM23C04b,08/07/2012,08/08/2012,2,445,332,2,-1,Construct,Code 03.,"Lift ""C04 b & C05 b"" will be separated into ""C04b"" and ""C05b"".  All quantities will be assigned to ""C04b"".",Code 03a.,P-P-S-2640-0002,"these entry has 2 entries poured together, dividing pour.  ""C04 b & C05 b"" is divided, all quantities are accounted in C04b.",
P,MW,M23,C05 b,PMWM23C05b,PMWM23C05b,08/07/2012,08/08/2012,2,0,0,0,315,Construct,Code 03.,"Lift ""C04 b & C05 b"" will be separated into ""C04b"" and ""C05b"".  All quantities will be assigned to ""C04b"".",Code 03a.,P-P-S-2640-0002,,
P,MW,M23,C03 b,PMWM23C03b,PMWM23C03b,06/19/2013,06/20/2013,2,378,296,3,14,Construct,,,,,,
P,MW,M23,C04 c,PMWM23C04c,PMWM23C04c,07/04/2013,07/04/2013,1,73,73,1,27,Construct,,,,,,
P,MW,M23,C05 a,PMWM23C05a,PMWM23C05a,07/31/2013,07/31/2013,1,145,113,1,16,Construct,,,,,,
P,MW,M23,C04 a,PMWM23C04a,PMWM23C04a,08/16/2013,08/16/2013,1,160,245,1,68,Construct,,,,,"these entry has 2 entries poured together, dividing pour.  ""C03a + C02a""  is divided, all quantities are accounted in C03a.",
P,MW,M23,C03 a,PMWM23C02a,PMWM23C02a,10/23/2013,10/23/2013,1,512,499,1,-125,Construct,Code 03.,"Lift ""C03 a & C02 a"" will be separated into ""C03a"" and ""C02a"".  All quantities will be assigned to ""C02a"".",Code 03a.,P-P-S-2640-0002,"these entry has 2 entries poured together, dividing pour.  ""C03a + C02a""  is divided, all quantities are accounted in C03a.",
P,MW,M23,C02 b,PMWM23C02b,PMWM23C02b,06/20/2013,06/20/2013,1,0,0,0,125,Construct,Code 01.,"A new row was  created under the name of ""C02b"" with 0 quantities and the date of the previous lift plus one day.",Code 01a.,P-P-S-2640-0002,,
P,MW,M23,C02 a,PMWM23C03a,PMWM23C03a,10/23/2013,10/23/2013,1,0,0,0,6,Construct,Code 03.,"Lift ""C03 a & C02 a"" will be separated into ""C03a"" and ""C02a"".  All quantities will be assigned to ""C02a"".",Code 03a.,P-P-S-2640-0002,"entry has no subdivisions in model, joining pours",
P,MW,M23,C01,PMWM23C01,PMWM23C01,10/29/2013,11/12/2013,15,1201,1248,3,67,Construct,Code 02.,"Joining ""C01a"" and ""C01b"" under the name of ""C01""",Code 02a.,P-P-S-2640-0002,,
P,MW,M23,W09,PMWM23W09,PMWM23W09,01/18/2014,01/18/2014,1,555,567,1,17,Construct,,,,,,
P,MW,M23,W08,PMWM23W08,PMWM23W08,02/04/2014,02/04/2014,1,473,486,1,42,Construct,,,,,,
P,MW,M23,W07,PMWM23W07,PMWM23W07,03/18/2014,03/18/2014,1,392,405,1,13,Construct,,,,,,
P,MW,M23,W06,PMWM23W06,PMWM23W06,03/31/2014,03/31/2014,1,353,320,1,21,Construct,,,,,,
P,MW,M23,W05,PMWM23W05,PMWM23W05,04/21/2014,04/21/2014,1,310,324,1,23,Construct,,,,,,
P,MW,M23,W04,PMWM23W04,PMWM23W04,05/14/2014,05/14/2014,1,266,266,1,8,Construct,,,,,,
P,MW,M23,W03b,PMWM23W03b,PMWM23W03b,05/22/2014,05/22/2014,1,224,245,1,1,Construct,Code 03.,"Lift ""W03"" will be divided into ""W03a"" and ""W03b"".  All quantities will be assigned to ""W03b"".",Code 03a.,P-P-S-2642-0002,,
P,MW,M23,W03a,PMWM23W03a,PMWM23W03a,05/23/2014,05/23/2014,1,0,0,0,11,Construct,Code 03.,"Lift ""W03"" will be divided into ""W03a"" and ""W03b"".  All quantities will be assigned to ""W03b"".",Code 03a.,P-P-S-2642-0002,,
P,MW,M23,W02,PMWM23W02,PMWM23W02,06/03/2014,06/03/2014,1,192,192,1,120,Construct,,,,,,
P,MW,M23,W01,PMWM23W01,PMWM23W01,10/01/2014,10/02/2014,2,80,72,2,,Construct,,,,,,
