Side,Structure,Monolith,Lift,Collated,Name,Actual Start,Actual End,Duration in days,Actual Quantity,Design Quantity,Number of Pours,Days before next lift,Activity Type,Revision Proces,,,RFC,Note,Corrections,Revision FR
P,UE,M01,F02a,PUEM01F02a,PUEM01F02a,2/23/2012,2/24/2012,2,616,720,2,-1,Construct,Code 03.,"Lift ""F02"" will be separated into ""F02a"" and ""F02b"".    All quantities will be assigned to ""F02a"".",Code 03a.,P-P-S-1700-0002,"Model has F02a, changing table",,
P,UE,M01,F02b,PUEM01F02b,PUEM01F02b,2/23/2012,2/24/2012,2,0,0,0,20,Construct,Code 03.,"Lift ""F02"" will be separated into ""F02a"" and ""F02b"".    All quantities will be assigned to ""F02a"".",Code 03a.,P-P-S-1700-0002,"Model has F02a, changing table",,
P,UE,M01,F01a,PUEM01F01a,PUEM01F01a,3/15/2012,3/15/2012,1,480,480,1,4,Construct,,,,,,,
P,UE,M01,F01b,PUEM01F01b,PUEM01F01b,3/19/2012,3/19/2012,1,547,560,1,31,Construct,,,,,,,
P,UE,M01,C07a,PUEM01C07a,PUEM01C07a,4/19/2012,4/19/2012,1,73,73,1,12,Construct,,,,,,,
P,UE,M01,C07b,PUEM01C07b,PUEM01C07b,5/1/2012,5/1/2012,1,60,22,1,1,Construct,,,,,,,
P,UE,M01,C06a,PUEM01C06a,PUEM01C06a,5/2/2012,5/2/2012,1,145,145,1,6,Construct,,,,,,,
P,UE,M01,C06b,PUEM01C06b,PUEM01C06b,5/8/2012,5/9/2012,2,659,675,2,8,Construct,,,,,,,
P,UE,M01,C05a,PUEM01C05a,PUEM01C05a,5/17/2012,5/18/2012,2,93,93,2,8,Construct,,,,,,,
P,UE,M01,C05b,PUEM01C05b,PUEM01C05b,5/26/2012,5/26/2012,1,0,0,1,-5,Construct,Code 03.,"Lift ""C04&C05b"" will be separated into ""C04b"" and ""C05b"".  All quantities will be asigned to ""C04b"".",Code 03a.,P-P-S-1702-0001,,,Cell have been duplicated to match drawings
P,UE,M01,C04a,PUEM01C04a,PUEM01C04a,5/21/2012,5/21/2012,1,72,72,1,5,Construct,,,,,,,
P,UE,M01,C04b,PUEM01C04b,PUEM01C04b,5/26/2012,5/26/2012,1,681,630,1,97,Construct,Code 03.,"Lift ""C04&C05b"" will be separated into ""C04b"" and ""C05b"".  All quantities will be asigned to ""C04b"".",Code 03a.,P-P-S-1702-0001,,,"We do not have data of each pour.  All asigned to ""4b"""
P,UE,M01,C03,PUEM01C03,PUEM01C03,8/31/2012,8/31/2012,1,346,360,1,14,Construct,,,,,,,
P,UE,M01,C02,PUEM01C02,PUEM01C02,9/14/2012,9/15/2012,2,297,260,2,9,Construct,,,,,,,
P,UE,M01,C01,PUEM01C01,PUEM01C01,9/24/2012,10/3/2012,10,1083,1085,4,22,Construct,Code 02.,"Joining ""C01a"" and ""C01b"" under the name of ""C01"".",Code 02a.,P-P-S-1702-0001,"model has only one part, joining a and b in the table",,
P,UE,M01,W09,PUEM01W09,PUEM01W09,10/25/2012,10/25/2012,1,569,531,1,25,Construct,,,,,,,
P,UE,M01,W08,PUEM01W08,PUEM01W08,11/19/2012,11/20/2012,2,454,452,2,8,Construct,,,,,,,
P,UE,M01,W07,PUEM01W07,PUEM01W07,11/28/2012,11/29/2012,2,384,373,2,88,Construct,,,,,,,
P,UE,M01,W06,PUEM01W06,PUEM01W06,2/25/2013,2/25/2013,1,280,243,1,15,Construct,,,,,,,
P,UE,M01,W05,PUEM01W05,PUEM01W05,3/12/2013,3/12/2013,1,296,299,1,51,Construct,,,,,,,
P,UE,M01,W04,PUEM01W04,PUEM01W04,5/2/2013,5/3/2013,2,244,225,2,13,Construct,,,,,,,
P,UE,M01,W03,PUEM01W03,PUEM01W03,5/16/2013,5/16/2013,1,224,208,1,18,Construct,,,,,,,
P,UE,M01,W02,PUEM01W02,PUEM01W02,6/3/2013,6/3/2013,1,166,151,1,477,Construct,,,,,,,
P,UE,M01,W01,PUEM01W01,PUEM01W01,9/23/2014,9/23/2014,1,67,64,1,-1022,Construct,,,,,,,
P,UE,M02,F02,PUEM02F02,PUEM02F02,12/6/2011,12/6/2011,1,688,659,1,8,Construct,,,,,,,
P,UE,M02,F01,PUEM02F01,PUEM02F01,12/14/2011,12/15/2011,2,952,949,2,40,Construct,,,,,,,
P,UE,M02,C04a,PUEM02C04a,PUEM02C04a,1/24/2012,1/24/2012,1,192,192,1,11,Construct,,,,,,,
P,UE,M02,C04b,PUEM02C04b,PUEM02C04b,2/4/2012,2/5/2012,2,544,428,2,-1,Construct,Code 03.,"Lift ""C04 b-c"" will be separated into ""C04b"" and ""C04c"".  All quantities will be asigned to ""C04b"".",Code 03a.,P-P-S-1221-0002,,,We dont have separate data for lifts 4b and 4b.  All assigned to 4b.
P,UE,M02,C04c,PUEM02C04c,PUEM02C04c,2/4/2012,2/5/2012,2,0,0,2,2,Construct,Code 03.,"Lift ""C04 b-c"" will be separated into ""C04b"" and ""C04c"".  All quantities will be asigned to ""C04b"".",Code 03a.,P-P-S-1221-0002,,,We dont have separate data for lifts 4b and 4b.  All assigned to 4b.
P,UE,M02,C03a,PUEM02C03a,PUEM02C03a,2/7/2012,2/7/2012,1,168,168,1,10,Construct,,,,,,,
P,UE,M02,C03b,PUEM02C03b,PUEM02C03b,2/17/2012,2/18/2012,2,516,488,2,-1,Construct,Code 03.,"Lift ""C03 b-c"" will be separated into ""C03b"" and ""C03c"".  All quantities will be asigned to ""C03b"".",Code 03a.,P-P-S-1221-0002,,,We dont have separate data for lifts 3b and 3b.  All assigned to 4b.
P,UE,M02,C03c,PUEM02C03c,PUEM02C03c,2/17/2012,2/18/2012,2,0,0,2,269,Construct,Code 03.,"Lift ""C03 b-c"" will be separated into ""C03b"" and ""C03c"".  All quantities will be asigned to ""C03b"".",Code 03a.,P-P-S-1221-0002,,,We dont have separate data for lifts 3b and 3b.  All assigned to 4b.
P,UE,M02,C02,PUEM02C02,PUEM02C02,11/13/2012,11/13/2012,1,305,319,1,3,Construct,,,,,,,
P,UE,M02,C01,PUEM02C01,PUEM02C01,11/16/2012,11/28/2012,13,1006,998,4,19,Construct,Code 02.,"Joining ""C01a"" and ""C01b"" under the name of ""C01"".",Code 02a.,P-P-S-1221-0002,"model has only one part, joining a and b in the table",,
P,UE,M02,W09,PUEM02W09,PUEM02W09,12/17/2012,12/17/2012,1,478,494,1,28,Construct,,,,,,,
P,UE,M02,W08,PUEM02W08,PUEM02W08,1/14/2013,1/15/2013,2,492,418,2,20,Construct,,,,,,,
P,UE,M02,W07,PUEM02W07,PUEM02W07,2/4/2013,2/5/2013,2,308,343,2,10,Construct,,,,,,,
P,UE,M02,W06,PUEM02W06,PUEM02W06,2/15/2013,2/16/2013,2,256,260,2,123,Construct,,,,,,,
P,UE,M02,W05,PUEM02W05,PUEM02W05,6/19/2013,6/20/2013,2,272,274,2,13,Construct,,,,,,,
P,UE,M02,W04,PUEM02W04,PUEM02W04,7/3/2013,7/4/2013,2,201,205,2,19,Construct,,,,,,,
P,UE,M02,W03,PUEM02W03,PUEM02W03,7/23/2013,7/23/2013,1,211,212,1,17,Construct,,,,,,,
P,UE,M02,W02,PUEM02W02,PUEM02W02,8/9/2013,8/10/2013,2,193,161,2,416,Construct,,,,,,,
P,UE,M02,W01,PUEM02W01,PUEM02W01,9/30/2014,9/30/2014,1,60,67,1,-1007,Construct,,,,,,,
P,UE,M03,F02,PUEM03F02,PUEM03F02,12/28/2011,12/28/2011,1,652.03,658,1,10,Construct,,,,,,,
P,UE,M03,F01,PUEM03F01,PUEM03F01,1/7/2012,1/7/2012,1,940.09,918,1,39,Construct,,,,,,,
P,UE,M03,C04a,PUEM03C04a,PUEM03C04a,2/15/2012,2/15/2012,1,182,182,1,21,Construct,,,,,"Error in model name, fix model.",FIXED,
P,UE,M03,C04b,PUEM03C04b,PUEM03C04b,3/7/2012,3/7/2012,1,216,141,1,-12,Construct,,,,,"Error in model name, fix model.",FIXED,
P,UE,M03,C04c,PUEM03C04c,PUEM03C04c,2/24/2012,2/24/2012,1,92,92,1,5,Construct,,,,,"Error in model name, fix model.",FIXED,
P,UE,M03,C03a,PUEM03C03a,PUEM03C03a,2/29/2012,2/29/2012,1,161,161,1,13,Construct,,,,,,,
P,UE,M03,C03b,PUEM03C03b,PUEM03C03b,3/13/2012,3/13/2012,1,208,174,1,-11,Construct,,,,,,,
P,UE,M03,C03c,PUEM03C03c,PUEM03C03c,3/2/2012,3/2/2012,1,110,110,1,295,Construct,,,,,,,
P,UE,M03,C02,PUEM03C02,PUEM03C02,12/22/2012,12/22/2012,1,338,299,1,5,Construct,,,,,,,
P,UE,M03,C01,PUEM03C01,PUEM03C01,12/27/2012,1/18/2013,23,1135,1092,3,83,Construct,Code 02.,"Joining ""C01a"" and ""C01b"" under the name of ""C01"".",Code 02a.,P-P-S-1741-0001,"model has only one part, joining a and b in the table",,
P,UE,M03,W09,PUEM03W09,PUEM03W09,4/11/2013,4/12/2013,2,524,494,2,21,Construct,,,,,,,
P,UE,M03,W08,PUEM03W08,PUEM03W08,5/3/2013,5/4/2013,2,440,419,2,30,Construct,,,,,,,
P,UE,M03,W07,PUEM03W07,PUEM03W07,6/3/2013,6/3/2013,1,336,344,1,7,Construct,,,,,,,
P,UE,M03,W06,PUEM03W06,PUEM03W06,6/10/2013,6/10/2013,1,274,260,1,86,Construct,,,,,,,
P,UE,M03,W05,PUEM03W05,PUEM03W05,9/4/2013,9/4/2013,1,270,273,1,15,Construct,,,,,,,
P,UE,M03,W04,PUEM03W04,PUEM03W04,9/19/2013,9/19/2013,1,201,206,1,26,Construct,,,,,,,
P,UE,M03,W03,PUEM03W03,PUEM03W03,10/15/2013,10/16/2013,2,209,190,1,12,Construct,,,,,,,
P,UE,M03,W02,PUEM03W02,PUEM03W02,10/28/2013,10/28/2013,1,158,155,1,346,Construct,,,,,,,
P,UE,M03,W01,PUEM03W01,PUEM03W01,10/9/2014,10/9/2014,1,75,64,1,-1032,Construct,,,,,,,
P,UE,M04,F02,PUEM04F02,PUEM04F02,12/12/2011,12/13/2011,2,427,403,2,6,Construct,,,,,,,
P,UE,M04,F01,PUEM04F01,PUEM04F01,12/19/2011,12/19/2011,1,579,567,1,46,Construct,,,,,,,
P,UE,M04,C04a,PUEM04C04a,PUEM04C04a,2/3/2012,2/3/2012,1,100,100,1,6,Construct,,,,,"model has C05, to be corrected in model.",FIXED,
P,UE,M04,C04b,PUEM04C04b,PUEM04C04b,2/9/2012,2/9/2012,1,266,168,1,-51,Construct,,,,,,,
P,UE,M04,C04c,PUEM04C04c,PUEM04C04c,12/20/2011,12/20/2011,1,0,0,0,64,Construct,Code 01.,"A new row was created under the name of ""C04c"", with 0 quantities and with the dates of the preivous lift plus one day.",Code 01a.,P-P-S-1761-0001,,,
P,UE,M04,C03a,PUEM04C03a,PUEM04C03a,2/22/2012,2/22/2012,1,103,103,1,6,Construct,,,,,,,
P,UE,M04,C03b,PUEM04C03b,PUEM04C03b,2/28/2012,2/29/2012,2,136,125,2,-2,Construct,,,,,,,
P,UE,M04,C03c,PUEM04C03c,PUEM04C03c,2/27/2012,2/27/2012,1,48.98,48.98,1,337,Construct,,,,,,,
P,UE,M04,C02,PUEM04C02,PUEM04C02,1/29/2013,1/30/2013,2,209,185,2,6,Construct,,,,,,,
P,UE,M04,C01,PUEM04C01,PUEM04C01,2/5/2013,2/14/2013,10,616,616,2,21,Construct,Code 02.,"Joining ""C01a"" and ""C01b"" under the name of ""C01"".",Code 02a.,P-P-S-1761-0001,"model has only one part, joining a and b in the table",,
P,UE,M04,W09,PUEM04W09,PUEM04W09,3/7/2013,3/8/2013,2,337,308,1,67,Construct,,,,,,,
P,UE,M04,W08,PUEM04W08,PUEM04W08,5/14/2013,5/15/2013,2,274,262,2,10,Construct,,,,,,,
P,UE,M04,W07,PUEM04W07,PUEM04W07,5/25/2013,5/25/2013,1,210,217,1,39,Construct,,,,,,,
P,UE,M04,W06,PUEM04W06,PUEM04W06,7/3/2013,7/3/2013,1,169,165,1,29,Construct,,,,,,,
P,UE,M04,W05,PUEM04W05,PUEM04W05,8/1/2013,8/1/2013,1,176,174,1,21,Construct,,,,,,,
P,UE,M04,W04,PUEM04W04,PUEM04W04,8/22/2013,8/22/2013,1,145,134,1,39,Construct,,,,,,,
P,UE,M04,W03,PUEM04W03,PUEM04W03,9/30/2013,9/30/2013,1,117,122,1,23,Construct,,,,,,,
P,UE,M04,W02,PUEM04W02,PUEM04W02,10/23/2013,10/24/2013,2,122,91,2,352,Construct,,,,,,,
P,UE,M04,W01,PUEM04W01,PUEM04W01,10/11/2014,10/11/2014,1,43,34,1,-729,Construct,,,,,,,
P,UE,M05,F03,PUEM05F03,PUEM05F03,10/12/2012,10/13/2012,2,585,569,2,319,Construct,,,,,"model is missing this piece, to be fixed in model.",FIXED,
P,UE,M05,F02,PUEM05F02,PUEM05F02,8/28/2013,8/29/2013,2,896,871,2,13,Construct,,,,,,,
P,UE,M05,F01,PUEM05F01,PUEM05F01,9/11/2013,9/11/2013,1,1161,1286,1,33,Construct,,,,,,,
P,UE,M05,C04a,PUEM05C04a,PUEM05C04a,10/14/2013,10/15/2013,2,265,245,2,1,Construct,,,,,,,
P,UE,M05,C04b,PUEM05C04b,PUEM05C04b,10/16/2013,10/17/2013,2,294,273,2,-14,Construct,,,,,,,
P,UE,M05,C04c,PUEM05C04c,PUEM05C04c,10/3/2013,10/3/2013,1,121,126,1,47,Construct,,,,,,,
P,UE,M05,C03a,PUEM05C03a,PUEM05C03a,11/19/2013,11/20/2013,2,225,221,2,-5,Construct,,,,,,,
P,UE,M05,C03b,PUEM05C03b,PUEM05C03b,11/15/2013,11/16/2013,2,285,280,2,12,Construct,,,,,,,
P,UE,M05,C03c,PUEM05C03c,PUEM05C03c,11/28/2013,11/28/2013,1,121,118,1,41,Construct,,,,,,,
P,UE,M05,C02,PUEM05C02,PUEM05C02,1/8/2014,1/8/2014,1,413,414,1,9,Construct,,,,,,,
P,UE,M05,C01,PUEM05C01,PUEM05C01,1/17/2014,1/31/2014,15,1386,1382,2,42,Construct,Code 02.,"Joining ""C01a"" and ""C01b"" under the name of ""C01"".",Code 02a.,P-P-S-1781-0001,"model has only one part, joining a and b in the table",,
P,UE,M05,W09,PUEM05W09,PUEM05W09,3/14/2014,3/14/2014,1,693,680,1,15,Construct,,,,,,,
P,UE,M05,W08,PUEM05W08,PUEM05W08,3/29/2014,3/29/2014,1,595,576,1,16,Construct,,,,,,,
P,UE,M05,W07,PUEM05W07,PUEM05W07,4/14/2014,4/14/2014,1,482,479,1,29,Construct,,,,,,,
P,UE,M05,W06,PUEM05W06,PUEM05W06,5/13/2014,5/13/2014,1,337,356,1,10,Construct,,,,,,,
P,UE,M05,W05,PUEM05W05,PUEM05W05,5/23/2014,5/23/2014,1,372,368,1,13,Construct,,,,,,,
P,UE,M05,W04,PUEM05W04,PUEM05W04,6/5/2014,6/5/2014,1,303,279,1,14,Construct,,,,,,,
P,UE,M05,W03,PUEM05W03,PUEM05W03,6/19/2014,6/19/2014,1,278,260,1,13,Construct,,,,,,,
P,UE,M05,W02,PUEM05W02,PUEM05W02,7/2/2014,7/2/2014,1,229,239,1,77,Construct,,,,,,,
P,UE,M05,W01,PUEM05W01,PUEM05W01,9/17/2014,9/17/2014,1,89,90,1,-548,Construct,,,,,,,
P,UE,M06,F02,PUEM06F02,PUEM06F02,3/18/2013,3/19/2013,2,457,392,2,18,Construct,,,,,,,
P,UE,M06,F01,PUEM06F01,PUEM06F01,4/6/2013,4/6/2013,1,513,554,1,180,Construct,,,,,,,
P,UE,M06,C04a,PUEM06C04a,PUEM06C04a,10/3/2013,10/3/2013,1,145,109,1,-41,Construct,,,,,,,
P,UE,M06,C04b,PUEM06C04b,PUEM06C04b,8/23/2013,8/24/2013,2,133,122,2,55,Construct,,,,,,,
P,UE,M06,C04c,PUEM06C04c,PUEM06C04c,10/18/2013,10/19/2013,2,61,55,2,13,Construct,,,,,,,
P,UE,M06,C03a,PUEM06C03a,PUEM06C03a,11/1/2013,11/1/2013,1,129,88,1,-43,Construct,,,,,,,
P,UE,M06,C03b,PUEM06C03b,PUEM06C03b,9/19/2013,9/19/2013,1,117,122,1,49,Construct,,,,,,,
P,UE,M06,C03c,PUEM06C03c,PUEM06C03c,11/7/2013,11/7/2013,1,49,49,1,125,Construct,,,,,,,
P,UE,M06,C02,PUEM06C02,PUEM06C02,3/12/2014,3/12/2014,1,200,200,1,6,Construct,,,,,,,
P,UE,M06,C01,PUEM06C01,PUEM06C01,3/18/2014,4/1/2014,15,614,602,2,20,Construct,Code 02.,"Joining ""C01a"" and ""C01b"" under the name of ""C01"".",Code 02a.,P-P-S-1801-0001,"model has only one part, joining a and b in the table",,
P,UE,M06,W09,PUEM06W09,PUEM06W09,4/21/2014,4/21/2014,1,294,293,1,24,Construct,,,,,,,
P,UE,M06,W08,PUEM06W08,PUEM06W08,5/15/2014,5/15/2014,1,240,247,1,12,Construct,,,,,,,
P,UE,M06,W07,PUEM06W07,PUEM06W07,5/27/2014,5/27/2014,1,226,202,1,14,Construct,,,,,,,
P,UE,M06,W06,PUEM06W06,PUEM06W06,6/10/2014,6/10/2014,1,156,150,1,30,Construct,,,,,,,
P,UE,M06,W05,PUEM06W05,PUEM06W05,7/10/2014,7/10/2014,1,140,157,1,13,Construct,,,,,,,
P,UE,M06,W04,PUEM06W04,PUEM06W04,7/23/2014,7/23/2014,1,114,115,1,8,Construct,,,,,,,
P,UE,M06,W03,PUEM06W03,PUEM06W03,7/31/2014,8/1/2014,2,116,113,2,11,Construct,,,,,,,
P,UE,M06,W02,PUEM06W02,PUEM06W02,8/12/2014,8/12/2014,1,99,98,1,45,Construct,,,,,,,
P,UE,M06,W01,PUEM06W01,PUEM06W01,9/26/2014,9/26/2014,1,42,36,1,-603,Construct,,,,,,,
P,UE,M07,F02,PUEM07F02,PUEM07F02,1/31/2013,2/1/2013,2,825,755,2,19,Construct,,,,,,,
P,UE,M07,F01,PUEM07F01,PUEM07F01,2/20/2013,2/21/2013,2,1106,1155,2,216,Construct,,,,,,,
P,UE,M07,C04a,PUEM07C04a,PUEM07C04a,9/25/2013,9/25/2013,1,321,244,1,-54,Construct,,,,,model is not divided. Fix model,FIXED,
P,UE,M07,C04b,PUEM07C04b,PUEM07C04b,8/2/2013,8/2/2013,1,240,250,1,49,Construct,,,,,,,
P,UE,M07,C04c,PUEM07C04c,PUEM07C04c,9/20/2013,9/20/2013,1,105,122,1,32,Construct,,,,,,,
P,UE,M07,C03a,PUEM07C03a,PUEM07C03a,10/22/2013,10/22/2013,1,225,222,1,-46,Construct,,,,,model is not divided. Fix model,FIXED,
P,UE,M07,C03b,PUEM07C03b,PUEM07C03b,9/6/2013,9/6/2013,1,265,254,1,54,Construct,,,,,,,
P,UE,M07,C03c,PUEM07C03c,PUEM07C03c,10/30/2013,10/30/2013,1,113,111,1,41,Construct,,,,,,,
P,UE,M07,C02,PUEM07C02,PUEM07C02,12/10/2013,12/10/2013,1,437,402,1,2,Construct,,,,,,,
P,UE,M07,C01,PUEM07C01,PUEM07C01,12/12/2013,1/3/2014,23,1298,1355,2,62,Construct,Code 02.,"Joining ""C01a"" and ""C01b"" under the name of ""C01"".",Code 02a.,P-P-S-1821-0002,"model has only one part, joining a and b in the table",,
P,UE,M07,W09,PUEM07W09,PUEM07W09,3/6/2014,3/6/2014,1,643,649,1,14,Construct,,,,,,,
P,UE,M07,W08,PUEM07W08,PUEM07W08,3/20/2014,3/20/2014,1,551,545,1,18,Construct,,,,,,,
P,UE,M07,W07,PUEM07W07,PUEM07W07,4/7/2014,4/7/2014,1,425,441,1,15,Construct,,,,,,,
P,UE,M07,W06,PUEM07W06,PUEM07W06,4/22/2014,4/22/2014,1,341,327,1,28,Construct,,,,,,,
P,UE,M07,W05,PUEM07W05,PUEM07W05,5/20/2014,5/20/2014,1,321,340,1,13,Construct,,,,,,,
P,UE,M07,W04,PUEM07W04,PUEM07W04,6/2/2014,6/2/2014,1,241,248,1,11,Construct,,,,,,,
P,UE,M07,W03,PUEM07W03,PUEM07W03,6/13/2014,6/14/2014,2,266,253,2,12,Construct,,,,,,,
P,UE,M07,W02,PUEM07W02,PUEM07W02,6/26/2014,6/27/2014,2,257,251,2,62,Construct,,,,,,,
P,UE,M07,W01,PUEM07W01,PUEM07W01,8/28/2014,8/28/2014,1,113,70,1,-758,Construct,,,,,,,
P,UE,M08,F02,PUEM08F02,PUEM08F02,7/31/2012,8/1/2012,2,856,874,2,13,Construct,,,,,,,
P,UE,M08,F01,PUEM08F01,PUEM08F01,8/14/2012,9/6/2012,24,868,910,3,21,Construct,,,,,,,
P,UE,M08,C04a,PUEM08C04a,PUEM08C04a,9/27/2012,9/27/2012,1,160,160,1,-7,Construct,,,,,"model has wrong name, needs correction",FIXED,
P,UE,M08,C04b,PUEM08C04b,PUEM08C04b,9/20/2012,9/20/2012,1,196,196,1,14,Construct,,,,,,,
P,UE,M08,C04c,PUEM08C04c,PUEM08C04c,10/4/2012,10/4/2012,1,80,43,1,11,Construct,,,,,"model has wrong name, needs correction",FIXED,
P,UE,M08,C03a,PUEM08C03a,PUEM08C03a,10/15/2012,10/15/2012,1,168,159,1,-7,Construct,,,,,,,
P,UE,M08,C03b,PUEM08C03b,PUEM08C03b,10/8/2012,10/8/2012,1,204,204,1,9,Construct,,,,,,,
P,UE,M08,C03c,PUEM08C03c,PUEM08C03c,10/17/2012,10/17/2012,1,83,64,1,61,Construct,,,,,,,
P,UE,M08,C02,PUEM08C02,PUEM08C02,12/17/2012,12/18/2012,2,289,294,2,8,Construct,,,,,,,
P,UE,M08,C01,PUEM08C01,PUEM08C01,12/26/2012,1/11/2013,17,927,985,4,155,Construct,Code 02.,"Joining ""C01a"" and ""C01b"" under the name of ""C01"".",Code 02a.,P-P-S-1841-0001,"model has only one part, joining a and b in the table",,
P,UE,M08,W09,PUEM08W09,PUEM08W09,6/15/2013,6/15/2013,1,494,479,1,32,Construct,,,,,,,
P,UE,M08,W08,PUEM08W08,PUEM08W08,7/17/2013,7/18/2013,2,421,440,2,12,Construct,,,,,,,
P,UE,M08,W07,PUEM08W07,PUEM08W07,7/30/2013,7/31/2013,2,325,329,2,15,Construct,,,,,,,
P,UE,M08,W06,PUEM08W06,PUEM08W06,8/15/2013,8/15/2013,1,261,247,1,19,Construct,,,,,,,
P,UE,M08,W05,PUEM08W05,PUEM08W05,9/3/2013,9/4/2013,2,258,258,2,12,Construct,,,,,,,
P,UE,M08,W04,PUEM08W04,PUEM08W04,9/16/2013,9/16/2013,1,177,200,1,15,Construct,,,,,,,
P,UE,M08,W03,PUEM08W03,PUEM08W03,10/1/2013,10/1/2013,1,185,191,1,10,Construct,,,,,,,
P,UE,M08,W02,PUEM08W02,PUEM08W02,10/11/2013,10/12/2013,2,178,172,2,360,Construct,,,,,,,
P,UE,M08,W01,PUEM08W01,PUEM08W01,10/7/2014,10/8/2014,2,76,75,2,-1138,Construct,,,,,,,
P,UE,M09,F02,PUEM09F02,PUEM09F02,8/27/2011,8/27/2011,1,678,658,1,18,Construct,,,,,,,
P,UE,M09,F01,PUEM09F01,PUEM09F01,9/14/2011,9/27/2011,14,926,918,2,14,Construct,Code 02.,"Joining ""F01"" and ""F01 Chamfer"" under the name of ""F01"".",Code 02a.,P-P-S-1901-0001,,,"Joining poors to account Lift ""F01 Chamfer""."
P,UE,M09,C04a,PUEM09C04a,PUEM09C04a,10/11/2011,10/11/2011,1,232,232,1,87,Construct,,,,,model is not divided. Fix model,MODEL IS CORRECT,
P,UE,M09,C04b,PUEM09C04b,PUEM09C04b,1/6/2012,1/6/2012,1,200.04,103,1,-93,Construct,,,,,,,
P,UE,M09,C04c,PUEM09C04c,PUEM09C04c,10/5/2011,10/5/2011,1,80,80,1,22,Construct,,,,,,,
P,UE,M09,C03a,PUEM09C03a,PUEM09C03a,10/27/2011,10/28/2011,2,176,176,2,88,Construct,,,,,,,
P,UE,M09,C03b,PUEM09C03b,PUEM09C03b,1/24/2012,1/24/2012,1,211,189,1,-98,Construct,,,,,,,
P,UE,M09,C03c,PUEM09C03c,PUEM09C03c,10/18/2011,10/18/2011,1,80,80,1,118,Construct,,,,,,,
P,UE,M09,C02,PUEM09C02,PUEM09C02,2/13/2012,2/13/2012,1,302,299,1,14,Construct,,,,,,,
P,UE,M09,C01,PUEM09C01,PUEM09C01,2/27/2012,3/8/2012,11,1012.16,999,3,14,Construct,Code 02.,"Joining ""C01a"" and ""C01b"" under the name of ""C01"".",Code 02a.,P-P-S-1900-0002,"model has only one part, joining a and b in the table",,
P,UE,M09,W09,PUEM09W09,PUEM09W09,3/22/2012,3/23/2012,2,508,494,2,7,Construct,,,,,,,
P,UE,M09,W08,PUEM09W08,PUEM09W08,3/30/2012,3/31/2012,2,408,417,2,19,Construct,,,,,,,
P,UE,M09,W07,PUEM09W07,PUEM09W07,4/19/2012,4/20/2012,2,366,344,2,11,Construct,,,,,,,
P,UE,M09,W06,PUEM09W06,PUEM09W06,5/1/2012,5/1/2012,1,272,260,1,22,Construct,,,,,,,
P,UE,M09,W05,PUEM09W05,PUEM09W05,5/23/2012,5/23/2012,1,288,274,1,7,Construct,,,,,,,
P,UE,M09,W04,PUEM09W04,PUEM09W04,5/30/2012,5/31/2012,2,208,206,2,14,Construct,,,,,,,
P,UE,M09,W03,PUEM09W03,PUEM09W03,6/14/2012,6/14/2012,1,197,189,1,13,Construct,,,,,,,
P,UE,M09,W02,PUEM09W02,PUEM09W02,6/27/2012,6/27/2012,1,160,169,1,40,Construct,,,,,,,
P,UE,M09,W01,PUEM09W01,PUEM09W01,8/6/2012,12/2/2014,849,81,88,2,-1166,Construct,,,,,,,
P,UE,M10,F02,PUEM10F02,PUEM10F02,9/23/2011,9/23/2011,1,691.5,665,1,7,Construct,,,,,,,
P,UE,M10,F01,PUEM10F01,PUEM10F01,9/30/2011,9/30/2011,1,936,917,1,17,Construct,,,,,,,
P,UE,M10,C04a,PUEM10C04a,PUEM10C04a,10/17/2011,10/17/2011,1,248,248,1,102,Construct,,,,,model is not divided. Fix model,FIXED,
P,UE,M10,C04b,PUEM10C04b,PUEM10C04b,1/27/2012,1/27/2012,1,216,88,1,-98,Construct,,,,,,,
P,UE,M10,C04c,PUEM10C04c,PUEM10C04c,10/21/2011,10/21/2011,1,80,80,1,20,Construct,,,,,model is not divided. Fix model,FIXED,
P,UE,M10,C03a,PUEM10C03a,PUEM10C03a,11/10/2011,11/10/2011,1,168,168,1,86,Construct,,,,,model is not divided. Fix model,FIXED,
P,UE,M10,C03b,PUEM10C03b,PUEM10C03b,2/4/2012,2/4/2012,1,208,196,1,-89,Construct,,,,,,,
P,UE,M10,C03c,PUEM10C03c,PUEM10C03c,11/7/2011,11/7/2011,1,80,80,1,161,Construct,,,,,model is not divided. Fix model,FIXED,
P,UE,M10,C02,PUEM10C02,PUEM10C02,4/16/2012,4/16/2012,1,312,299,1,8,Construct,,,,,,,
P,UE,M10,C01,PUEM10C01,PUEM10C01,4/24/2012,5/10/2012,17,994,999,2,12,Construct,Code 02.,"Joining ""C01a"" and ""C01b"" under the name of ""C01"".",Code 02a.,P-P-S-1921-0002,"model has only one part, joining a and b in the table",,
P,UE,M10,W09,PUEM10W09,PUEM10W09,5/22/2012,5/22/2012,1,516,494,1,13,Construct,,,,,,,
P,UE,M10,W08,PUEM10W08,PUEM10W08,6/4/2012,6/5/2012,2,392,419,2,9,Construct,,,,,,,
P,UE,M10,W07,PUEM10W07,PUEM10W07,6/14/2012,6/14/2012,1,346,344,1,11,Construct,,,,,,,
P,UE,M10,W06,PUEM10W06,PUEM10W06,6/25/2012,6/25/2012,1,268,260,1,8,Construct,,,,,,,
P,UE,M10,W05,PUEM10W05,PUEM10W05,7/3/2012,7/4/2012,2,270,275,2,27,Construct,,,,,,,
P,UE,M10,W04,PUEM10W04,PUEM10W04,7/31/2012,7/31/2012,1,216,206,1,15,Construct,,,,,,,
P,UE,M10,W03,PUEM10W03,PUEM10W03,8/15/2012,8/15/2012,1,188,189,1,14,Construct,,,,,,,
P,UE,M10,W02,PUEM10W02,PUEM10W02,8/29/2012,9/7/2012,10,176,170,3,11,Construct,,,,,,,
P,UE,M10,W01,PUEM10W01,PUEM10W01,9/18/2012,9/18/2012,1,63,58,1,-330,Construct,,,,,,,
P,UE,M11,F02,PUEM11F02,PUEM11F02,10/24/2011,10/24/2011,1,299,276,1,7,Construct,,,,,,,
P,UE,M11,F01,PUEM11F01,PUEM11F01,10/31/2011,11/1/2011,2,392,385,2,29,Construct,,,,,,,
P,UE,M11,C04a,PUEM11C04a,PUEM11C04a,11/30/2011,11/30/2011,1,74,43,1,-29,Construct,,,,,"model has wrong name, needs correction",FIXED,
P,UE,M11,C04b,PUEM11C04b,PUEM11C04b,11/1/2011,11/1/2011,1,0,0,0,22,Construct,Code 01.,"A new row was created under the name of ""C04b"", with 0 quantities and with the dates of the preivous lift plus one day.",Code 01a.,P-P-S-1941-0001,,,
P,UE,M11,C04c,PUEM11C04c,PUEM11C04c,11/23/2011,11/26/2011,4,140,140,2,10,Construct,,,,,,,
P,UE,M11,C03a,PUEM11C03a,PUEM11C03a,12/6/2011,12/6/2011,1,72,72,1,-4,Construct,,,,,,,
P,UE,M11,C03b,PUEM11C03b,PUEM11C03b,12/2/2011,12/2/2011,1,96,96,1,7,Construct,,,,,,,
P,UE,M11,C03c,PUEM11C03c,PUEM11C03c,12/9/2011,12/9/2011,1,34,21,1,77,Construct,,,,,,,
P,UE,M11,C02,PUEM11C02,PUEM11C02,2/24/2012,2/24/2012,1,128,127,1,17,Construct,,,,,,,
P,UE,M11,C01,PUEM11C01,PUEM11C01,3/12/2012,3/12/2012,1,428,421,1,15,Construct,Code 02.,"Joining ""C01a"" and ""C01b"" under the name of ""C01"".",Code 02a.,P-P-S-1941-0001,"model has only one part, joining a and b in the table",,
P,UE,M11,W09,PUEM11W09,PUEM11W09,3/27/2012,3/27/2012,1,224,210,1,6,Construct,,,,,,,
P,UE,M11,W08,PUEM11W08,PUEM11W08,4/2/2012,4/2/2012,1,184,179,1,10,Construct,,,,,,,
P,UE,M11,W07,PUEM11W07,PUEM11W07,4/12/2012,4/12/2012,1,156,148,1,16,Construct,,,,,,,
P,UE,M11,W06,PUEM11W06,PUEM11W06,4/28/2012,4/28/2012,1,120,113,1,12,Construct,,,,,,,
P,UE,M11,W05,PUEM11W05,PUEM11W05,5/10/2012,5/10/2012,1,139,119,1,7,Construct,,,,,,,
P,UE,M11,W04,PUEM11W04,PUEM11W04,5/17/2012,5/18/2012,2,91,90,2,8,Construct,,,,,,,
P,UE,M11,W03,PUEM11W03,PUEM11W03,5/26/2012,5/26/2012,1,84,80,1,12,Construct,,,,,,,
P,UE,M11,W02,PUEM11W02,PUEM11W02,6/7/2012,6/7/2012,1,64,65,1,8,Construct,,,,,,,
P,UE,M11,W01,PUEM11W01,PUEM11W01,6/15/2012,6/15/2012,1,23,20,1,-189,Construct,,,,,,,
P,UE,M12,F02,PUEM12F02,PUEM12F02,12/9/2011,12/10/2011,2,1037,999,2,10,Construct,,,,,,,
P,UE,M12,F01a,PUEM12F01a,PUEM12F01a,12/20/2011,3/20/2012,92,767,767,3,-3,Construct,Code 02.,"Joining ""F01"" and ""F01a"" under the name of ""F01a"".",Code 02a.,P-P-S-1960-0002,"model has only one part, joining a,b,c in the table",,
P,UE,M12,F01b,PUEM12F01b,PUEM12F01b,3/17/2012,3/17/2012,1,144,87,2,37,Construct,Code 02.,"Joining ""F01b"" and ""F01c"" under the name of ""F01b"".",Code 02a.,P-P-S-1960-0002,"model has only one part, joining a,b,c in the table",,
P,UE,M12,C04a,PUEM12C04a,PUEM12C04a,4/23/2012,4/23/2012,1,168,164,1,-25,Construct,,,,,,,
P,UE,M12,C04b,PUEM12C04b,PUEM12C04b,3/29/2012,3/29/2012,1,197,194,1,35,Construct,,,,,,,
P,UE,M12,C04c,PUEM12C04c,PUEM12C04c,5/3/2012,5/3/2012,1,152,137,1,5,Construct,,,,,,,
P,UE,M12,C03a,PUEM12C03a,PUEM12C03a,5/8/2012,5/8/2012,1,176,176,1,-22,Construct,,,,,,,
P,UE,M12,C03b,PUEM12C03b,PUEM12C03b,4/16/2012,4/17/2012,2,210,210,2,34,Construct,,,,,,,
P,UE,M12,C03c,PUEM12C03c,PUEM12C03c,5/21/2012,5/21/2012,1,160,142,1,252,Construct,,,,,,,
P,UE,M12,C02,PUEM12C02,PUEM12C02,1/28/2013,1/29/2013,2,337,344,2,9,Construct,,,,,,,
P,UE,M12,C01,PUEM12C01,PUEM12C01,2/7/2013,2/20/2013,14,1091.24,1049,2,99,Construct,Code 02.,"Joining ""C01a"" and ""C01b"" under the name of ""C01"".",Code 02a.,P-P-S-1960-0002,"model has only one part, joining a and b in the table",,
P,UE,M12,W09,PUEM12W09,PUEM12W09,5/30/2013,5/31/2013,2,515,494,2,15,Construct,,,,,,,
P,UE,M12,W08,PUEM12W08,PUEM12W08,6/15/2013,6/15/2013,1,449,419,1,20,Construct,,,,,,,
P,UE,M12,W07,PUEM12W07,PUEM12W07,7/5/2013,7/5/2013,1,369,344,1,31,Construct,,,,,,,
P,UE,M12,W06,PUEM12W06,PUEM12W06,8/5/2013,8/6/2013,2,291,259,2,23,Construct,,,,,,,
P,UE,M12,W05,PUEM12W05,PUEM12W05,8/29/2013,8/29/2013,1,268,266,1,16,Construct,,,,,,,
P,UE,M12,W04,PUEM12W04,PUEM12W04,9/14/2013,9/14/2013,1,212,200,1,26,Construct,,,,,,,
P,UE,M12,W03,PUEM12W03,PUEM12W03,10/10/2013,10/11/2013,2,197,183,2,13,Construct,,,,,,,
P,UE,M12,W02,PUEM12W02,PUEM12W02,10/24/2013,10/24/2013,1,196,156,1,386,Construct,,,,,,,
P,UE,M12,W01,PUEM12W01,PUEM12W01,11/14/2014,11/14/2014,1,72,63,1,-1111,Construct,,,,,,,
P,UE,M13,F03,PUEM13F03,PUEM13F03,10/30/2011,11/2/2011,4,988,890,3,23,Construct,,,,,,,
P,UE,M13,F02,PUEM13F02,PUEM13F02,11/25/2011,11/25/2011,1,904,1030,1,41,Construct,,,,,,,
P,UE,M13,F01a,PUEM13F01a,PUEM13F01a,1/5/2012,2/17/2012,44,222,222,3,11,Construct,,,,,,,
P,UE,M13,F01b,PUEM13F01b,PUEM13F01b,2/28/2012,2/28/2012,1,288,46,1,-11,Construct,,,,,,,
P,UE,M13,F01c,PUEM13F01c,PUEM13F01c,2/17/2012,2/25/2012,9,61.98,61.98,2,12,Construct,Code 02.,"Joining ""F01c"" and ""F01c-S"" under the name of ""F01c"".",Code 02a.,P-P-S-1980-0002,"model has wrong name, needs correction",MODEL IS CORRECT,"Joining poors to account Lift ""F01 c-S"""
P,UE,M13,C04a,PUEM13C04a,PUEM13C04a,3/8/2012,3/8/2012,1,233,233,2,100,Construct,,,,,,,
P,UE,M13,C04b,PUEM13C04b,PUEM13C04b,6/16/2012,6/16/2012,1,300,300,1,-81,Construct,,,,,,,
P,UE,M13,C04c,PUEM13C04c,PUEM13C04c,3/27/2012,7/2/2012,98,153,132,3,-108,Construct,,,,,"model has wrong name, needs correction",FIXED,
P,UE,M13,C03a,PUEM13C03a,PUEM13C03a,3/16/2012,3/17/2012,2,233,233,2,104,Construct,,,,,,,
P,UE,M13,C03b,PUEM13C03b,PUEM13C03b,6/29/2012,6/29/2012,1,312,304,1,-80,Construct,,,,,,,
P,UE,M13,C03c,PUEM13C03c,PUEM13C03c,4/10/2012,11/17/2012,222,169,88,4,117,Construct,,,,,,,
P,UE,M13,C02,PUEM13C02,PUEM13C02,3/14/2013,3/15/2013,2,473,484,2,6,Construct,,,,,,,
P,UE,M13,C01,PUEM13C01,PUEM13C01,3/21/2013,4/9/2013,20,1432,1290,2,39,Construct,Code 02.,"Joining ""C01a"" and ""C01b"" under the name of ""C01"".",Code 02a.,P-P-S-1981-0002,"model has only one part, joining a and b in the table",,
P,UE,M13,W09,PUEM13W09,PUEM13W09,5/18/2013,5/18/2013,1,497,501,1,17,Construct,,,,,,,
P,UE,M13,W08,PUEM13W08,PUEM13W08,6/4/2013,6/4/2013,1,466,425,1,48,Construct,,,,,,,
P,UE,M13,W07,PUEM13W07,PUEM13W07,7/22/2013,7/22/2013,1,337,351,1,102,Construct,,,,,,,
P,UE,M13,W06,PUEM13W06,PUEM13W06,11/1/2013,11/2/2013,2,281.75,266,2,11,Construct,,,,,,,
P,UE,M13,W05,PUEM13W05,PUEM13W05,11/13/2013,11/14/2013,2,294,292,2,7,Construct,,,,,"model has wrong name, needs correction",FIXED,
P,UE,M13,W04,PUEM13W04,PUEM13W04,11/21/2013,11/21/2013,1,204,212,1,12,Construct,,,,,,,
P,UE,M13,W03,PUEM13W03,PUEM13W03,12/3/2013,12/3/2013,1,201,188,1,9,Construct,,,,,"model has wrong name, needs correction",FIXED,
P,UE,M13,W02,PUEM13W02,PUEM13W02,12/12/2013,12/12/2013,1,153,153,1,299,Construct,,,,,,,
P,UE,M13,W01,PUEM13W01,PUEM13W01,10/7/2014,10/8/2014,2,63,52,2,-1028,Construct,,,,,,,
P,UE,M14,F02,PUEM14F02,PUEM14F02,12/15/2011,12/16/2011,2,1062,999,1,5,Construct,,,,,,,
P,UE,M14,F01a,PUEM14F01,PUEM14F01a,12/21/2011,12/22/2011,2,712,712,1,83,Construct,Code 05.,"Lift ""F01"" will be renamed a ""F01a"".",Code 05a.,P-P-S-2000-0002,,,Lift F01 is accounted as F01a
P,UE,M14,F01b,PUEM14F01,PUEM14F01b,3/14/2012,3/15/2012,2,172,142,3,35,Construct,Code 02.,"Joining lifts ""F01a"", ""F01b"" and ""F01c"" under the name of ""F01b"".",Code 02a.,P-P-S-2000-0002,,,"Lifts F01a, F01b and F01 c are accounted here as F01b"
P,UE,M14,C04a,PUEM14C04a,PUEM14C04a,4/19/2012,4/19/2012,1,168,165,1,-16,Construct,,,,,,,
P,UE,M14,C04b,PUEM14C04b,PUEM14C04b,4/3/2012,4/4/2012,2,198,194,1,52,Construct,,,,,,,
P,UE,M14,C04c,PUEM14C04c,PUEM14C04c,5/26/2012,5/26/2012,1,147,136,1,-2,Construct,,,,,,,
P,UE,M14,C03a,PUEM14C03a,PUEM14C03a,5/24/2012,5/24/2012,1,171,171,1,-6,Construct,,,,,"model has wrong name, needs correction",FIXED,
P,UE,M14,C03b,PUEM14C03b,PUEM14C03b,5/18/2012,5/18/2012,1,200,200,1,32,Construct,,,,,,,
P,UE,M14,C03c,PUEM14C03c,PUEM14C03c,6/19/2012,6/19/2012,1,153,157,1,239,Construct,,,,,"model has wrong name, needs correction",FIXED,
P,UE,M14,C02,PUEM14C02,PUEM14C02,2/13/2013,2/14/2013,2,361,320,2,8,Construct,,,,,,,
P,UE,M14,C01,PUEM14C01,PUEM14C01,2/22/2013,3/5/2013,12,1064,1049,1,63,Construct,Code 02.,"Joining ""C01a"" and ""C01b"" under the name of ""C01"".",Code 02a.,P-P-S-2001-0002,"model has only one part, joining a and b in the table",,
P,UE,M14,W09,PUEM14W09,PUEM14W09,5/7/2013,5/8/2013,2,665,494,2,13,Construct,,,,,,,
P,UE,M14,W08,PUEM14W08,PUEM14W08,5/21/2013,5/22/2013,2,425,419,2,19,Construct,,,,,,,
P,UE,M14,W07,PUEM14W07,PUEM14W07,6/10/2013,6/11/2013,2,352,344,2,48,Construct,,,,,,,
P,UE,M14,W06,PUEM14W06,PUEM14W06,7/29/2013,7/29/2013,1,250,260,1,30,Construct,,,,,,,
P,UE,M14,W05,PUEM14W05,PUEM14W05,8/28/2013,8/29/2013,2,281,274,2,15,Construct,,,,,,,
P,UE,M14,W04,PUEM14W04,PUEM14W04,9/13/2013,9/14/2013,2,237,201,2,12,Construct,,,,,"model has wrong name, needs correction",FIXED,
P,UE,M14,W03,PUEM14W03,PUEM14W03,9/26/2013,9/27/2013,2,211,194,2,41,Construct,,,,,,,
P,UE,M14,W02,PUEM14W02,PUEM14W02,11/7/2013,11/8/2013,2,157,151,2,339,Construct,,,,,,,
P,UE,M14,W01,PUEM14W01,PUEM14W01,10/13/2014,10/13/2014,1,59,60,1,-1057,Construct,,,,,,,
P,UE,M15,F02,PUEM15F02,PUEM15F02,11/21/2011,11/21/2011,1,568,531,1,9,Construct,,,,,,,
P,UE,M15,F01,PUEM15F01,PUEM15F01,11/30/2011,11/30/2011,1,694,743,1,66,Construct,,,,,,,
P,UE,M15,C04a,PUEM15C04a,PUEM15C04a,2/4/2012,2/4/2012,1,152,152,1,6,Construct,,,,,,,
P,UE,M15,C04b,PUEM15C04b,PUEM15C04b,2/10/2012,2/10/2012,1,176,106,1,-1,Construct,,,,,,,
P,UE,M15,C04c,PUEM15C04c,PUEM15C04c,2/9/2012,2/9/2012,1,73,73,1,5,Construct,,,,,,,
P,UE,M15,C03a,PUEM15C03a,PUEM15C03a,2/14/2012,2/15/2012,2,161,161,2,15,Construct,,,,,,,
P,UE,M15,C03b,PUEM15C03b,PUEM15C03b,3/1/2012,3/1/2012,1,168,131,1,-7,Construct,,,,,,,
P,UE,M15,C03c,PUEM15C03c,PUEM15C03c,2/23/2012,2/23/2012,1,64,64,1,55,Construct,,,,,,,
P,UE,M15,C02,PUEM15C02,PUEM15C02,4/18/2012,4/19/2012,2,266,239,2,6,Construct,,,,,,,
P,UE,M15,C01,PUEM15C01,PUEM15C01,4/25/2012,5/10/2012,16,894,802,2,39,Construct,Code 02.,"Joining ""C01a"" and ""C01b"" under the name of ""C01"".",Code 02a.,P-P-S-2021-0002,"model has only one part, joining a and b in the table",,
P,UE,M15,W09,PUEM15W09,PUEM15W09,6/18/2012,6/19/2012,2,405,396,2,10,Construct,,,,,,,
P,UE,M15,W08,PUEM15W08,PUEM15W08,6/29/2012,6/30/2012,2,325,336,2,10,Construct,,,,,,,
P,UE,M15,W07,PUEM15W07,PUEM15W07,7/10/2012,7/10/2012,1,298,275,1,6,Construct,,,,,,,
P,UE,M15,W06,PUEM15W06,PUEM15W06,7/16/2012,7/16/2012,1,227,208,1,8,Construct,,,,,,,
P,UE,M15,W05,PUEM15W05,PUEM15W05,7/24/2012,7/24/2012,1,235,219,1,10,Construct,,,,,,,
P,UE,M15,W04,PUEM15W04,PUEM15W04,8/3/2012,8/3/2012,1,165,163,1,8,Construct,,,,,,,
P,UE,M15,W03,PUEM15W03,PUEM15W03,8/11/2012,8/11/2012,1,177,159,1,9,Construct,,,,,,,
P,UE,M15,W02,PUEM15W02,PUEM15W02,8/20/2012,8/20/2012,1,134,134,1,777,Construct,,,,,,,
P,UE,M15,W01,PUEM15W01,PUEM15W01,10/6/2014,10/6/2014,1,56,57,1,-1110,Construct,,,,,,,
P,UE,M16,F02,PUEM16F02,PUEM16F02,9/22/2011,9/22/2011,1,433,403,1,7,Construct,,,,,,,
P,UE,M16,F01,PUEM16F01,PUEM16F01,9/29/2011,10/11/2011,13,552,567,2,17,Construct,,,,,,,
P,UE,M16,C04a,PUEM16C04a,PUEM16C04a,10/28/2011,10/29/2011,2,118,118,2,13,Construct,,,,,,,
P,UE,M16,C04b,PUEM16C04b,PUEM16C04b,11/11/2011,11/11/2011,1,147,102,1,-16,Construct,,,,,,,
P,UE,M16,C04c,PUEM16C04c,PUEM16C04c,10/26/2011,10/26/2011,1,48,48,1,17,Construct,,,,,,,
P,UE,M16,C03a,PUEM16C03a,PUEM16C03a,11/12/2011,11/12/2011,1,104,104,1,4,Construct,,,,,,,
P,UE,M16,C03b,PUEM16C03b,PUEM16C03b,11/16/2011,11/16/2011,1,134,123,1,-5,Construct,,,,,,,
P,UE,M16,C03c,PUEM16C03c,PUEM16C03c,11/11/2011,11/11/2011,1,50,50,1,119,Construct,,,,,,,
P,UE,M16,C02,PUEM16C02,PUEM16C02,3/9/2012,3/9/2012,1,189,185,1,10,Construct,,,,,,,
P,UE,M16,C01,PUEM16C01,PUEM16C01,3/19/2012,4/5/2012,18,618,616,2,105,Construct,Code 02.,"Joining ""C01a"" and ""C01b"" under the name of ""C01"".",Code 02a.,P-P-S-2021-0002,"model has only one part, joining a and b in the table",,
P,UE,M16,W09,PUEM16W09,PUEM16W09,7/19/2012,7/19/2012,1,315,308,1,6,Construct,,,,,,,
P,UE,M16,W08,PUEM16W08,PUEM16W08,7/25/2012,7/25/2012,1,265,262,1,9,Construct,,,,,,,
P,UE,M16,W07,PUEM16W07,PUEM16W07,8/3/2012,8/3/2012,1,231,217,1,7,Construct,,,,,,,
P,UE,M16,W06,PUEM16W06,PUEM16W06,8/10/2012,8/10/2012,1,170,165,1,10,Construct,,,,,,,
P,UE,M16,W05,PUEM16W05,PUEM16W05,8/20/2012,8/20/2012,1,194,175,1,14,Construct,,,,,,,
P,UE,M16,W04,PUEM16W04,PUEM16W04,9/3/2012,9/3/2012,1,137,131,1,16,Construct,,,,,,,
P,UE,M16,W03,PUEM16W03,PUEM16W03,9/19/2012,9/19/2012,1,113,118,1,15,Construct,,,,,,,
P,UE,M16,W02,PUEM16W02,PUEM16W02,10/4/2012,10/5/2012,2,105,95,2,715,Construct,,,,,,,
P,UE,M16,W01,PUEM16W01,PUEM16W01,9/20/2014,9/20/2014,1,50,49,1,-920,Construct,,,,,,,
P,UE,M17,F03,PUEM17F03,PUEM17F03,3/14/2012,3/15/2012,2,584,569,2,42,Construct,,,,,"model has no F03, model needs foundation union and cuts to be performed.",FIXED,
P,UE,M17,F02,PUEM17F02,PUEM17F02,4/26/2012,4/27/2012,2,953,871,2,20,Construct,,,,,,,
P,UE,M17,F01,PUEM17F01,PUEM17F01,5/17/2012,6/28/2012,43,1156,1276,4,6,Construct,Code 02.,"Joining ""F01"", ""F01a"" and ""F01c"" under the name of ""F01"".",Code 02a.,P-P-S-2040-0001,"model has only one part, joining a,c in the table",,
P,UE,M17,C04a,PUEM17C04a,PUEM17C04a,7/4/2012,7/4/2012,1,221,221,1,10,Construct,,,,,,,
P,UE,M17,C04b,PUEM17C04b,PUEM17C04b,7/14/2012,7/24/2012,11,272,235,3,-31,Construct,,,,,,,
P,UE,M17,C04c,PUEM17C04c,PUEM17C04c,6/23/2012,6/23/2012,1,104,104,1,24,Construct,,,,,,,
P,UE,M17,C03a,PUEM17C03a,PUEM17C03a,7/17/2012,7/17/2012,1,223,223,1,27,Construct,,,,,,,
P,UE,M17,C03b,PUEM17C03b,PUEM17C03b,8/13/2012,8/13/2012,1,288,276,1,-32,Construct,,,,,,,
P,UE,M17,C03c,PUEM17C03c,PUEM17C03c,7/12/2012,7/12/2012,1,113,113,1,47,Construct,,,,,,,
P,UE,M17,C02,PUEM17C02,PUEM17C02,8/28/2012,8/29/2012,2,454,413,2,6,Construct,,,,,,,
P,UE,M17,C01,PUEM17C01,PUEM17C01,9/4/2012,9/14/2012,11,1396,1382,4,265,Construct,Code 02.,"Joining ""C01a"" and ""C01b"" under the name of ""C01"".",Code 02a.,P-P-S-2041-0001,"model has only one part, joining a and b in the table",,
P,UE,M17,W09,PUEM17W09,PUEM17W09,6/6/2013,6/7/2013,2,683,680,2,36,Construct,,,,,,,
P,UE,M17,W08,PUEM17W08,PUEM17W08,7/13/2013,7/13/2013,1,595,576,1,24,Construct,,,,,,,
P,UE,M17,W07,PUEM17W07,PUEM17W07,8/6/2013,8/7/2013,2,474,471,2,19,Construct,,,,,,,
P,UE,M17,W06,PUEM17W06,PUEM17W06,8/26/2013,8/26/2013,1,347,355,1,15,Construct,,,,,,,
P,UE,M17,W05,PUEM17W05,PUEM17W05,9/10/2013,9/11/2013,2,381,373,2,12,Construct,,,,,,,
P,UE,M17,W04,PUEM17W04,PUEM17W04,9/23/2013,9/24/2013,2,281,280,2,13,Construct,,,,,,,
P,UE,M17,W03,PUEM17W03,PUEM17W03,10/7/2013,10/7/2013,1,253,257,1,10,Construct,,,,,,,
P,UE,M17,W02,PUEM17W02,PUEM17W02,10/17/2013,10/17/2013,1,233,213,1,391,Construct,,,,,,,
P,UE,M17,W01,PUEM17W01,PUEM17W01,11/12/2014,11/12/2014,1,105,94,1,-854,Construct,,,,,,,
P,UE,M18,F02,PUEM18F02,PUEM18F02,7/11/2012,7/12/2012,2,408,392,2,15,Construct,,,,,,,
P,UE,M18,F01,PUEM18F01,PUEM18F01,7/27/2012,7/28/2012,2,536,554,2,63,Construct,,,,,,,
P,UE,M18,C04a,PUEM18C04a,PUEM18C04a,9/29/2012,9/29/2012,1,96,96,1,24,Construct,,,,,,,
P,UE,M18,C04b,PUEM18C04b,PUEM18C04b,10/23/2012,10/24/2012,2,129,106,2,-23,Construct,,,,,,,
P,UE,M18,C04c,PUEM18C04c,PUEM18C04c,10/1/2012,10/1/2012,1,48,48,1,15,Construct,,,,,,,
P,UE,M18,C03a,PUEM18C03a,PUEM18C03a,10/16/2012,10/16/2012,1,106,106,1,22,Construct,,,,,,,
P,UE,M18,C03b,PUEM18C03b,PUEM18C03b,11/7/2012,11/7/2012,1,112.5,99,1,-19,Construct,,,,,,,
P,UE,M18,C03c,PUEM18C03c,PUEM18C03c,10/19/2012,10/20/2012,2,54,54,2,35,Construct,,,,,,,
P,UE,M18,C02,PUEM18C02,PUEM18C02,11/24/2012,11/24/2012,1,182,179,1,9,Construct,,,,,,,
P,UE,M18,C01,PUEM18C01,PUEM18C01,12/3/2012,12/11/2012,9,638,602,2,41,Construct,Code 02.,"Joining ""C01a"" and ""C01b"" under the name of ""C01"".",Code 02a.,P-P-S-2061-0001,"model has only one part, joining a and b in the table",,
P,UE,M18,W09,PUEM18W09,PUEM18W09,1/21/2013,1/21/2013,1,353,293,1,25,Construct,,,,,,,
P,UE,M18,W08,PUEM18W08,PUEM18W08,2/15/2013,2/16/2013,2,257,247,2,63,Construct,,,,,,,
P,UE,M18,W07,PUEM18W07,PUEM18W07,4/20/2013,4/20/2013,1,217,202,1,11,Construct,,,,,,,
P,UE,M18,W06,PUEM18W06,PUEM18W06,5/1/2013,5/1/2013,1,145,151,1,217,Construct,,,,,,,
P,UE,M18,W05,PUEM18W05,PUEM18W05,12/4/2013,12/4/2013,1,160,160,1,13,Construct,,,,,,,
P,UE,M18,W04,PUEM18W04,PUEM18W04,12/17/2013,12/17/2013,1,125,119,1,9,Construct,,,,,,,
P,UE,M18,W03,PUEM18W03,PUEM18W03,12/26/2013,12/27/2013,2,145.56,108,2,20,Construct,,,,,,,
P,UE,M18,W02,PUEM18W02,PUEM18W02,1/16/2014,1/16/2014,1,109,91,1,238,Construct,,,,,,,
P,UE,M18,W01,PUEM18W01,PUEM18W01,9/11/2014,9/11/2014,1,39,41,1,-672,Construct,,,,,,,
P,UE,M19,F02,PUEM19F02,PUEM19F02,11/8/2012,11/9/2012,2,756.04,755,2,20,Construct,,,,,,,
P,UE,M19,F01,PUEM19F01,PUEM19F01,11/29/2012,11/30/2012,2,1148,1155,2,11,Construct,,,,,,,
P,UE,M19,C04a,PUEM19C04a,PUEM19C04a,12/11/2012,12/11/2012,1,224,224,1,130,Construct,,,,,,,
P,UE,M19,C04b,PUEM19C04b,PUEM19C04b,4/20/2013,4/20/2013,1,265,215,1,-88,Construct,,,,,,,
P,UE,M19,C04c,PUEM19C04c,PUEM19C04c,1/22/2013,1/22/2013,1,113,122,1,-33,Construct,,,,,,,
P,UE,M19,C03a,PUEM19C03a,PUEM19C03a,12/20/2012,12/21/2012,2,260,268,2,143,Construct,,,,,,,
P,UE,M19,C03b,PUEM19C03b,PUEM19C03b,5/13/2013,5/14/2013,2,241,254,2,-13,Construct,,,,,,,
P,UE,M19,C03c,PUEM19C03c,PUEM19C03c,5/1/2013,5/1/2013,1,117,111,1,56,Construct,,,,,,,
P,UE,M19,C02,PUEM19C02,PUEM19C02,6/26/2013,6/27/2013,2,425,438,2,6,Construct,,,,,,,
P,UE,M19,C01,PUEM19C01,PUEM19C01,7/3/2013,7/17/2013,15,1329,1418,4,21,Construct,Code 02.,"Joining ""C01a"" and ""C01b"" under the name of ""C01"".",Code 02a.,P-P-S-2081-0002,"model has only one part, joining a and b in the table",,
P,UE,M19,W09,PUEM19W09,PUEM19W09,8/7/2013,8/7/2013,1,666,649,1,13,Construct,,,,,,,
P,UE,M19,W08,PUEM19W08,PUEM19W08,8/20/2013,8/21/2013,2,559,545,2,27,Construct,,,,,,,
P,UE,M19,W07,PUEM19W07,PUEM19W07,9/17/2013,9/17/2013,1,457,441,1,20,Construct,,,,,,,
P,UE,M19,W06,PUEM19W06,PUEM19W06,10/7/2013,10/8/2013,2,321,327,2,13,Construct,,,,,,,
P,UE,M19,W05,PUEM19W05,PUEM19W05,10/21/2013,10/21/2013,1,365,340,1,11,Construct,,,,,,,
P,UE,M19,W04,PUEM19W04,PUEM19W04,11/1/2013,11/2/2013,2,241.16,248,2,18,Construct,,,,,,,
P,UE,M19,W03,PUEM19W03,PUEM19W03,11/20/2013,11/21/2013,2,280,253,2,12,Construct,,,,,,,
P,UE,M19,W02,PUEM19W02,PUEM19W02,12/3/2013,12/4/2013,2,265,242,2,278,Construct,,,,,,,
P,UE,M19,W01,PUEM19W01,PUEM19W01,9/8/2014,9/8/2014,1,115,118,1,-868,Construct,,,,,,,
P,UE,M20,F02,PUEM20F02,PUEM20F02,4/23/2012,4/24/2012,2,856,810,2,18,Construct,,,,,,,
P,UE,M20,F01,PUEM20F01,PUEM20F01,5/12/2012,6/21/2012,41,896,910,4,8,Construct,Code 02.,"Joining ""F01"", ""F01a"" and ""F01b"" under the name of ""F01"".",Code 02a.,P-P-S-2100-0002,"model has only one part, joining a and b in the table",,
P,UE,M20,C04a,PUEM20C04a,PUEM20C04a,6/29/2012,6/29/2012,1,168,168,1,5,Construct,,,,,,,
P,UE,M20,C04b,PUEM20C04b,PUEM20C04b,7/4/2012,7/4/2012,1,168,149,1,-20,Construct,,,,,,,
P,UE,M20,C04c,PUEM20C04c,PUEM20C04c,6/14/2012,6/14/2012,1,80,80,1,28,Construct,,,,,,,
P,UE,M20,C03a,PUEM20C03a,PUEM20C03a,7/12/2012,7/12/2012,1,164,164,3,14,Construct,,,,,,,
P,UE,M20,C03b,PUEM20C03b,PUEM20C03b,7/26/2012,7/26/2012,1,190,167,1,-34,Construct,,,,,,,
P,UE,M20,C03c,PUEM20C03c,PUEM20C03c,6/22/2012,6/23/2012,2,96,96,,224,Construct,Code 02.,"Joining ""C03"" and ""C03"" under the name of ""C03c"".",Code 02a.,P-P-S-2101-0002,,,"""F03"" does not exist in the drawings.  Numbers of poor F03 are accounted as F03c"
P,UE,M20,C02,PUEM20C02,PUEM20C02,2/2/2013,2/2/2013,1,289,294,1,5,Construct,,,,,,,
P,UE,M20,C01,PUEM20C01,PUEM20C01,2/7/2013,2/16/2013,10,1002,1023,3,37,Construct,Code 02.,"Joining ""C01a"" and ""C01b"" under the name of ""C01"".",Code 02a.,P-P-S-2101-0002,"model has only one part, joining a and b in the table",,
P,UE,M20,W09,PUEM20W09,PUEM20W09,3/25/2013,3/26/2013,2,485,479,2,10,Construct,,,,,,,
P,UE,M20,W08,PUEM20W08,PUEM20W08,4/5/2013,4/5/2013,1,408,404,1,8,Construct,,,,,,,
P,UE,M20,W07,PUEM20W07,PUEM20W07,4/13/2013,4/13/2013,1,417,329,1,11,Construct,,,,,,,
P,UE,M20,W06,PUEM20W06,PUEM20W06,4/24/2013,4/24/2013,1,252,255,1,13,Construct,,,,,,,
P,UE,M20,W05,PUEM20W05,PUEM20W05,5/7/2013,5/8/2013,2,272,258,2,17,Construct,,,,,,,
P,UE,M20,W04,PUEM20W04,PUEM20W04,5/25/2013,5/25/2013,1,200,191,1,13,Construct,,,,,,,
P,UE,M20,W03,PUEM20W03,PUEM20W03,6/7/2013,6/8/2013,2,192,189,2,17,Construct,,,,,,,
P,UE,M20,W02,PUEM20W02,PUEM20W02,6/25/2013,6/26/2013,2,176,171,2,462,Construct,,,,,,,
P,UE,M20,W01,PUEM20W01,PUEM20W01,10/1/2014,10/2/2014,2,87,72,2,-1129,Construct,,,,,,,
P,UE,M21,F03a,PUEM21F03a,PUEM21F03a,8/30/2011,8/30/2011,1,381,380,1,13,Construct,,,,,,,
P,UE,M21,F03b,PUEM21F03b,PUEM21F03b,9/12/2011,9/12/2011,1,425,403,1,15,Construct,,,,,,,
P,UE,M21,F02a,PUEM21F02a,PUEM21F02a,9/27/2011,2/27/2012,154,476,430,4,-132,Construct,,,,,,,
P,UE,M21,F02b,PUEM21F02b,PUEM21F02b,10/18/2011,10/18/2011,1,504,488,1,147,Construct,,,,,,,
P,UE,M21,F01a,PUEM21F01a,PUEM21F01a,3/13/2012,3/13/2012,1,208.1,165,1,-146,Construct,,,,,,,
P,UE,M21,F01b,PUEM21F01b,PUEM21F01b,10/19/2011,10/19/2011,1,0,0,0,147,Construct,Code 01.,"A new row was created under the name of ""f01 b"", with 0 quantities and with the dates of the preivous lift plus one day.",Code 01a.,P-P-S-2120-0001,,,
P,UE,M21,C06a,PUEM21C06a,PUEM21C06a,3/14/2012,3/14/2012,1,0,0,0,71,Construct,Code 01.,"A new row was created under the name of ""C06a"", with 0 quantities and with the dates of the preivous lift plus one day.",Code 01a.,P-P-S-2121-0002,,,
P,UE,M21,C06b,PUEM21C06b,PUEM21C06b,5/24/2012,5/24/2012,1,208,220,1,76,Construct,,,,,,,
P,UE,M21,C06c,PUEM21C06c,PUEM21C06c,8/8/2012,8/8/2012,1,88,80,1,-146,Construct,,,,,,,
P,UE,M21,C05a,PUEM21C05a,PUEM21C05a,3/15/2012,3/15/2012,1,0,0,0,71,Construct,Code 01.,"A new row was created under the name of ""C03a"", with 0 quantities and with the dates of the preivous lift plus one day.",Code 01a.,P-P-S-2121-0002,,,
P,UE,M21,C05b,PUEM21C05b,PUEM21C05b,5/25/2012,5/25/2012,1,0,0,0,76,Construct,Code 01.,"A new row was created under the name of ""C03b"", with 0 quantities and with the dates of the preivous lift plus one day.",Code 01a.,P-P-S-2121-0002,,,
P,UE,M21,C05c,PUEM21C05c,PUEM21C05c,8/9/2012,8/9/2012,1,0,0,0,-7,Construct,Code 01.,"A new row was created under the name of ""C03c"", with 0 quantities and with the dates of the preivous lift plus one day.",Code 01a.,P-P-S-2121-0002,,,
P,UE,M21,C04a,PUEM21C04a,PUEM21C04a,8/2/2012,8/2/2012,1,162,155,1,-59,Construct,,,,,,,
P,UE,M21,C04b,PUEM21C04b,PUEM21C04b,6/4/2012,6/5/2012,2,216,210,2,83,Construct,,,,,,,
P,UE,M21,C04c,PUEM21C04c,PUEM21C04c,8/27/2012,8/27/2012,1,57,50,1,275,Construct,,,,,,,
P,UE,M21,C03a,PUEM21C03a,PUEM21C03a,5/29/2013,5/29/2013,1,160,162,1,0,Construct,Code 03,"Lift ""C03"" will be separated into ""C03a"" and ""C03b"". All quantities will be assigned to ""C03a"".",Code 03a.,P-P-S-2121-0002,,,
P,UE,M21,C03b,PUEM21C03b,PUEM21C03b,5/29/2013,5/29/2013,1,0,0,0,35,Construct,Code 03,"Lift ""C03"" will be separated into ""C03a"" and ""C03b"". All quantities will be assigned to ""C03a"".",Code 03a.,P-P-S-2121-0002,,,
P,UE,M21,C02,PUEM21C02,PUEM21C02,7/3/2013,7/4/2013,2,352,356,2,-14,Construct,,,,,,,
P,UE,M21,C01,PUEM21C01,PUEM21C01,6/20/2013,7/4/2013,15,940,985,4,8,Construct,Code 02.,"Joining ""C01a"" and ""C01b"" under the name of ""C01"".",Code 02a.,P-P-S-2121-0001,"model has only one part, joining a and b in the table",,
P,UE,M21,W09,PUEM21W09,PUEM21W09,7/12/2013,7/13/2013,2,480,493,2,11,Construct,,,,,,,
P,UE,M21,W08,PUEM21W08,PUEM21W08,7/24/2013,7/24/2013,1,424,418,1,14,Construct,,,,,,,
P,UE,M21,W07,PUEM21W07,PUEM21W07,8/7/2013,8/7/2013,1,348,343,1,15,Construct,,,,,,,
P,UE,M21,W06,PUEM21W06,PUEM21W06,8/22/2013,8/22/2013,1,264,260,1,19,Construct,,,,,,,
P,UE,M21,W05,PUEM21W05,PUEM21W05,9/10/2013,9/11/2013,2,272,273,2,6,Construct,,,,,,,
P,UE,M21,W04,PUEM21W04,PUEM21W04,9/17/2013,9/17/2013,1,200,206,1,9,Construct,,,,,,,
P,UE,M21,W03,PUEM21W03,PUEM21W03,9/26/2013,9/27/2013,2,176,184,2,11,Construct,,,,,,,
P,UE,M21,W02,PUEM21W02,PUEM21W02,10/8/2013,10/8/2013,1,156,160,1,343,Construct,,,,,,,
P,UE,M21,W01,PUEM21W01,PUEM21W01,9/16/2014,9/16/2014,1,71,63,1,-1056,Construct,,,,,,,
P,UE,M22,F05,PUEM22F05,PUEM22F05,10/26/2011,10/27/2011,2,376,395,2,77,Construct,,,,,,,
P,UE,M22,F04,PUEM22F04,PUEM22F04,1/12/2012,2/28/2012,48,598.06,512,5,23,Construct,,,,,,,
P,UE,M22,F03a,PUEM22F03a,PUEM22F03a,3/22/2012,3/22/2012,1,217,191,1,161,Construct,,,,,,,
P,UE,M22,F03b,PUEM22F03b,PUEM22F03b,8/30/2012,8/30/2012,1,72,0,1,-160,Construct,,,,,,,
P,UE,M22,F02a,PUEM22F02a,PUEM22F02a,3/23/2012,3/23/2012,1,0,0,0,165,Construct,Code 01.,"A new row was created under the name of ""F02a"", with 0 quantities and with the dates of the preivous lift plus one day.",Code 01a.,P-P-S-2140-0003,,,
P,UE,M22,F02b,PUEM22F02b,PUEM22F02b,9/4/2012,9/5/2012,2,544,561,2,-165,Construct,,,,,,,
P,UE,M22,F01a,PUEM22F01a,PUEM22F01a,3/24/2012,3/24/2012,1,0,0,0,181,Construct,Code 01.,"A new row was created under the name of ""F01ab"", with 0 quantities and with the dates of the preivous lift plus one day.",Code 01a.,P-P-S-2140-0003,,,
P,UE,M22,F01b,PUEM22F01b,PUEM22F01b,9/21/2012,9/22/2012,2,512,512,2,-2,Construct,,,,,,,
P,UE,M22,F01c,PUEM22F01c,PUEM22F01c,9/20/2012,1/24/2013,127,12,0,1,-139,Construct,,,,,,,
P,UE,M22,C06,PUEM22C06,PUEM22C06,9/7/2012,3/7/2013,182,209,194,2,33,Construct,Code 02.,"Joining ""C06a"" and ""C06c"" under the name of ""C06"".",Code 02a.,P-P-S-2141-0001,"model is missing C06, table could be wrong",,
P,UE,M22,C05a,PUEM22C05a,PUEM22C05a,4/9/2013,4/10/2013,2,325,228,2,-1,Construct,Code 03.,"Lift ""C05"" will be separated into ""C05a"" and ""CD5c"".  All quantities will be assigned to ""C05a"".",Code 03a.,P-P-S-2140-0003,"model is missing piece, correct, aslo model has 05c.",No C06a on the drawing P-P-S-2140-0003-09_0,
P,UE,M22,C05c,PUEM22C05c,PUEM22C05c,4/9/2013,4/10/2013,2,325,228,2,13,Construct,Code 03.,"Lift ""C05"" will be separated into ""C05a"" and ""CD5c"".  All quantities will be assigned to ""C05a"".",Code 03a.,P-P-S-2140-0003,"model is missing piece, correct, aslo model has 05c.",No C06a on the drawing P-P-S-2140-0003-09_0,
P,UE,M22,C04a,PUEM22C04a,PUEM22C04a,4/23/2013,4/24/2013,2,330,336,2,-70,Construct,,,,,,,
P,UE,M22,C04b,PUEM22C04b,PUEM22C04b,2/13/2013,2/13/2013,1,208,203,1,82,Construct,,,,,,,
P,UE,M22,C03a,PUEM22C03a,PUEM22C03a,5/6/2013,5/14/2013,9,736,747,2,-82,Construct,,,,,,,
P,UE,M22,C03b,PUEM22C03b,PUEM22C03b,2/21/2013,2/22/2013,2,194,205,2,133,Construct,,,,,,,
P,UE,M22,C02,PUEM22C02,PUEM22C02,7/5/2013,7/5/2013,1,208,220,1,6,Construct,,,,,,,
P,UE,M22,C01,PUEM22C01,PUEM22C01,7/11/2013,7/19/2013,9,704,725,2,11,Construct,Code 02.,"Joining ""C01a"" and ""C01b"" under the name of ""C01"".",Code 02a.,P-P-S-2141-0001,"model has only one part, joining a and b in the table",,
P,UE,M22,W09,PUEM22W09,PUEM22W09,7/30/2013,7/31/2013,2,488,489,2,15,Construct,,,,,,,
P,UE,M22,W08,PUEM22W08,PUEM22W08,8/15/2013,8/16/2013,2,396,420,2,17,Construct,,,,,,,
P,UE,M22,W07,PUEM22W07,PUEM22W07,9/2/2013,9/2/2013,1,328,344,1,12,Construct,,,,,,,
P,UE,M22,W06,PUEM22W06,PUEM22W06,9/14/2013,9/14/2013,1,252,260,1,11,Construct,,,,,,,
P,UE,M22,W05,PUEM22W05,PUEM22W05,9/25/2013,9/26/2013,2,280,273,2,9,Construct,,,,,,,
P,UE,M22,W04,PUEM22W04,PUEM22W04,10/5/2013,10/5/2013,1,204,205,1,11,Construct,,,,,,,
P,UE,M22,W03,PUEM22W03,PUEM22W03,10/16/2013,10/17/2013,2,208,160,2,6,Construct,,,,,,,
P,UE,M22,W02,PUEM22W02,PUEM22W02,10/23/2013,10/23/2013,1,158,157,1,316,Construct,,,,,,,
P,UE,M22,W01,PUEM22W01,PUEM22W01,9/4/2014,9/4/2014,1,80,74,1,-1113,Construct,,,,,,,
P,UE,M23,F07,PUEM23F07,PUEM23F07,8/18/2011,8/18/2011,1,528,482,1,19,Construct,,,,,,,
P,UE,M23,F06,PUEM23F06,PUEM23F06,9/6/2011,12/3/2012,455,681,556,2,8,Construct,,,,,,,
P,UE,M23,F05a,PUEM23F05a,PUEM23F05a,12/11/2012,12/12/2012,2,120,141,2,16,Construct,,,,,F05 does not exist in model…to be reviewed,FIXED,
P,UE,M23,F05b,PUEM23F05b,PUEM23F05b,12/28/2012,12/28/2012,1,121,80,1,7,Construct,,,,,F05 does not exist in model…to be reviewed,FIXED,
P,UE,M23,F04a,PUEM23F04a,PUEM23F04a,1/4/2013,1/4/2013,1,208,198,1,6,Construct,,,,,"model not divided, fix model",FIXED,
P,UE,M23,F04b,PUEM23F04b,PUEM23F04b,1/10/2013,1/11/2013,2,287,198,2,28,Construct,,,,,"model not divided, fix model",FIXED,
P,UE,M23,F03,PUEM23F03,PUEM23F03,2/8/2013,2/19/2013,12,567,563,2,22,Construct,Code 02.,"Joining ""F03a"" and ""F03b"" under the name of ""F03.",Code 02a.,P-P-S-2162-0001,"model not divided, fix model",Drawing revision P-P-S2163-0001-09_0 and P-P-S2163-0001-03_0 ,
P,UE,M23,F02,PUEM23F02,PUEM23F02,3/13/2013,3/13/2013,1,449,456,1,3,Construct,,,,,"model and table not divided in 2, verify",Model has one single slice check drawings P-P-S2163-0001-09_0 and P-P-S2163-0001-03_0 naming conflicts,
P,UE,M23,F01,PUEM23F01,PUEM23F01,3/16/2013,4/2/2013,18,1781,1781,5,16,Construct,Code 02.,"Joining ""F01a"" and ""F01b"" under the name of ""F01"".",Code 02a.,P-P-S-2161-0001,"model has only one part, joining a and b in the table",,
P,UE,M23,C04,PUEM23C04,PUEM23C04,4/18/2013,4/19/2013,2,816,886,2,11,Construct,,,,,,,
P,UE,M23,C03,PUEM23C03,PUEM23C03,4/30/2013,5/1/2013,2,733,700,2,19,Construct,,,,,,,
P,UE,M23,C02,PUEM23C02,PUEM23C02,5/20/2013,5/21/2013,2,301,279,2,2,Construct,,,,,,,
P,UE,M23,C01,PUEM23C01,PUEM23C01,5/23/2013,5/31/2013,9,884,822,3,11,Construct,Code 02.,"Joining ""C01a"" and ""C01b"" under the name of ""C01"".",Code 02a.,P-P-S-2161-0001,"model has only one part, joining a and b in the table",,
P,UE,M23,W09,PUEM23W09,PUEM23W09,6/11/2013,6/12/2013,2,552,568,2,20,Construct,,,,,,,
P,UE,M23,W08,PUEM23W08,PUEM23W08,7/2/2013,7/2/2013,1,480,485,1,8,Construct,,,,,,,
P,UE,M23,W07,PUEM23W07,PUEM23W07,7/10/2013,7/11/2013,2,408,394,2,28,Construct,,,,,,,
P,UE,M23,W06,PUEM23W06,PUEM23W06,8/8/2013,8/9/2013,2,284,300,2,28,Construct,,,,,,,
P,UE,M23,W05,PUEM23W05,PUEM23W05,9/6/2013,9/6/2013,1,312,314,1,13,Construct,,,,,,,
P,UE,M23,W04,PUEM23W04,PUEM23W04,9/19/2013,9/20/2013,2,212,235,2,13,Construct,,,,,,,
P,UE,M23,W03,PUEM23W03,PUEM23W03,10/3/2013,10/4/2013,2,236,216,2,6,Construct,,,,,,,
P,UE,M23,W02,PUEM23W02,PUEM23W02,10/10/2013,10/11/2013,2,180,160,2,323,Construct,,,,,,,
P,UE,M23,W01,PUEM23W01,PUEM23W01,8/30/2014,8/30/2014,1,87,70,1,,Construct,,,,,,,
