Side,Structure,Monolith,Lift,Collated,Name,Actual Start,Actual End,Duration in days,Actual Quantity,Design Quantity,Number of Pours,Days before next lift,Activity Type,Revision Process,,,RFC,Notes,,
P,UW,M01,F02,PUWM01F02,PUWM01F02,02/24/2012,02/25/2012,2,568,530,2,5,Construct,.,,,,"model has wrong name, correct.",,
P,UW,M01,F01,PUWM01F01,PUWM01F01,03/01/2012,03/01/2012,1,764,790,1,26,Construct,,,,,,,
P,UW,M01,C10,PUWM01C10,PUWM01C10,03/27/2012,03/28/2012,2,927,927,2,29,Construct,,,,,,,
P,UW,M01,C09,PUWM01C09,PUWM01C09,04/26/2012,04/26/2012,1,370,350,1,40,Construct,,,,,,,
P,UW,M01,C08,PUWM01C08,PUWM01C08,06/05/2012,06/07/2012,3,528,805,3,12,Construct,,,,,,,
P,UW,M01,C07,PUWM01C07,PUWM01C07,06/19/2012,06/21/2012,3,873,755,3,26,Construct,,,,,,,
P,UW,M01,C06b,PUWM01C06b,PUWM01C06b,07/17/2012,07/17/2012,1,288,265,1,13,Construct,Code 05.,"Lift ""C06"" will be renamed as ""C06b"".",Code 05a.,P-P-S-1203-0001,"Model has C06a and b, changing name to C06 b",,
P,UW,M01,C06a,PUWM01C06a,PUWM01C06a,07/30/2012,07/30/2012,1,73,0,1,10,Construct,,,,,,,
P,UW,M01,C05a,PUWM01C05a,PUWM01C05a,08/09/2012,08/09/2012,1,128,128,1,61,Construct,,,,,,,
P,UW,M01,C05b,PUWM01C05b,PUWM01C05b,10/09/2012,10/10/2012,2,462,457,2,-50,Construct,,,,,,,
P,UW,M01,C04a,PUWM01C04a,PUWM01C04a,08/21/2012,08/22/2012,2,123,123,2,57,Construct,,,,,,,
P,UW,M01,C04b,PUWM01C04b,PUWM01C04b,10/18/2012,10/19/2012,2,509,482,2,-52,Construct,,,,,,,
P,UW,M01,C03a,PUWM01C03a,PUWM01C03a,08/28/2012,08/28/2012,1,61,61,1,60,Construct,,,,,,,
P,UW,M01,C03b,PUWM01C03b,PUWM01C03b,10/27/2012,10/27/2012,1,190,190,1,117,Construct,,,,,"Model has wrong name (capital b), correct.",,
P,UW,M01,C02,PUWM01C02,PUWM01C02,02/21/2013,02/21/2013,1,390,370,1,18,Construct,,,,,,,
P,UW,M01,C01,PUWM01C01,PUWM01C01,03/11/2013,03/12/2013,2,1055,1092,2,267,Construct,Code 05.,"Lift ""C01b"" will be renamed as ""C01"".",Code 05a.,P-P-S-1203-0001,"model has conly C01, chaning name.",,
P,UW,M01,W08,PUWM01W08,PUWM01W08,12/04/2013,12/04/2013,1,120,105,1,12,Construct,,,,,,,
P,UW,M01,W07,PUWM01W07,PUWM01W07,12/16/2013,12/16/2013,1,176,180,1,50,Construct,,,,,,,
P,UW,M01,W06,PUWM01W06,PUWM01W06,02/04/2014,02/04/2014,1,266,275,1,38,Construct,,,,,,,
P,UW,M01,W05,PUWM01W05,PUWM01W05,03/14/2014,03/14/2014,1,260,262,1,20,Construct,,,,,,,
P,UW,M01,W04,PUWM01W04,PUWM01W04,04/03/2014,04/11/2014,9,487,482,2,10,Construct,Code 02.,"Joining ""W04"" and ""W04 (1st stage)"" under the name of ""W04"".",Code 02a.,P-P-S-1203-0001,"Model has only w04, joining all W04",,
P,UW,M01,W03,PUWM01W03,PUWM01W03,04/21/2014,04/21/2014,1,116,121,1,29,Construct,,,,,,,
P,UW,M01,W02,PUWM01W02,PUWM01W02,05/20/2014,05/20/2014,1,146,155,1,35,Construct,,,,,,,
P,UW,M01,W01,PUWM01W01,PUWM01W01,06/24/2014,06/25/2014,2,56,59,2,-866,Construct,,,,,,,
P,UW,M02,F03,PUWM02F03,PUWM02F03,02/10/2012,02/10/2012,1,158,150,1,0,Construct,Code 03.,"Lift ""F03+F04"" will be separated into ""F03"" and ""F04"". All quantities will be assigned to ""F03"".",Code 03a.,P-P-S-1720-0002,Model has no F04 or F03 - activities will be removed in navisworls.,,
P,UW,M02,F04,PUWM02F04,PUWM02F04,02/10/2012,02/10/2012,1,0,0,0,-15,Construct,Code 03.,"Lift ""F03+F04"" will be separated into ""F03"" and ""F04"". All quantities will be assigned to ""F03"".",Code 03a.,P-P-S-1720-0002,,,
P,UW,M02,F02b,PUWM02F02b,PUWM02F02b,01/26/2012,01/27/2012,2,442,442,2,19,Construct,Code 05.,"Lift ""F02"" will be renamed a ""F02b"".",Code 05a.,P-P-S-1723-0002,"Model has F02a and F02b, changing name in tbale",,
P,UW,M02,F02a,PUWM02F02a,PUWM02F02a,02/15/2012,02/16/2012,2,256,243,2,35,Construct,,,,,,,
P,UW,M02,F01a,PUWM02F01a,PUWM02F01a,03/22/2012,03/22/2012,1,384,408,1,-44,Construct,,,,,Table and model have correct name..review model.,,
P,UW,M02,F01b,PUWM02F01b,PUWM02F01b,02/07/2012,02/07/2012,1,552.1,552.1,1,175,Construct,,,,,,,
P,UW,M02,C07a,PUWM02C07a,PUWM02C07a,07/31/2012,08/01/2012,2,76,0,2,-112,Construct,,,,,,,
P,UW,M02,C07b,PUWM02C07b,PUWM02C07b,04/11/2012,04/11/2012,1,525,460,1,-19,Construct,Code 05.,"Lift ""C07 a+b"" will be renamed a ""C07b"".",Code 05a.,P-P-S-1723-0002,Changing name to C07b - model has only a and b,,
P,UW,M02,C07c,PUWM02C07c,PUWM02C07c,03/23/2012,03/23/2012,1,0,0,0,140,Construct,Code 01.,"A new row was created under the name of ""C07c"" with 0 quantities and with the dates of the previous lift plus one day.",Code 01a.,P-P-S-1723-0002,Changing name to C07b - model has only a and b,,
P,UW,M02,C05a,PUWM02C05a,PUWM02C05a,08/10/2012,08/10/2012,1,161,184,1,0,Construct,Code 03.,"Lift ""C05a"" + ""C06a"" will be separated into ""C05a"" and ""C206a"".  All quantities will be assigned to ""C05a"".",Code 03a.,P-P-S-1722-0002,"model has wrong name, correct.",,
P,UW,M02,C06a,PUWM02C06a,PUWM02C06a,08/10/2012,08/10/2012,1,0,0,0,-91,Construct,Code 03.,"Lift ""C05a"" + ""C06a"" will be separated into ""C05a"" and ""C206a"".  All quantities will be assigned to ""C05a"".",Code 03a.,P-P-S-1722-0002,"model has wrong name, correct.",,
P,UW,M02,C05b,PUWM02C05b,PUWM02C05b,05/11/2012,05/12/2012,2,526,526,2,-1,Construct,Code 03.,"Lift ""C05&C06 b+c"" will be separated into ""C05b"", ""C05c"", ""C06b"" and ""C06c"".  All quantities will be assigned to ""C05b"".",Code 03a.,P-P-S-1723-0002,Changing name only to C05b,,
P,UW,M02,C05c,PUWM02C05c,PUWM02C05c,05/11/2012,05/12/2012,2,0,0,0,-1,Construct,Code 03.,"Lift ""C05&C06 b+c"" will be separated into ""C05b"", ""C05c"", ""C06b"" and ""C06c"".  All quantities will be assigned to ""C05b"".",Code 03a.,P-P-S-1723-0002,Changing name only to C05b,,
P,UW,M02,C06b,PUWM02C06b,PUWM02C06b,05/11/2012,05/12/2012,2,0,0,0,-1,Construct,Code 03.,"Lift ""C05&C06 b+c"" will be separated into ""C05b"", ""C05c"", ""C06b"" and ""C06c"".  All quantities will be assigned to ""C05b"".",Code 03a.,P-P-S-1723-0002,Changing name only to C05b,,
P,UW,M02,C06c,PUWM02C06c,PUWM02C06c,05/11/2012,05/12/2012,2,0,0,0,108,Construct,Code 03.,"Lift ""C05&C06 b+c"" will be separated into ""C05b"", ""C05c"", ""C06b"" and ""C06c"".  All quantities will be assigned to ""C05b"".",Code 03a.,P-P-S-1723-0002,Changing name only to C05b,,
P,UW,M02,C04,PUWM02C04,PUWM02C04,08/28/2012,09/21/2012,25,286,286,2,-17,Construct,Code 02.,"Joining ""C04a"" and ""C04b"" under the name of C04.",Code 02a.,P-P-S-1723-0002,"only C04 exists in model, joining a and b",,
P,UW,M02,C03,PUWM02C03,PUWM02C03,09/04/2012,09/25/2012,22,233,233,3,78,Construct,Code 02.,"Joining ""C03a-1"" and ""C03b"" under the name of C03.",Code 02a.,P-P-S-1723-0002,"only C03 exists in model, joining a and b",,
P,UW,M02,C02,PUWM02C02,PUWM02C02,12/12/2012,12/13/2012,2,563,500,2,36,Construct,Code 02.,"Joining ""C02b-1"" and ""C02"" under the name of C02.",Code 02a.,P-P-S-1723-0002,,,
P,UW,M02,C01,PUWM02C01,PUWM02C01,01/18/2013,01/19/2013,2,952,1070,2,270,Construct,Code 05.,"Lift ""C01a"" will be renamed as ""C01"".",Code 05a.,P-P-S-1723-0002,"Model has C01, deleting ""a"" from the name",,
P,UW,M02,W09,PUWM02W09,PUWM02W09,10/16/2013,10/16/2013,1,135,89,1,13,Construct,,,,,,,
P,UW,M02,W08,PUWM02W08,PUWM02W08,10/29/2013,10/29/2013,1,297,312,1,16,Construct,,,,,,,
P,UW,M02,W07,PUWM02W07,PUWM02W07,11/14/2013,11/15/2013,2,373,350,2,38,Construct,,,,,,,
P,UW,M02,W06,PUWM02W06,PUWM02W06,12/23/2013,12/23/2013,1,232,260,1,23,Construct,,,,,,,
P,UW,M02,W05,PUWM02W05,PUWM02W05,01/15/2014,02/26/2014,43,453,479,2,-41,Construct,,,,,,,
P,UW,M02,W04,PUWM02W04,PUWM02W04,01/16/2014,01/16/2014,1,0,0,0,58,Construct,Code 01.,"A new row was created under the name of ""W04"" with 0 quantities and with the dates of the previous lift plus one day.",Code 01a.,P-P-S-1723-0002,"No ""04 1st, joining lifts to 04",,
P,UW,M02,W03,PUWM02W03,PUWM02W03,03/15/2014,03/15/2014,1,188,198,1,19,Construct,,,,,,,
P,UW,M02,W02,PUWM02W02,PUWM02W02,04/03/2014,04/03/2014,1,160,161,1,58,Construct,,,,,,,
P,UW,M02,W01,PUWM02W01,PUWM02W01,05/31/2014,05/31/2014,1,80,68,1,-824,Construct,,,,,,,
P,UW,M03,F02,PUWM03F02,PUWM03F02,02/27/2012,02/27/2012,1,718,658,1,4,Construct,,,,,,,
P,UW,M03,F01,PUWM03F01,PUWM03F01,03/02/2012,03/03/2012,2,904,918,2,12,Construct,,,,,,,
P,UW,M03,C04a,PUWM03C04a,PUWM03C04a,03/15/2012,03/15/2012,1,170,170,1,14,Construct,,,,,,,
P,UW,M03,C04b,PUWM03C04b,PUWM03C04b,03/29/2012,03/29/2012,1,229,145,1,-9,Construct,,,,,,,
P,UW,M03,C04c,PUWM03C04c,PUWM03C04c,03/20/2012,03/20/2012,1,100,100,1,3,Construct,,,,,Table and model have correct name..review model.,,
P,UW,M03,C03a,PUWM03C03a,PUWM03C03a,03/23/2012,03/23/2012,1,161,161,1,59,Construct,,,,,,,
P,UW,M03,C03b,PUWM03C03b,PUWM03C03b,05/21/2012,05/22/2012,2,204,190,2,-34,Construct,,,,,,,
P,UW,M03,C03c,PUWM03C03c,PUWM03C03c,04/18/2012,04/18/2012,1,92,92,1,163,Construct,,,,,Table and model have correct name..review model.,,
P,UW,M03,C02,PUWM03C02,PUWM03C02,09/28/2012,09/29/2012,2,334,299,2,9,Construct,,,,,,,
P,UW,M03,C01,PUWM03C01,PUWM03C01,10/08/2012,10/20/2012,13,1043,998,4,219,Construct,Code 02.,"Joining ""C01a"" and ""C01b"" under the name of ""C01"".",Code 02a.,P-P-S-1242-0001,"Model has no separation, uniting a and b",,
P,UW,M03,W09,PUWM03W09,PUWM03W09,05/27/2013,05/28/2013,2,549,494,2,176,Construct,,,,,,,
P,UW,M03,W08,PUWM03W08,PUWM03W08,11/20/2013,11/21/2013,2,441,419,2,8,Construct,,,,,,,
P,UW,M03,W07,PUWM03W07,PUWM03W07,11/29/2013,11/29/2013,1,366,344,1,19,Construct,,,,,,,
P,UW,M03,W06,PUWM03W06,PUWM03W06,12/18/2013,12/18/2013,1,256,261,1,17,Construct,,,,,,,
P,UW,M03,W05,PUWM03W05,PUWM03W05,01/04/2014,01/04/2014,1,300,275,1,17,Construct,,,,,,,
P,UW,M03,W04,PUWM03W04,PUWM03W04,01/21/2014,01/21/2014,1,208,206,1,45,Construct,,,,,,,
P,UW,M03,W03,PUWM03W03,PUWM03W03,03/07/2014,03/07/2014,1,200,196,1,15,Construct,,,,,,,
P,UW,M03,W02,PUWM03W02,PUWM03W02,03/22/2014,03/22/2014,1,154,156,1,97,Construct,,,,,,,
P,UW,M03,W01,PUWM03W01,PUWM03W01,06/27/2014,06/27/2014,1,79,79,1,-899,Construct,,,,,,,
P,UW,M04,F02,PUWM04F02,PUWM04F02,01/10/2012,01/10/2012,1,700,658,1,15,Construct,,,,,,,
P,UW,M04,F01,PUWM04F01,PUWM04F01,01/25/2012,01/26/2012,2,933,918,2,34,Construct,,,,,,,
P,UW,M04,C04a,PUWM04C04a,PUWM04C04a,02/29/2012,03/05/2012,6,193.5,194,2,50,Construct,Code 02.,"Joining ""C04a"" and ""C04"" under the name of ""C04"".",Code 02a.,P-P-S-1261-0002,"Model has a,band c, joining 04 with a",,
P,UW,M04,C04b,PUWM04C04b,PUWM04C04b,04/24/2012,04/24/2012,1,201,128,1,-43,Construct,,,,,,,
P,UW,M04,C04c,PUWM04C04c,PUWM04C04c,03/12/2012,03/12/2012,1,94,94,1,31,Construct,,,,,Table and model have correct name..review model.,,
P,UW,M04,C03a,PUWM04C03a,PUWM04C03a,04/12/2012,04/12/2012,1,171,171,1,47,Construct,,,,,,,
P,UW,M04,C03b,PUWM04C03b,PUWM04C03b,05/29/2012,05/29/2012,1,208,85,1,-57,Construct,,,,,,,
P,UW,M04,C03c,PUWM04C03c,PUWM04C03c,04/02/2012,04/02/2012,1,85,189,1,227,Construct,,,,,Table and model have correct name..review model.,,
P,UW,M04,C02,PUWM04C02,PUWM04C02,11/15/2012,11/15/2012,1,300.83,299,1,7,Construct,,,,,,,
P,UW,M04,C01,PUWM04C01,PUWM04C01,11/22/2012,12/01/2012,10,957,999,3,198,Construct,Code 02.,"Joining ""C01a"" and ""C01b"" under the name of ""C01"".",Code 02a.,P-P-S-1261-0002,"Model has no separation, uniting a and b",,
P,UW,M04,W09,PUWM04W09,PUWM04W09,06/17/2013,06/17/2013,1,520,494,1,22,Construct,,,,,,,
P,UW,M04,W08,PUWM04W08,PUWM04W08,07/09/2013,07/10/2013,2,419,419,2,22,Construct,,,,,,,
P,UW,M04,W07,PUWM04W07,PUWM04W07,08/01/2013,08/01/2013,1,360,344,1,19,Construct,,,,,,,
P,UW,M04,W06,PUWM04W06,PUWM04W06,08/20/2013,08/21/2013,2,264,260,2,21,Construct,,,,,,,
P,UW,M04,W05,PUWM04W05,PUWM04W05,09/11/2013,09/11/2013,1,267,275,1,16,Construct,,,,,,,
P,UW,M04,W04,PUWM04W04,PUWM04W04,09/27/2013,09/28/2013,2,222,206,2,23,Construct,,,,,,,
P,UW,M04,W03,PUWM04W03,PUWM04W03,10/21/2013,10/21/2013,1,200,196,1,9,Construct,,,,,,,
P,UW,M04,W02,PUWM04W02,PUWM04W02,10/30/2013,10/31/2013,2,161,157,2,257,Construct,,,,,,,
P,UW,M04,W01,PUWM04W01,PUWM04W01,07/15/2014,07/15/2014,1,73,69,1,-888,Construct,,,,,,,
P,UW,M05,F02,PUWM05F02,PUWM05F02,02/08/2012,02/09/2012,2,783,658,2,14,Construct,,,,,,,
P,UW,M05,F01,PUWM05F01,PUWM05F01,02/23/2012,02/23/2012,1,968,918,1,21,Construct,Code 05.,"Lift ""F01a"" will be renamed as ""F01"".",Code 05a.,P-P-S-1281-0001,"removing the ""a"" from the name in the table.",,
P,UW,M05,C04a,PUWM05C04a,PUWM05C04a,03/15/2012,03/17/2012,3,194,194,2,60,Construct,,,,,,,
P,UW,M05,C04b,PUWM05C04b,PUWM05C04b,05/16/2012,05/17/2012,2,216,140,2,-16,Construct,,,,,Table and model have correct name..review model.,,
P,UW,M05,C04c,PUWM05C04c,PUWM05C04c,05/01/2012,05/01/2012,1,81,81,1,-8,Construct,,,,,Table and model have correct name..review model.,,
P,UW,M05,C03a,PUWM05C03a,PUWM05C03a,04/23/2012,04/24/2012,2,161,161,2,350,Construct,,,,,,,
P,UW,M05,C03b,PUWM05C03b,PUWM05C03b,04/09/2013,04/09/2013,1,225,205,1,-327,Construct,,,,,,,
P,UW,M05,C03c,PUWM05C03c,PUWM05C03c,05/17/2012,05/17/2012,1,81,81,1,348,Construct,,,,,Table and model have correct name..review model.,,
P,UW,M05,C02,PUWM05C02,PUWM05C02,04/30/2013,05/01/2013,2,297,299,2,7,Construct,,,,,,,
P,UW,M05,C01,PUWM05C01,PUWM05C01,05/08/2013,05/18/2013,11,1018,999,2,17,Construct,Code 02.,"Joining ""C01a"" and ""C01b"" under the name of ""C01"".",Code 02a.,P-P-S-1281-0001,"Model has no separation, uniting a and b",,
P,UW,M05,W09,PUWM05W09,PUWM05W09,06/04/2013,06/04/2013,1,561,494,1,18,Construct,,,,,,,
P,UW,M05,W08,PUWM05W08,PUWM05W08,06/22/2013,06/22/2013,1,433,419,1,17,Construct,,,,,,,
P,UW,M05,W07,PUWM05W07,PUWM05W07,07/09/2013,07/09/2013,1,352,344,1,34,Construct,,,,,,,
P,UW,M05,W06,PUWM05W06,PUWM05W06,08/12/2013,08/12/2013,1,264,260,1,21,Construct,,,,,,,
P,UW,M05,W05,PUWM05W05,PUWM05W05,09/02/2013,09/02/2013,1,284,275,1,14,Construct,,,,,,,
P,UW,M05,W04,PUWM05W04,PUWM05W04,09/16/2013,09/17/2013,2,230,206,2,16,Construct,,,,,,,
P,UW,M05,W03,PUWM05W03,PUWM05W03,10/03/2013,10/04/2013,2,217,196,2,34,Construct,,,,,,,
P,UW,M05,W02,PUWM05W02,PUWM05W02,11/07/2013,11/07/2013,1,195,157,1,256,Construct,,,,,,,
P,UW,M05,W01,PUWM05W01,PUWM05W01,07/21/2014,07/21/2014,1,69,69,1,-462,Construct,,,,,,,
P,UW,M06,F02,PUWM06F02,PUWM06F02,04/15/2013,04/15/2013,1,433,392,1,15,Construct,,,,,,,
P,UW,M06,F01,PUWM06F01,PUWM06F01,04/30/2013,04/30/2013,1,505,554,1,71,Construct,,,,,,,
P,UW,M06,C04a,PUWM06C04a,PUWM06C04a,07/10/2013,07/17/2013,8,138,94,2,-5,Construct,,,,,,,
P,UW,M06,C04b,PUWM06C04b,PUWM06C04b,07/12/2013,07/12/2013,1,115,113,1,31,Construct,,,,,,,
P,UW,M06,C04c,PUWM06C04c,PUWM06C04c,08/12/2013,08/12/2013,1,57,85,1,16,Construct,,,,,Table and model have correct name..review model.,,
P,UW,M06,C03a,PUWM06C03a,PUWM06C03a,08/28/2013,08/28/2013,1,97,98,1,-22,Construct,,,,,,,
P,UW,M06,C03b,PUWM06C03b,PUWM06C03b,08/06/2013,08/06/2013,1,113,113,1,16,Construct,,,,,,,
P,UW,M06,C03c,PUWM06C03c,PUWM06C03c,08/22/2013,08/22/2013,1,53,49,1,85,Construct,Code 05.,"Lift ""C03 a&c"" will be renamed as ""C03""",Code 05a.,P-P-S-1301-0001,"removing the ""a"" from the name in the table.",,
P,UW,M06,C02,PUWM06C02,PUWM06C02,11/15/2013,11/16/2013,2,177,179,2,2,Construct,,,,,,,
P,UW,M06,C01,PUWM06C01,PUWM06C01,11/18/2013,11/27/2013,10,610,602,3,15,Construct,Code 02.,"Joining ""C01a"" and ""C01b"" under the name of ""C01"".",Code 02a.,P-P-S-1301-0001,"Model has no separation, uniting a and b",,
P,UW,M06,W09,PUWM06W09,PUWM06W09,12/12/2013,12/12/2013,1,308,293,1,14,Construct,,,,,,,
P,UW,M06,W08,PUWM06W08,PUWM06W08,12/26/2013,12/26/2013,1,260,247,1,19,Construct,,,,,,,
P,UW,M06,W07,PUWM06W07,PUWM06W07,01/14/2014,01/14/2014,1,173,202,1,9,Construct,,,,,,,
P,UW,M06,W06,PUWM06W06,PUWM06W06,01/23/2014,01/23/2014,1,168,151,1,33,Construct,,,,,,,
P,UW,M06,W05,PUWM06W05,PUWM06W05,02/25/2014,02/25/2014,1,152,156,1,15,Construct,,,,,,,
P,UW,M06,W04,PUWM06W04,PUWM06W04,03/12/2014,03/12/2014,1,116,116,1,13,Construct,,,,,,,
P,UW,M06,W03,PUWM06W03,PUWM06W03,03/25/2014,03/25/2014,1,112,113,1,17,Construct,,,,,,,
P,UW,M06,W02,PUWM06W02,PUWM06W02,04/11/2014,04/11/2014,1,100,98,1,59,Construct,,,,,,,
P,UW,M06,W01,PUWM06W01,PUWM06W01,06/09/2014,06/09/2014,1,39,40,1,-349,Construct,,,,,,,
P,UW,M07,F02,PUWM07F02,PUWM07F02,06/25/2013,06/26/2013,2,766,755,2,19,Construct,,,,,,,
P,UW,M07,F01,PUWM07F01,PUWM07F01,07/15/2013,07/16/2013,2,1097,1155,2,17,Construct,,,,,,,
P,UW,M07,C04a,PUWM07C04a,PUWM07C04a,08/02/2013,08/03/2013,2,455,244,2,33,Construct,,,,,,,
P,UW,M07,C04b,PUWM07C04b,PUWM07C04b,09/05/2013,09/05/2013,1,225,295,1,8,Construct,,,,,,,
P,UW,M07,C04c,PUWM07C04c,PUWM07C04c,09/13/2013,09/13/2013,1,129,123,1,-32,Construct,,,,,,,
P,UW,M07,C03a,PUWM07C03a,PUWM07C03a,08/12/2013,08/12/2013,1,169,221,1,49,Construct,,,,,,,
P,UW,M07,C03b,PUWM07C03b,PUWM07C03b,09/30/2013,10/01/2013,2,264,245,2,8,Construct,,,,,,,
P,UW,M07,C03c,PUWM07C03c,PUWM07C03c,10/09/2013,10/09/2013,1,124,118,1,15,Construct,,,,,,,
P,UW,M07,C02,PUWM07C02,PUWM07C02,10/24/2013,10/24/2013,1,401,406,1,4,Construct,,,,,,,
P,UW,M07,C01,PUWM07C01,PUWM07C01,10/28/2013,11/09/2013,13,1280,1354,4,16,Construct,Code 02.,"Joining ""C01a"" and ""C01b"" under the name of ""C01"".",Code 02a.,P-P-S-1321-0002,"Model has no separation, uniting a and b",,
P,UW,M07,W09,PUWM07W09,PUWM07W09,11/25/2013,11/25/2013,1,632,649,1,11,Construct,,,,,,,
P,UW,M07,W08,PUWM07W08,PUWM07W08,12/06/2013,12/06/2013,1,527,545,1,13,Construct,,,,,,,
P,UW,M07,W07,PUWM07W07,PUWM07W07,12/19/2013,12/20/2013,2,424,441,2,18,Construct,,,,,,,
P,UW,M07,W06,PUWM07W06,PUWM07W06,01/07/2014,01/07/2014,1,324,329,1,21,Construct,,,,,,,
P,UW,M07,W05,PUWM07W05,PUWM07W05,01/28/2014,01/28/2014,1,326,345,1,32,Construct,,,,,,,
P,UW,M07,W04,PUWM07W04,PUWM07W04,03/01/2014,03/01/2014,1,256,250,1,17,Construct,,,,,,,
P,UW,M07,W03,PUWM07W03,PUWM07W03,03/18/2014,03/18/2014,1,250,259,1,14,Construct,,,,,,,
P,UW,M07,W02,PUWM07W02,PUWM07W02,04/01/2014,04/01/2014,1,240,244,1,42,Construct,,,,,,,
P,UW,M07,W01,PUWM07W01,PUWM07W01,05/13/2014,05/13/2014,1,112,119,1,-522,Construct,,,,,,,
P,UW,M08,F02,PUWM08F02,PUWM08F02,12/07/2012,12/07/2012,1,854,908,2,14,Construct,,,,,,,
P,UW,M08,F01,PUWM08F01,PUWM08F01,12/21/2012,12/22/2012,2,880.04,950,3,34,Construct,,,,,,,
P,UW,M08,C04a,PUWM08C04a,PUWM08C04a,01/25/2013,01/25/2013,1,152,155,1,123,Construct,,,,,,,
P,UW,M08,C04b,PUWM08C04b,PUWM08C04b,05/28/2013,05/28/2013,1,210,197,1,-102,Construct,,,,,,,
P,UW,M08,C04c,PUWM08C04c,PUWM08C04c,02/15/2013,02/15/2013,1,97,77,1,19,Construct,,,,,Table and model have correct name..review model.,,
P,UW,M08,C03a,PUWM08C03a,PUWM08C03a,03/06/2013,03/07/2013,2,161,259,2,96,Construct,,,,,,,
P,UW,M08,C03b,PUWM08C03b,PUWM08C03b,06/11/2013,06/13/2013,3,236,187,3,-24,Construct,,,,,,,
P,UW,M08,C03c,PUWM08C03c,PUWM08C03c,05/20/2013,05/20/2013,1,89,80,1,47,Construct,,,,,Table and model have correct name..review model.,,
P,UW,M08,C02,PUWM08C02,PUWM08C02,07/06/2013,07/06/2013,1,286,294,1,6,Construct,,,,,,,
P,UW,M08,C01,PUWM08C01,PUWM08C01,07/12/2013,08/02/2013,22,954,984,4,20,Construct,Code 02.,"Joining ""C01a"" and ""C01b"" under the name of ""C01"".",Code 02a.,P-P-S-1342-0001,"Model has no separation, uniting a and b",,
P,UW,M08,W09,PUWM08W09,PUWM08W09,08/22/2013,08/23/2013,2,509,479,2,15,Construct,,,,,,,
P,UW,M08,W08,PUWM08W08,PUWM08W08,09/07/2013,09/07/2013,1,405,404,1,10,Construct,,,,,,,
P,UW,M08,W07,PUWM08W07,PUWM08W07,09/17/2013,09/18/2013,2,320,330,2,14,Construct,,,,,,,
P,UW,M08,W06,PUWM08W06,PUWM08W06,10/02/2013,10/02/2013,1,267,247,1,12,Construct,,,,,,,
P,UW,M08,W05,PUWM08W05,PUWM08W05,10/14/2013,10/14/2013,1,261,259,1,9,Construct,,,,,,,
P,UW,M08,W04,PUWM08W04,PUWM08W04,10/23/2013,10/23/2013,1,193,191,1,20,Construct,,,,,,,
P,UW,M08,W03,PUWM08W03,PUWM08W03,11/12/2013,11/12/2013,1,181,190,1,8,Construct,,,,,,,
P,UW,M08,W02,PUWM08W02,PUWM08W02,11/20/2013,11/20/2013,1,177,171,1,204,Construct,,,,,,,
P,UW,M08,W01,PUWM08W01,PUWM08W01,06/12/2014,06/12/2014,1,61,76,1,-1008,Construct,,,,,,,
P,UW,M09,F02,PUWM09F02,PUWM09F02,09/08/2011,09/08/2011,1,691,658,1,13,Construct,,,,,,,
P,UW,M09,F01,PUWM09F01,PUWM09F01,09/21/2011,10/01/2011,11,963,918,1,18,Construct,Code 02.,"Joining ""F01"" and ""F01 Chamfer"" under the name of ""F01"".",Code 02a.,P-P-S-1362-0002,"No cahmfer in the model, joining lifts",,
P,UW,M09,C04a,PUWM09C04a,PUWM09C04a,10/19/2011,10/19/2011,1,254,254,1,54,Construct,,,,,,,
P,UW,M09,C04b,PUWM09C04b,PUWM09C04b,12/12/2011,12/12/2011,1,210,83,1,-63,Construct,,,,,,,
P,UW,M09,C04c,PUWM09C04c,PUWM09C04c,10/10/2011,10/10/2011,1,80,80,1,29,Construct,,,,,Table and model have correct name..review model.,,
P,UW,M09,C03a,PUWM09C03a,PUWM09C03a,11/08/2011,11/08/2011,1,165,165,1,63,Construct,,,,,,,
P,UW,M09,C03b,PUWM09C03b,PUWM09C03b,01/10/2012,01/10/2012,1,208,193,1,-75,Construct,,,,,,,
P,UW,M09,C03c,PUWM09C03c,PUWM09C03c,10/27/2011,10/27/2011,1,86,86,1,111,Construct,,,,,Table and model have correct name..review model.,,
P,UW,M09,C02,PUWM09C02,PUWM09C02,02/15/2012,02/16/2012,2,309,299,2,13,Construct,,,,,,,
P,UW,M09,C01,PUWM09C01,PUWM09C01,02/29/2012,03/10/2012,11,1032.14,999.14,2,25,Construct,Code 02.,"Joining ""C01a"" and ""C01b"" under the name of ""C01"".",Code 02a.,P-P-S-1362-0002,"Model has no separation, uniting a and b",,
P,UW,M09,W09,PUWM09W09,PUWM09W09,04/04/2012,04/05/2012,2,552,494,2,18,Construct,,,,,,,
P,UW,M09,W08,PUWM09W08,PUWM09W08,04/23/2012,04/24/2012,2,400,419,2,8,Construct,,,,,,,
P,UW,M09,W07,PUWM09W07,PUWM09W07,05/02/2012,05/03/2012,2,352,344,2,21,Construct,,,,,,,
P,UW,M09,W06,PUWM09W06,PUWM09W06,05/24/2012,05/25/2012,2,258,260,2,24,Construct,,,,,,,
P,UW,M09,W05,PUWM09W05,PUWM09W05,06/18/2012,06/19/2012,2,282,274,2,8,Construct,,,,,,,
P,UW,M09,W04,PUWM09W04,PUWM09W04,06/27/2012,06/28/2012,2,216,206,2,9,Construct,,,,,,,
P,UW,M09,W03,PUWM09W03,PUWM09W03,07/07/2012,07/07/2012,1,192,189,1,10,Construct,,,,,,,
P,UW,M09,W02,PUWM09W02,PUWM09W02,07/17/2012,07/18/2012,2,168,170,2,38,Construct,,,,,,,
P,UW,M09,W01,PUWM09W01,PUWM09W01,08/25/2012,09/02/2014,739,86,79,2,-1069,Construct,,,,,,,
P,UW,M10,F02,PUWM10F02,PUWM10F02,09/29/2011,09/29/2011,1,698,658,1,13,Construct,,,,,,,
P,UW,M10,F01,PUWM10F01,PUWM10F01,10/12/2011,10/19/2011,8,952,918,3,6,Construct,Code 02.,"Joining ""F01"" and ""F01 Chamfer"" under the name of ""F01"".",Code 02a.,P-P-S-1381-0002,"No chamfer in model, joining activity.",,
P,UW,M10,C04a,PUWM10C04a,PUWM10C04a,10/25/2011,10/25/2011,1,179,179,1,80,Construct,,,,,,,
P,UW,M10,C04b,PUWM10C04b,PUWM10C04b,01/13/2012,01/13/2012,1,208,157,1,-57,Construct,,,,,,,
P,UW,M10,C04c,PUWM10C04c,PUWM10C04c,11/17/2011,01/14/2012,59,86,80,2,-61,Construct,,,,,Table and model have correct name..review model.,,
P,UW,M10,C03a,PUWM10C03a,PUWM10C03a,11/14/2011,11/14/2011,1,166,166,1,80,Construct,,,,,,,
P,UW,M10,C03b,PUWM10C03b,PUWM10C03b,02/02/2012,02/02/2012,1,219,199,1,-64,Construct,,,,,,,
P,UW,M10,C03c,PUWM10C03c,PUWM10C03c,11/30/2011,11/30/2011,1,80,80,1,149,Construct,,,,,Table and model have correct name..review model.,,
P,UW,M10,C02,PUWM10C02,PUWM10C02,04/27/2012,04/28/2012,2,312,299,2,13,Construct,,,,,,,
P,UW,M10,C01,PUWM10C01,PUWM10C01,05/11/2012,05/22/2012,12,1010,999,4,13,Construct,Code 02.,"Joining ""C01a"" and ""C01b"" under the name of ""C01"".",Code 02a.,P-P-S-1381-0002,"Model has no separation, uniting a and b",,
P,UW,M10,W09,PUWM10W09,PUWM10W09,06/04/2012,06/04/2012,1,496,494,1,15,Construct,,,,,,,
P,UW,M10,W08,PUWM10W08,PUWM10W08,06/19/2012,06/19/2012,1,404,419,1,8,Construct,,,,,,,
P,UW,M10,W07,PUWM10W07,PUWM10W07,06/27/2012,06/27/2012,1,344,344,1,9,Construct,,,,,,,
P,UW,M10,W06,PUWM10W06,PUWM10W06,07/06/2012,07/06/2012,1,258,260,1,27,Construct,,,,,,,
P,UW,M10,W05,PUWM10W05,PUWM10W05,08/02/2012,08/02/2012,1,268,275,1,15,Construct,,,,,,,
P,UW,M10,W04,PUWM10W04,PUWM10W04,08/17/2012,08/17/2012,1,208,206,1,13,Construct,,,,,,,
P,UW,M10,W03,PUWM10W03,PUWM10W03,08/30/2012,08/30/2012,1,188,189,1,14,Construct,,,,,,,
P,UW,M10,W02,PUWM10W02,PUWM10W02,09/13/2012,09/13/2012,1,166,170,1,686,Construct,,,,,,,
P,UW,M10,W01,PUWM10W01,PUWM10W01,07/31/2014,07/31/2014,1,64,58,1,-1056,Construct,,,,,,,
P,UW,M11,F02,PUWM11F02,PUWM11F02,09/09/2011,09/09/2011,1,304,276,1,7,Construct,,,,,,,
P,UW,M11,F01,PUWM11F01,PUWM11F01,09/16/2011,10/07/2011,22,432,385,2,23,Construct,Code 02.,"Joining ""F01"" and ""F01 Chamfer"" under the name of ""F01"".",Code 02a.,P-P-S-1401-0001,"No chamfer in model, joining activity.",,
P,UW,M11,C04a,PUWM11C04a,PUWM11C04a,10/30/2011,11/07/2011,9,83,83,2,15,Construct,,,,,,,
P,UW,M11,C04b,PUWM11C04b,PUWM11C04b,11/22/2011,11/22/2011,1,96,58,1,-33,Construct,,,,,,,
P,UW,M11,C04c,PUWM11C04c,PUWM11C04c,10/20/2011,10/20/2011,1,40,40,1,30,Construct,,,,,Table and model have correct name..review model.,,
P,UW,M11,C03a,PUWM11C03a,PUWM11C03a,11/19/2011,11/22/2011,4,104,104,2,9,Construct,,,,,,,
P,UW,M11,C03b,PUWM11C03b,PUWM11C03b,12/01/2011,12/01/2011,1,92,83,1,-41,Construct,,,,,,,
P,UW,M11,C03c,PUWM11C03c,PUWM11C03c,10/21/2011,10/21/2011,1,0,0,0,120,Construct,Code 01.,"A new row was created, under the name of ""C03c"", with 0 quantities and the date of the previous lift plus one day.",Code 01a.,P-P-S-1401-001,Table and model have correct name..review model.,,
P,UW,M11,C02,PUWM11C02,PUWM11C02,02/18/2012,02/18/2012,1,128,125,1,17,Construct,,,,,,,
P,UW,M11,C01,PUWM11C01,PUWM11C01,03/06/2012,03/13/2012,8,457,419,2,29,Construct,Code 02.,"Joining ""C01a"" and ""C01b"" under the name of ""C01"".",Code 02a.,P-P-S-1401-0001,"Model has no separation, uniting a and b",,
P,UW,M11,W09,PUWM11W09,PUWM11W09,04/11/2012,04/11/2012,1,218,210,1,13,Construct,,,,,,,
P,UW,M11,W08,PUWM11W08,PUWM11W08,04/24/2012,04/24/2012,1,182,179,1,8,Construct,,,,,,,
P,UW,M11,W07,PUWM11W07,PUWM11W07,05/02/2012,05/02/2012,1,152,148,1,12,Construct,,,,,,,
P,UW,M11,W06,PUWM11W06,PUWM11W06,05/14/2012,05/15/2012,2,120,112,2,10,Construct,,,,,,,
P,UW,M11,W05,PUWM11W05,PUWM11W05,05/25/2012,05/25/2012,1,120,119,1,11,Construct,,,,,,,
P,UW,M11,W04,PUWM11W04,PUWM11W04,06/05/2012,06/05/2012,1,94,90,1,10,Construct,,,,,,,
P,UW,M11,W03,PUWM11W03,PUWM11W03,06/15/2012,06/15/2012,1,83,80,1,7,Construct,,,,,,,
P,UW,M11,W02,PUWM11W02,PUWM11W02,06/22/2012,06/22/2012,1,64,65,1,13,Construct,,,,,,,
P,UW,M11,W01,PUWM11W01,PUWM11W01,07/05/2012,07/05/2012,1,22,20,1,-224,Construct,,,,,,,
P,UW,M12,F02,PUWM12F02,PUWM12F02,11/24/2011,11/25/2011,2,1020,998,1,12,Construct,,,,,"F02 is divided in 2 in the model, creating duplicate dated lift and dividing quantities",,
P,UW,M12,F01a,PUWM12F01a,PUWM12F01a,12/07/2011,03/09/2012,94,773,723,2,-4,Construct,Code 02.,"Joining ""F01"" and ""F01a"" under the name of ""F01a"".",Code 02a.,P-P-S-1420-0002,,,
P,UW,M12,F01b,PUWM12F01b,PUWM12F01b,03/05/2012,03/07/2012,3,142,142,2,15,Construct,Code 02.,"Joining ""F01b"" and ""F01c"" under the name of ""F01b"".",Code 02a.,P-P-S-1420-0002,"Model has only a and b, joining lifts",,
P,UW,M12,C04a,PUWM12C04a,PUWM12C04a,03/22/2012,03/22/2012,1,168,164,1,-8,Construct,,,,,"Model is not separated, correct",,
P,UW,M12,C04b,PUWM12C04b,PUWM12C04b,03/14/2012,03/14/2012,1,197,194,1,16,Construct,,,,,,,
P,UW,M12,C04c,PUWM12C04c,PUWM12C04c,03/30/2012,03/30/2012,1,160,137,1,3,Construct,,,,,"Model is not separated, correct",,
P,UW,M12,C03a,PUWM12C03a,PUWM12C03a,04/02/2012,04/02/2012,1,176,176,1,-12,Construct,,,,,"Model is not separated, correct",,
P,UW,M12,C03b,PUWM12C03b,PUWM12C03b,03/21/2012,03/21/2012,1,208,208,1,28,Construct,,,,,,,
P,UW,M12,C03c,PUWM12C03c,PUWM12C03c,04/18/2012,04/18/2012,1,162,144,1,171,Construct,,,,,"Model is not separated, correct",,
P,UW,M12,C02,PUWM12C02,PUWM12C02,10/06/2012,10/06/2012,1,345,320,1,6,Construct,,,,,,,
P,UW,M12,C01,PUWM12C01,PUWM12C01,10/12/2012,10/24/2012,13,1055,1050,2,50,Construct,Code 02.,"Joining ""C01a"" and ""C01b"" under the name of ""C01"".",Code 02a.,P-P-S-1420-0002,"Model has no separation, uniting a and b",,
P,UW,M12,W09,PUWM12W09,PUWM12W09,12/13/2012,12/14/2012,2,493,494,2,13,Construct,,,,,,,
P,UW,M12,W08,PUWM12W08,PUWM12W08,12/27/2012,12/28/2012,2,442.5,419,2,33,Construct,,,,,,,
P,UW,M12,W07,PUWM12W07,PUWM12W07,01/30/2013,01/31/2013,2,341,344,2,14,Construct,,,,,,,
P,UW,M12,W06,PUWM12W06,PUWM12W06,02/14/2013,02/15/2013,2,318,259,2,17,Construct,,,,,,,
P,UW,M12,W05,PUWM12W05,PUWM12W05,03/04/2013,03/05/2013,2,306,273,2,32,Construct,,,,,,,
P,UW,M12,W04,PUWM12W04,PUWM12W04,04/06/2013,04/06/2013,1,225,225,1,24,Construct,,,,,,,
P,UW,M12,W03,PUWM12W03,PUWM12W03,04/30/2013,04/30/2013,1,245,182,1,197,Construct,,,,,,,
P,UW,M12,W02,PUWM12W02,PUWM12W02,11/13/2013,11/13/2013,1,157,157,1,285,Construct,,,,,,,
P,UW,M12,W01,PUWM12W01,PUWM12W01,08/25/2014,08/25/2014,1,52.5,63,1,-1038,Construct,,,,,,,
P,UW,M13,F03,PUWM13F03,PUWM13F03,10/22/2011,10/23/2011,2,949,885,2,22,Construct,,,,,,,
P,UW,M13,F02,PUWM13F02,PUWM13F02,11/14/2011,11/14/2011,1,960,1030,1,84,Construct,,,,,,,
P,UW,M13,F01a,PUWM13F01a,PUWM13F01a,02/06/2012,02/06/2012,1,128,128,1,-38,Construct,,,,,"Model is not separated, correct",,
P,UW,M13,F01b,PUWM13F01b,PUWM13F01b,12/30/2011,02/16/2012,49,385.04,130,4,9,Construct,Code 05.,"Lift ""F01"" will be renamed as ""F01b"".",Code 05a.,P-P-S-1442-0001,"Model is not separated, correct in Table, Replacing info from F01 to F01b since it is empty.",,
P,UW,M13,F01c,PUWM13F01c,PUWM13F01c,02/25/2012,02/25/2012,1,107,72,1,32,Construct,Code 02.,"Joining ""F01c"", ""F01c-N"" and ""F01C-S"" as ""F01c"".",Code 02a.,P-P-S-1442-0001,"Model is not separated, correct",,
P,UW,M13,C04a,PUWM13C04a,PUWM13C04a,03/28/2012,03/28/2012,1,235,235,1,52,Construct,,,,,,,
P,UW,M13,C04b,PUWM13C04b,PUWM13C04b,05/19/2012,05/19/2012,1,304,350,1,-22,Construct,,,,,,,
P,UW,M13,C04c,PUWM13C04c,PUWM13C04c,04/27/2012,05/29/2012,33,152,80,2,-47,Construct,,,,,,,
P,UW,M13,C03a,PUWM13C03a,PUWM13C03a,04/12/2012,04/12/2012,1,226,226,1,47,Construct,,,,,,,
P,UW,M13,C03b,PUWM13C03b,PUWM13C03b,05/29/2012,05/30/2012,2,312,326,2,-16,Construct,,,,,,,
P,UW,M13,C03c,PUWM13C03c,PUWM13C03c,05/14/2012,06/07/2012,25,137,73,2,46,Construct,,,,,Table and model have correct name..review model.,,
P,UW,M13,C02,PUWM13C02,PUWM13C02,07/23/2012,07/23/2012,1,395,400,1,10,Construct,,,,,,,
P,UW,M13,C01,PUWM13C01,PUWM13C01,08/02/2012,08/22/2012,21,1287,1290,4,15,Construct,Code 02.,"Joining ""C01a"" and ""C01b"" under the name of ""C01"".",Code 02a.,P-P-S-1442-0001,"Model has no separation, uniting a and b",,
P,UW,M13,W09,PUWM13W09,PUWM13W09,09/06/2012,09/06/2012,1,504,501,1,13,Construct,,,,,,,
P,UW,M13,W08,PUWM13W08,PUWM13W08,09/19/2012,09/20/2012,2,424,426,2,8,Construct,Code 05.,"Lift ""W08a"" will be renamed a ""W08"".",Code 05a.,P-P-S-1442-0001,"removing the ""a"" from the name in the table.",,
P,UW,M13,W07,PUWM13W07,PUWM13W07,09/28/2012,09/28/2012,1,352,350,1,11,Construct,,,,,,,
P,UW,M13,W06,PUWM13W06,PUWM13W06,10/09/2012,10/09/2012,1,275,266,1,10,Construct,,,,,,,
P,UW,M13,W05,PUWM13W05,PUWM13W05,10/19/2012,10/20/2012,2,288,282,2,26,Construct,,,,,,,
P,UW,M13,W04,PUWM13W04,PUWM13W04,11/15/2012,11/16/2012,2,218.28,212,2,14,Construct,,,,,,,
P,UW,M13,W03,PUWM13W03,PUWM13W03,11/30/2012,12/01/2012,2,193,195,2,335,Construct,,,,,,,
P,UW,M13,W02,PUWM13W02,PUWM13W02,11/01/2013,11/01/2013,1,144.5,142,1,292,Construct,,,,,,,
P,UW,M13,W01,PUWM13W01,PUWM13W01,08/20/2014,08/20/2014,1,64,57,1,-992,Construct,,,,,,,
P,UW,M14,F02,PUWM14F02,PUWM14F02,12/02/2011,12/02/2011,1,1042,1000,0.5,11,Construct,,,,,,,
P,UW,M14,F01a,PUWM14F01a,PUWM14F01a,12/13/2011,03/23/2012,102,746,722,3,-23,Construct,Code 05.,"Lift ""F01"" will be renamed as ""F01a"".",Code 05a.,P-P-S-1462-0001,"Lift has a and b, no c, chaning names in table",,
P,UW,M14,F01b,PUWM14F01b,PUWM14F01b,02/29/2012,03/02/2012,3,133,133,2,54,Construct,Code 05.,"Lift ""F01c"" will be renamed as ""F01b"".",Code 05a.,P-P-S-1462-0001,,,
P,UW,M14,C04a,PUWM14C04a,PUWM14C04a,04/25/2012,04/25/2012,1,177,170,1,-30,Construct,,,,,,,
P,UW,M14,C04b,PUWM14C04b,PUWM14C04b,03/26/2012,03/26/2012,1,208,200,1,73,Construct,,,,,,,
P,UW,M14,C04c,PUWM14C04c,PUWM14C04c,06/07/2012,06/07/2012,1,161,126,1,-24,Construct,,,,,Table and model have correct name..review model.,,
P,UW,M14,C03a,PUWM14C03a,PUWM14C03a,05/14/2012,05/14/2012,1,191,189,1,-18,Construct,,,,,,,
P,UW,M14,C03b,PUWM14C03b,PUWM14C03b,04/26/2012,04/26/2012,1,224,224,1,67,Construct,,,,,,,
P,UW,M14,C03c,PUWM14C03c,PUWM14C03c,07/02/2012,07/02/2012,1,153,115,1,84,Construct,,,,,Table and model have correct name..review model.,,
P,UW,M14,C02,PUWM14C02,PUWM14C02,09/24/2012,09/25/2012,2,343,323,2,8,Construct,,,,,,,
P,UW,M14,C01,PUWM14C01,PUWM14C01,10/03/2012,10/16/2012,14,1068,1051,4,22,Construct,Code 02.,"Joining ""C01a"" and ""C01b"" under the name of ""C01"".",Code 02a.,P-P-S-1462-0001,"Model has no separation, uniting a and b",,
P,UW,M14,W09,PUWM14W09,PUWM14W09,11/07/2012,11/07/2012,1,485,494,1,15,Construct,,,,,,,
P,UW,M14,W08,PUWM14W08,PUWM14W08,11/22/2012,11/22/2012,1,417,419,1,12,Construct,,,,,,,
P,UW,M14,W07,PUWM14W07,PUWM14W07,12/04/2012,12/05/2012,2,324,344,2,41,Construct,,,,,,,
P,UW,M14,W06,PUWM14W06,PUWM14W06,01/15/2013,01/16/2013,2,290,260,2,17,Construct,,,,,,,
P,UW,M14,W05,PUWM14W05,PUWM14W05,02/02/2013,02/02/2013,1,273,274,1,20,Construct,,,,,,,
P,UW,M14,W04,PUWM14W04,PUWM14W04,02/22/2013,02/22/2013,1,221,206,1,42,Construct,,,,,,,
P,UW,M14,W03,PUWM14W03,PUWM14W03,04/05/2013,04/06/2013,2,226,194,2,202,Construct,,,,,,,
P,UW,M14,W02,PUWM14W02,PUWM14W02,10/25/2013,10/25/2013,1,165,154,1,293,Construct,,,,,,,
P,UW,M14,W01,PUWM14W01,PUWM14W01,08/14/2014,08/14/2014,1,53,62,1,-1009,Construct,,,,,,,
P,UW,M15,F02,PUWM15F02,PUWM15F02,11/09/2011,11/10/2011,2,560,531,2,8,Construct,,,,,,,
P,UW,M15,F01,PUWM15F01,PUWM15F01,11/18/2011,11/19/2011,2,760,743,2,25,Construct,,,,,,,
P,UW,M15,C04a,PUWM15C04a,PUWM15C04a,12/14/2011,12/14/2011,1,152,152,1,51,Construct,,,,,,,
P,UW,M15,C04b,PUWM15C04b,PUWM15C04b,02/03/2012,02/03/2012,1,176,94,1,-10,Construct,,,,,,,
P,UW,M15,C04c,PUWM15C04c,PUWM15C04c,01/24/2012,01/24/2012,1,88,88,1,-12,Construct,,,,,Table and model have correct name..review model.,,
P,UW,M15,C03a,PUWM15C03a,PUWM15C03a,01/12/2012,01/12/2012,1,128.28,128,1,41,Construct,,,,,,,
P,UW,M15,C03b,PUWM15C03b,PUWM15C03b,02/22/2012,02/23/2012,2,168,166,2,-22,Construct,,,,,,,
P,UW,M15,C03c,PUWM15C03c,PUWM15C03c,02/01/2012,02/01/2012,1,64,64,1,56,Construct,,,,,Table and model have correct name..review model.,,
P,UW,M15,C02,PUWM15C02,PUWM15C02,03/28/2012,03/29/2012,2,240,241,2,11,Construct,,,,,,,
P,UW,M15,C01,PUWM15C01,PUWM15C01,04/09/2012,04/20/2012,12,825,804,2,34,Construct,Code 02.,"Joining ""C01a"" and ""C01b"" under the name of ""C01"".",Code 02a.,P-P-S-1480-0001,"Model has no separation, uniting a and b",,
P,UW,M15,W09,PUWM15W09,PUWM15W09,05/24/2012,05/25/2012,2,387,396,2,18,Construct,,,,,,,
P,UW,M15,W08,PUWM15W08,PUWM15W08,06/12/2012,06/13/2012,2,345,336,2,6,Construct,,,,,,,
P,UW,M15,W07,PUWM15W07,PUWM15W07,06/19/2012,06/20/2012,2,294,275,2,8,Construct,,,,,,,
P,UW,M15,W06,PUWM15W06,PUWM15W06,06/28/2012,06/28/2012,1,218,208,1,11,Construct,,,,,,,
P,UW,M15,W05,PUWM15W05,PUWM15W05,07/09/2012,07/09/2012,1,227,219,1,5,Construct,,,,,,,
P,UW,M15,W04,PUWM15W04,PUWM15W04,07/14/2012,07/14/2012,1,193,164,1,5,Construct,,,,,,,
P,UW,M15,W03,PUWM15W03,PUWM15W03,07/19/2012,07/20/2012,2,164,159,2,6,Construct,,,,,,,
P,UW,M15,W02,PUWM15W02,PUWM15W02,07/26/2012,07/27/2012,2,137,133,2,743,Construct,,,,,,,
P,UW,M15,W01,PUWM15W01,PUWM15W01,08/09/2014,08/09/2014,1,40,57,1,-1029,Construct,,,,,,,
P,UW,M16,F02,PUWM16F02,PUWM16F02,10/15/2011,10/15/2011,1,733,659,1,10,Construct,,,,,,,
P,UW,M16,F01,PUWM16F01,PUWM16F01,10/25/2011,10/26/2011,2,880,922,2,13,Construct,,,,,,,
P,UW,M16,C04a,PUWM16C04a,PUWM16C04a,11/08/2011,01/31/2012,85,202,202,2,13,Construct,,,,,,,
P,UW,M16,C04b,PUWM16C04b,PUWM16C04b,02/13/2012,02/14/2012,2,224,214,2,2,Construct,,,,,,,
P,UW,M16,C04c,PUWM16C04c,PUWM16C04c,02/16/2012,02/16/2012,1,81,0,1,-2,Construct,,,,,Table and model have correct name..review model.,,
P,UW,M16,C03a,PUWM16C03a,PUWM16C03a,02/14/2012,02/14/2012,1,169,169,1,17,Construct,,,,,,,
P,UW,M16,C03b,PUWM16C03b,PUWM16C03b,03/02/2012,03/02/2012,1,216,216,1,6,Construct,,,,,,,
P,UW,M16,C03c,PUWM16C03c,PUWM16C03c,03/08/2012,03/08/2012,1,75,59,1,102,Construct,,,,,Table and model have correct name..review model.,,
P,UW,M16,C02,PUWM16C02,PUWM16C02,06/18/2012,06/18/2012,1,313,299,1,7,Construct,,,,,,,
P,UW,M16,C01,PUWM16C01,PUWM16C01,06/25/2012,07/03/2012,9,1002,999,2,44,Construct,Code 02.,"Joining ""C01a"" and ""C01b"" under the name of ""C01"".",Code 02a.,P-P-S-1502-0001,"Model has no separation, uniting a and b",,
P,UW,M16,W09,PUWM16W09,PUWM16W09,08/16/2012,08/17/2012,2,514,494,2,17,Construct,,,,,,,
P,UW,M16,W08,PUWM16W08,PUWM16W08,09/03/2012,09/03/2012,1,430,419,1,7,Construct,,,,,,,
P,UW,M16,W07,PUWM16W07,PUWM16W07,09/10/2012,09/11/2012,2,357,344,2,15,Construct,,,,,,,
P,UW,M16,W06,PUWM16W06,PUWM16W06,09/26/2012,09/27/2012,2,268,260,2,19,Construct,,,,,,,
P,UW,M16,W05,PUWM16W05,PUWM16W05,10/16/2012,10/17/2012,2,270,275,2,26,Construct,,,,,,,
P,UW,M16,W04,PUWM16W04,PUWM16W04,11/12/2012,11/12/2012,1,237,206,1,12,Construct,,,,,,,
P,UW,M16,W03,PUWM16W03,PUWM16W03,11/24/2012,11/24/2012,1,193,196,1,362,Construct,,,,,,,
P,UW,M16,W02,PUWM16W02,PUWM16W02,11/21/2013,11/22/2013,2,161,157,2,252,Construct,,,,,,,
P,UW,M16,W01,PUWM16W01,PUWM16W01,08/01/2014,08/01/2014,1,81,79,1,-998,Construct,,,,,,,
P,UW,M17,F02,PUWM17F02,PUWM17F02,11/07/2011,11/08/2011,2,750,659,2,7,Construct,,,,,,,
P,UW,M17,F01,PUWM17F01,PUWM17F01,11/15/2011,11/15/2011,1,880,921,1,49,Construct,,,,,,,
P,UW,M17,C04a,PUWM17C04a,PUWM17C04a,01/03/2012,01/04/2012,2,182.56,182.56,2,52,Construct,,,,,,,
P,UW,M17,C04b,PUWM17C04b,PUWM17C04b,02/25/2012,02/25/2012,1,219,144,1,-19,Construct,,,,,,,
P,UW,M17,C04c,PUWM17C04c,PUWM17C04c,02/06/2012,02/07/2012,2,88,88,2,38,Construct,,,,,Table and model have correct name..review model.,,
P,UW,M17,C03a,PUWM17C03a,PUWM17C03a,03/16/2012,03/16/2012,1,161,153,1,-4,Construct,,,,,,,
P,UW,M17,C03b,PUWM17C03b,PUWM17C03b,03/12/2012,03/12/2012,1,210,210,1,3,Construct,,,,,,,
P,UW,M17,C03c,PUWM17C03c,PUWM17C03c,03/15/2012,03/15/2012,1,81,81,1,56,Construct,,,,,Table and model have correct name..review model.,,
P,UW,M17,C02,PUWM17C02,PUWM17C02,05/10/2012,05/11/2012,2,298,299,2,10,Construct,,,,,,,
P,UW,M17,C01,PUWM17C01,PUWM17C01,05/21/2012,05/29/2012,9,1031,999,2,45,Construct,Code 02.,"Joining ""C01a"" and ""C01b"" under the name of ""C01"".",Code 02a.,P-P-S-1522-0001,"Model has no separation, uniting a and b",,
P,UW,M17,W09,PUWM17W09,PUWM17W09,07/13/2012,07/13/2012,1,503,494,1,8,Construct,,,,,,,
P,UW,M17,W08,PUWM17W08,PUWM17W08,07/21/2012,07/22/2012,2,430,419,2,15,Construct,,,,,,,
P,UW,M17,W07,PUWM17W07,PUWM17W07,08/06/2012,08/06/2012,1,357,344,1,11,Construct,,,,,,,
P,UW,M17,W06,PUWM17W06,PUWM17W06,08/17/2012,08/17/2012,1,273,258,1,11,Construct,,,,,,,
P,UW,M17,W05,PUWM17W05,PUWM17W05,08/28/2012,08/29/2012,2,297,272,2,10,Construct,,,,,,,
P,UW,M17,W04,PUWM17W04,PUWM17W04,09/08/2012,09/08/2012,1,210,205,1,16,Construct,,,,,,,
P,UW,M17,W03,PUWM17W03,PUWM17W03,09/24/2012,09/24/2012,1,217,189,1,17,Construct,,,,,,,
P,UW,M17,W02,PUWM17W02,PUWM17W02,10/11/2012,10/11/2012,1,175,149,1,653,Construct,,,,,,,
P,UW,M17,W01,PUWM17W01,PUWM17W01,07/26/2014,07/26/2014,1,64,65,1,-904,Construct,,,,,,,
P,UW,M18,F02,PUWM18F02,PUWM18F02,02/03/2012,02/03/2012,1,472,392,1,6,Construct,,,,,,,
P,UW,M18,F01,PUWM18F01,PUWM18F01,02/09/2012,02/10/2012,2,552,554,2,25,Construct,,,,,,,
P,UW,M18,C04a,PUWM18C04a,PUWM18C04a,03/06/2012,03/06/2012,1,116,81,1,-3,Construct,,,,,,,
P,UW,M18,C04b,PUWM18C04b,PUWM18C04b,03/03/2012,03/03/2012,1,112,112,1,-4,Construct,,,,,,,
P,UW,M18,C04c,PUWM18C04c,PUWM18C04c,02/28/2012,02/28/2012,1,56.5,57,1,34,Construct,,,,,Table and model have correct name..review model.,,
P,UW,M18,C03a,PUWM18C03a,PUWM18C03a,04/02/2012,04/03/2012,2,113,113,2,8,Construct,,,,,,,
P,UW,M18,C03b,PUWM18C03b,PUWM18C03b,04/11/2012,04/11/2012,1,121,94,1,-11,Construct,,,,,,,
P,UW,M18,C03c,PUWM18C03c,PUWM18C03c,03/31/2012,03/31/2012,1,52,52,1,82,Construct,,,,,Table and model have correct name..review model.,,
P,UW,M18,C02,PUWM18C02,PUWM18C02,06/21/2012,06/21/2012,1,176,179,1,5,Construct,,,,,,,
P,UW,M18,C01,PUWM18C01,PUWM18C01,06/26/2012,07/05/2012,10,614,602,3,391,Construct,Code 02.,"Joining ""C01a"" and ""C01b"" under the name of ""C01"".",Code 02a.,P-P-S-1542-0001,"Model has no separation, uniting a and b",,
P,UW,M18,W09,PUWM18W09,PUWM18W09,07/31/2013,07/31/2013,1,281,293,1,19,Construct,,,,,,,
P,UW,M18,W08,PUWM18W08,PUWM18W08,08/19/2013,08/20/2013,2,238,247,2,22,Construct,,,,,,,
P,UW,M18,W07,PUWM18W07,PUWM18W07,09/11/2013,09/11/2013,1,199,202,1,19,Construct,,,,,,,
P,UW,M18,W06,PUWM18W06,PUWM18W06,09/30/2013,09/30/2013,1,169,151,1,14,Construct,,,,,,,
P,UW,M18,W05,PUWM18W05,PUWM18W05,10/14/2013,10/14/2013,1,152,158,1,4,Construct,,,,,,,
P,UW,M18,W04,PUWM18W04,PUWM18W04,10/18/2013,10/18/2013,1,117,111,1,21,Construct,,,,,,,
P,UW,M18,W03,PUWM18W03,PUWM18W03,11/08/2013,11/08/2013,1,112,115,1,10,Construct,,,,,,,
P,UW,M18,W02,PUWM18W02,PUWM18W02,11/18/2013,11/18/2013,1,113,102,1,234,Construct,,,,,,,
P,UW,M18,W01,PUWM18W01,PUWM18W01,07/10/2014,07/10/2014,1,73,41,1,-678,Construct,,,,,,,
P,UW,M19,F02,PUWM19F02,PUWM19F02,08/31/2012,09/01/2012,2,752,755,2,16,Construct,,,,,,,
P,UW,M19,F01,PUWM19F01,PUWM19F01,09/17/2012,09/18/2012,2,1144,1155,2,37,Construct,,,,,,,
P,UW,M19,C04a,PUWM19C04a,PUWM19C04a,10/25/2012,10/25/2012,1,229,220,1,98,Construct,,,,,"model has wrong name, correct.",,
P,UW,M19,C04b,PUWM19C04b,PUWM19C04b,01/31/2013,01/31/2013,1,233,224,1,-28,Construct,,,,,,,
P,UW,M19,C04c,PUWM19C04c,PUWM19C04c,01/03/2013,01/03/2013,1,137,137,1,-15,Construct,,,,,"model has wrong name, correct.",,
P,UW,M19,C03a,PUWM19C03a,PUWM19C03a,12/19/2012,12/19/2012,1,233,221,1,72,Construct,,,,,"model has wrong name, correct.",,
P,UW,M19,C03b,PUWM19C03b,PUWM19C03b,03/01/2013,03/02/2013,2,263,295,2,-39,Construct,,,,,,,
P,UW,M19,C03c,PUWM19C03c,PUWM19C03c,01/22/2013,01/23/2013,2,154,111,2,110,Construct,,,,,"model has wrong name, correct.",,
P,UW,M19,C02,PUWM19C02,PUWM19C02,05/13/2013,05/13/2013,1,409,405,1,3,Construct,,,,,,,
P,UW,M19,C01,PUWM19C01,PUWM19C01,05/16/2013,05/27/2013,12,1415,1433,4,15,Construct,Code 02.,"Joining ""C01a"" and ""C01b"" under the name of ""C01"".",Code 02a.,P-P-S-1562-0001,"Model has no separation, uniting a and b",,
P,UW,M19,W09,PUWM19W09,PUWM19W09,06/11/2013,06/13/2013,3,696,649,3,25,Construct,,,,,,,
P,UW,M19,W08,PUWM19W08,PUWM19W08,07/08/2013,07/08/2013,1,578,545,1,11,Construct,,,,,,,
P,UW,M19,W07,PUWM19W07,PUWM19W07,07/19/2013,07/20/2013,2,445,441,2,24,Construct,,,,,,,
P,UW,M19,W06,PUWM19W06,PUWM19W06,08/13/2013,08/14/2013,2,336,387,2,19,Construct,,,,,,,
P,UW,M19,W05,PUWM19W05,PUWM19W05,09/02/2013,09/02/2013,1,351,360,1,16,Construct,,,,,,,
P,UW,M19,W04,PUWM19W04,PUWM19W04,09/18/2013,09/19/2013,2,244,249,2,21,Construct,,,,,,,
P,UW,M19,W03,PUWM19W03,PUWM19W03,10/10/2013,10/10/2013,1,245,253,1,19,Construct,,,,,,,
P,UW,M19,W02,PUWM19W02,PUWM19W02,10/29/2013,10/30/2013,2,241,251,2,286,Construct,,,,,,,
P,UW,M19,W01,PUWM19W01,PUWM19W01,08/12/2014,08/13/2014,2,110,109,2,-915,Construct,,,,,,,
P,UW,M20,F02,PUWM20F02,PUWM20F02,02/10/2012,02/11/2012,2,863.98,809.98,2,13,Construct,,,,,,,
P,UW,M20,F01,PUWM20F01,PUWM20F01,02/24/2012,02/25/2012,2,840,910,2,136,Construct,,,,,,,
P,UW,M20,C04a,PUWM20C04a,PUWM20C04a,07/10/2012,08/02/2012,24,221,193,2,-51,Construct,,,,,,,
P,UW,M20,C04b,PUWM20C04b,PUWM20C04b,06/12/2012,06/12/2012,1,180,180,1,50,Construct,,,,,,,
P,UW,M20,C04c,PUWM20C04c,PUWM20C04c,08/01/2012,08/01/2012,1,69,24,1,-5,Construct,,,,,Table and model have correct name..review model.,,
P,UW,M20,C03a,PUWM20C03a,PUWM20C03a,07/27/2012,07/27/2012,1,169,169,1,-9,Construct,,,,,,,
P,UW,M20,C03b,PUWM20C03b,PUWM20C03b,07/18/2012,07/18/2012,1,180,180,1,23,Construct,,,,,,,
P,UW,M20,C03c,PUWM20C03c,PUWM20C03c,08/10/2012,08/10/2012,1,86,78,1,14,Construct,,,,,Table and model have correct name..review model.,,
P,UW,M20,C02,PUWM20C02,PUWM20C02,08/24/2012,08/24/2012,1,308,294,1,7,Construct,,,,,,,
P,UW,M20,C01,PUWM20C01,PUWM20C01,08/31/2012,09/08/2012,9,994,985,4,175,Construct,Code 02.,"Joining ""C01a"" and ""C01b"" under the name of ""C01"".",Code 02a.,P-P-S-1622-0001,"Model has no separation, uniting a and b",,
P,UW,M20,W09,PUWM20W09,PUWM20W09,03/02/2013,03/02/2013,1,457,488,1,10,Construct,,,,,,,
P,UW,M20,W08,PUWM20W08,PUWM20W08,03/12/2013,03/13/2013,2,417,413,2,10,Construct,,,,,,,
P,UW,M20,W07,PUWM20W07,PUWM20W07,03/23/2013,03/23/2013,1,320,339,1,10,Construct,,,,,,,
P,UW,M20,W06,PUWM20W06,PUWM20W06,04/02/2013,04/02/2013,1,252,246,1,11,Construct,,,,,,,
P,UW,M20,W05,PUWM20W05,PUWM20W05,04/13/2013,04/13/2013,1,292,258,1,12,Construct,,,,,,,
P,UW,M20,W04,PUWM20W04,PUWM20W04,04/25/2013,04/26/2013,2,204,191,2,12,Construct,,,,,,,
P,UW,M20,W03,PUWM20W03,PUWM20W03,05/08/2013,05/08/2013,1,196,191,1,10,Construct,,,,,,,
P,UW,M20,W02,PUWM20W02,PUWM20W02,05/18/2013,05/18/2013,1,176,173,1,419,Construct,,,,,,,
P,UW,M20,W01,PUWM20W01,PUWM20W01,07/11/2014,07/11/2014,1,85,76,1,-1038,Construct,,,,,,,
P,UW,M21,F02,PUWM21F02,PUWM21F02,09/07/2011,09/07/2011,1,668,658,1,13,Construct,,,,,,,
P,UW,M21,F01,PUWM21F01,PUWM21F01,09/20/2011,10/05/2011,16,941,918,2,47,Construct,Code 02.,"Joining ""F01"" and ""F01 Chamfer"" under the name of ""F01"".",Code 02a.,P-P-S-1641-0002,"Model has no ""a"" in the name, joining pours",,
P,UW,M21,C04a,PUWM21C04a,PUWM21C04a,11/21/2011,11/21/2011,1,178,178,1,112,Construct,,,,,,,
P,UW,M21,C04b,PUWM21C04b,PUWM21C04b,03/12/2012,03/13/2012,2,232,159,2,-108,Construct,,,,,,,
P,UW,M21,C04c,PUWM21C04c,PUWM21C04c,11/26/2011,11/26/2011,1,80,80,1,5,Construct,,,,,Table and model have correct name..review model.,,
P,UW,M21,C03a,PUWM21C03a,PUWM21C03a,12/01/2011,12/01/2011,1,168,168,1,119,Construct,,,,,,,
P,UW,M21,C03b,PUWM21C03b,PUWM21C03b,03/29/2012,03/29/2012,1,214,195,1,-114,Construct,,,,,,,
P,UW,M21,C03c,PUWM21C03c,PUWM21C03c,12/06/2011,12/07/2011,2,82,82,2,176,Construct,,,,,Table and model have correct name..review model.,,
P,UW,M21,C02,PUWM21C02,PUWM21C02,05/31/2012,05/31/2012,1,328,299,1,7,Construct,,,,,,,
P,UW,M21,C01,PUWM21C01,PUWM21C01,06/07/2012,06/22/2012,16,1025,998,4,301,Construct,Code 02.,"Joining ""C01a"" and ""C01b"" under the name of ""C01"".",Code 02a.,P-P-S-1641-0002,"Model has no separation, uniting a and b",,
P,UW,M21,W09,PUWM21W09,PUWM21W09,04/19/2013,04/19/2013,1,483,488,1,8,Construct,,,,,,,
P,UW,M21,W08,PUWM21W08,PUWM21W08,04/27/2013,04/27/2013,1,424,419,1,11,Construct,,,,,,,
P,UW,M21,W07,PUWM21W07,PUWM21W07,05/08/2013,05/09/2013,2,328,344,2,13,Construct,,,,,,,
P,UW,M21,W06,PUWM21W06,PUWM21W06,05/22/2013,05/22/2013,1,264,268,1,9,Construct,,,,,,,
P,UW,M21,W05,PUWM21W05,PUWM21W05,05/31/2013,06/01/2013,2,272,274,2,7,Construct,,,,,,,
P,UW,M21,W04,PUWM21W04,PUWM21W04,06/08/2013,06/08/2013,1,192,184,1,11,Construct,,,,,,,
P,UW,M21,W03,PUWM21W03,PUWM21W03,06/19/2013,06/19/2013,1,204,183,1,7,Construct,,,,,,,
P,UW,M21,W02,PUWM21W02,PUWM21W02,06/26/2013,06/26/2013,1,152,163,1,390,Construct,,,,,,,
P,UW,M21,W01,PUWM21W01,PUWM21W01,07/21/2014,07/21/2014,1,82,60,1,-1004,Construct,,,,,,,
P,UW,M22,F02,PUWM22F02,PUWM22F02,10/21/2011,10/22/2011,2,696,658,2,6,Construct,,,,,,,
P,UW,M22,F01,PUWM22F01,PUWM22F01,10/28/2011,11/16/2011,20,919,918,4,389,Construct,,,,,"Model has no ""a"" in the name, joining pours",,
P,UW,M22,C04a,PUWM22C04a,PUWM22C04a,12/09/2012,12/09/2012,1,184,184,1,-300,Construct,,,,,,,
P,UW,M22,C04b,PUWM22C04b,PUWM22C04b,02/13/2012,02/13/2012,1,224,135,1,-72,Construct,,,,,,,
P,UW,M22,C04c,PUWM22C04c,PUWM22C04c,12/03/2011,12/03/2011,1,96,96,3,27,Construct,,,,,Table and model have correct name..review model.,,
P,UW,M22,C03a,PUWM22C03a,PUWM22C03a,12/30/2011,01/05/2012,7,197.02,197,3,61,Construct,,,,,,,
P,UW,M22,C03b,PUWM22C03b,PUWM22C03b,03/06/2012,03/06/2012,1,207,163,1,-67,Construct,,,,,,,
P,UW,M22,C03c,PUWM22C03c,PUWM22C03c,12/30/2011,12/30/2011,1,83,83,1,193,Construct,,,,,Table and model have correct name..review model.,,
P,UW,M22,C02,PUWM22C02,PUWM22C02,07/10/2012,07/11/2012,2,320,298,2,6,Construct,,,,,,,
P,UW,M22,C01,PUWM22C01,PUWM22C01,07/17/2012,07/31/2012,15,1002,998,3,30,Construct,Code 02.,"Joining ""C01a"" and ""C01b"" under the name of ""C01"".",Code 02a.,P-P-S-1592-0001,"Model has no separation, uniting a and b",,
P,UW,M22,W09,PUWM22W09,PUWM22W09,08/30/2012,08/31/2012,2,579,494,2,14,Construct,,,,,,,
P,UW,M22,W08,PUWM22W08,PUWM22W08,09/14/2012,09/15/2012,2,414,419,2,154,Construct,,,,,,,
P,UW,M22,W07,PUWM22W07,PUWM22W07,02/16/2013,02/16/2013,1,344,344,1,9,Construct,,,,,,,
P,UW,M22,W06,PUWM22W06,PUWM22W06,02/25/2013,02/25/2013,1,256,260,1,9,Construct,,,,,,,
P,UW,M22,W05,PUWM22W05,PUWM22W05,03/06/2013,03/06/2013,1,256,275,1,10,Construct,,,,,,,
P,UW,M22,W04,PUWM22W04,PUWM22W04,03/16/2013,03/16/2013,1,208,206,1,17,Construct,,,,,,,
P,UW,M22,W03,PUWM22W03,PUWM22W03,04/02/2013,04/03/2013,2,209,196,2,7,Construct,,,,,,,
P,UW,M22,W02,PUWM22W02,PUWM22W02,04/10/2013,04/10/2013,1,166,157,1,484,Construct,,,,,,,
P,UW,M22,W01,PUWM22W01,PUWM22W01,08/07/2014,08/07/2014,1,78,80,1,-1044,Construct,,,,,,,
P,UW,M23,F02,PUWM23F02,PUWM23F02,09/28/2011,09/28/2011,1,1144,996,1,12,Construct,,,,,,,
P,UW,M23,F01,PUWM23F01,PUWM23F01,10/10/2011,01/11/2013,460,984,959,8,-29,Construct,,,,,"Model has no separation, uniting a, b, and c",,
P,UW,M23,C04a,PUWM23C04a,PUWM23C04a,12/13/2012,12/13/2012,1,177,177,1,35,Construct,,,,,,,
P,UW,M23,C04b,PUWM23C04b,PUWM23C04b,01/17/2013,01/18/2013,2,376,366,2,-1,Construct,,,,,,,
P,UW,M23,C04c,PUWM23C04c,PUWM23C04c,01/17/2013,01/18/2013,2,0,0,0,-22,Construct,Code 01.,"A new row was created under the name of ""W04"" with 0 quantities and with the dates of the previous lift plus one day.",Code 01a.,P-P-S-1661-0002,,,
P,UW,M23,C03a,PUWM23C03a,PUWM23C03a,12/27/2012,12/27/2012,1,161,151,1,40,Construct,,,,,,,
P,UW,M23,C03b,PUWM23C03b,PUWM23C03b,02/05/2013,02/05/2013,1,280,300,1,0,Construct,,,,,,,
P,UW,M23,C03c,PUWM23C03c,PUWM23C03c,02/05/2013,02/05/2013,1,0,0,0,90,Construct,Code 01.,"A new row was created under the name of ""W04"" with 0 quantities and with the dates of the previous lift plus one day.",Code 01a.,P-P-S-1661-0002,,,
P,UW,M23,C02,PUWM23C02,PUWM23C02,05/06/2013,05/07/2013,2,241,230,2,2,Construct,,,,,,,
P,UW,M23,C01,PUWM23C01,PUWM23C01,05/09/2013,05/23/2013,15,1487,1595,4,13,Construct,Code 02.,"Joining ""C01a"", ""C01b"" and ""C01b (2nd stage)"" under the name of ""C01"".",Code 02a.,P-P-S-1661-0002,"Model has no separation, uniting a and b",,
P,UW,M23,W09,PUWM23W09,PUWM23W09,06/05/2013,06/05/2013,1,550,579,1,24,Construct,,,,,,,
P,UW,M23,W08,PUWM23W08,PUWM23W08,06/29/2013,06/29/2013,1,484,485,1,10,Construct,,,,,,,
P,UW,M23,W07,PUWM23W07,PUWM23W07,07/09/2013,07/10/2013,2,344,398,2,19,Construct,,,,,,,
P,UW,M23,W06,PUWM23W06,PUWM23W06,07/29/2013,07/29/2013,1,332,300,1,7,Construct,,,,,,,
P,UW,M23,W05,PUWM23W05,PUWM23W05,08/05/2013,08/05/2013,1,312,300,1,15,Construct,,,,,,,
P,UW,M23,W04,PUWM23W04,PUWM23W04,08/20/2013,08/21/2013,2,263,236,2,5,Construct,,,,,,,
P,UW,M23,W03,PUWM23W03,PUWM23W03,08/26/2013,08/27/2013,2,200,218,2,6,Construct,,,,,,,
P,UW,M23,W02,PUWM23W02,PUWM23W02,09/02/2013,09/02/2013,1,176,180,1,350,Construct,,,,,,,
P,UW,M23,W01,PUWM23W01,PUWM23W01,08/18/2014,08/19/2014,2,75,71,2,,Construct,,,,,,,
